-- phpMyAdmin SQL Dump
-- version 2.11.9.2
-- http://www.phpmyadmin.net
--
-- 主机: 127.0.0.1:3306
-- 生成日期: 2010 年 12 月 06 日 08:19
-- 服务器版本: 5.1.28
-- PHP 版本: 5.2.6

SET SQL_MODE="NO_AUTO_VALUE_ON_ZERO";

--
-- 数据库: `dc`
--

-- --------------------------------------------------------

--
-- 表的结构 `dc_admin`
--

DROP TABLE IF EXISTS `dc_admin`;
CREATE TABLE IF NOT EXISTS `dc_admin` (
  `id` mediumint(8) unsigned NOT NULL AUTO_INCREMENT,
  `username` varchar(24) NOT NULL DEFAULT '',
  `password` varchar(32) NOT NULL DEFAULT '',
  `email` varchar(60) NOT NULL DEFAULT '',
  `key` tinyint(3) NOT NULL DEFAULT '0',
  `is_founder` char(1) NOT NULL DEFAULT '',
  `areacode` int(8) NOT NULL DEFAULT '0',
  `admin_powers` text NOT NULL,
  `loginip` varchar(20) NOT NULL,
  `logintime` int(10) NOT NULL,
  `logincount` int(5) NOT NULL,
  `userid` mediumint(8) NOT NULL,
  `roleid` int(8) NOT NULL,
  `parentid` int(8) NOT NULL,
  PRIMARY KEY (`id`),
  UNIQUE KEY `adminname` (`username`)
) ENGINE=MyISAM  DEFAULT CHARSET=utf8 ;

--
-- 导出表中的数据 `dc_admin`
--

INSERT INTO `dc_admin` (`id`, `username`, `password`, `email`, `key`, `is_founder`, `areacode`, `admin_powers`, `loginip`, `logintime`, `logincount`, `userid`, `roleid`, `parentid`) VALUES
(1, 'admin', 'e10adc3949ba59abbe56e057f20f883e', '511589173@qq.com', 1, '1', 0, '85,89,90,91,115,116,86,93', '127.0.0.1', 1291623339, 0, 0, 4, 0),
(2, 'bjs', 'e10adc3949ba59abbe56e057f20f883e', 'bjs@legoule.com', 0, '', 10, '', 'loginip', 1267686925, 0, 0, 1, 0),
(3, 'gds', 'e10adc3949ba59abbe56e057f20f883e', 'gds@legoule.com', 0, '', 28, '', 'loginip', 1272335950, 0, 0, 1, 0),
(4, '800106', '802b89a4f95f1a3b15701227f3c10821', '1004244156@QQ.com', 0, '', 280104, '', 'loginip', 1272696825, 0, 0, 3, 0),
(5, 'zyc', '6e1c8516232b0c5b487c0e74bf9b5289', '', 0, '', 0, '', 'loginip', 1269944088, 0, 0, 4, 0),
(6, 'qdlin1829', '0908e90265df442032142aa026c2ebc2', '', 0, '', 0, '', 'loginip', 1273145539, 0, 0, 5, 0),
(7, 'zzm', 'e10adc3949ba59abbe56e057f20f883e', '', 0, '', 0, '', 'loginip', 1270262785, 0, 0, 4, 0),
(8, 'henter', 'e10adc3949ba59abbe56e057f20f883e', 'henterchow@gmail.com', 0, '', 28, '', '127.0.0.1', 1288073380, 0, 0, 4, 0),
(9, '330800', 'a1a676c761a072b4b35e2d3657994f5c', 'Mfx806630223@126.com', 0, '', 2008, '', 'loginip', 1273194529, 0, 0, 2, 0),
(10, '830626', 'ff2dee52b31b5cad994b610db8800901', '358126520@qq.com', 0, '', 270607, '', '', 0, 0, 0, 3, 0),
(11, '420700', 'e1acfdf713c8c673b92f8fabc54f6093', '18971988808@189.cn', 0, '', 2606, '', 'loginip', 1273133009, 0, 0, 2, 0),
(12, '510181', 'b7eb2451f9644a1946bb1ab86c35445b', 'GJ_266@163.COM', 0, '', 320116, '85,89,90,91,115,116,86,93', 'loginip', 1272795428, 0, 0, 3, 0),
(13, '510124', 'f9e596a5ce79c12a815354a6e6ba074f', 'GJ_266@163.COM', 0, '', 320112, '', '', 0, 0, 0, 3, 0),
(14, 'zhouchunlin', 'e10adc3949ba59abbe56e057f20f883e', '123456', 0, '', 0, '', 'loginip', 1272101801, 0, 0, 5, 0);

-- --------------------------------------------------------

--
-- 表的结构 `dc_admin_role`
--

DROP TABLE IF EXISTS `dc_admin_role`;
CREATE TABLE IF NOT EXISTS `dc_admin_role` (
  `id` mediumint(8) unsigned NOT NULL AUTO_INCREMENT,
  `rolename` char(20) NOT NULL,
  `powers` text NOT NULL,
  `disabled` tinyint(1) NOT NULL DEFAULT '0',
  PRIMARY KEY (`id`)
) ENGINE=MyISAM  DEFAULT CHARSET=utf8;

--
-- 导出表中的数据 `dc_admin_role`
--

INSERT INTO `dc_admin_role` (`id`, `rolename`, `powers`, `disabled`) VALUES
(1, '省级代理', '101,102,103,104,105,85,89,90,91,115,116,86,93,94,87,95,96,117,118,88,97,114,119', 0),
(2, '市级代理', '101,102,103,104,105,85,89,90,91,115,116,86,93,94,87,95,96,117,118,88,97,114,119', 0),
(3, '区级代理', '101,102,103,104,105,85,89,90,91,115,116,86,93,94,87,95,96,117,118,88,97,114,119', 0),
(4, '超级管理员', '2,51,46,47,48,50,3,13,17,29,18,14,10,28,4,30,32,33,34,78,98,31,36,37,100,5,52,99,54,55,49,56,57,58,59,60,61,62,63,64,65,66,67,68,82,83,120,69,70,72,73,6,9,11,26,27,106,108,109,110,111,112,113,127,128,129,131,132,133,8,38,41,130,42,43,44,45,126,40,121,122,123,124,125', 0),
(5, '高级管理员', '2,47,48,4,30,32,33,34,78,98,5,52,99,54,55,49,56,57,58,59,60,61,62,63,64,65,66,67,68,82,83,69,70,72,73,6,106,108,109,110,111,112,113,127,129,131,132,133,8,38,41,130,42,43,40,121', 0),
(6, '初级管理员', '4,30,32,5,52,99,54,55,56,57,58,59,60,61,62,63,64,65,66,67,68,69,70,72,73,6,127,129,131,132,133', 0);

-- --------------------------------------------------------

--
-- 表的结构 `dc_ads`
--

DROP TABLE IF EXISTS `dc_ads`;
CREATE TABLE IF NOT EXISTS `dc_ads` (
  `adsid` mediumint(8) unsigned NOT NULL AUTO_INCREMENT,
  `adsname` varchar(40) NOT NULL,
  `introduce` varchar(255) NOT NULL,
  `placeid` mediumint(8) unsigned NOT NULL DEFAULT '0',
  `type` varchar(10) NOT NULL,
  `linkurl` varchar(100) NOT NULL,
  `imageurl` varchar(100) NOT NULL,
  `s_imageurl` varchar(100) NOT NULL,
  `alt` varchar(20) NOT NULL,
  `flashurl` varchar(100) NOT NULL,
  `wmode` varchar(20) NOT NULL,
  `htmlcode` text NOT NULL,
  `code` text NOT NULL,
  `fromdate` int(10) unsigned NOT NULL DEFAULT '0',
  `todate` int(10) unsigned NOT NULL DEFAULT '0',
  `username` char(20) NOT NULL,
  `addtime` int(10) unsigned NOT NULL DEFAULT '0',
  `views` int(10) unsigned NOT NULL DEFAULT '0',
  `clicks` mediumint(8) unsigned NOT NULL DEFAULT '0',
  `passed` tinyint(1) unsigned NOT NULL DEFAULT '0',
  `status` tinyint(1) unsigned NOT NULL DEFAULT '1',
  `areacode` int(8) NOT NULL,
  `adminid` int(8) NOT NULL,
  PRIMARY KEY (`adsid`),
  KEY `fromdate` (`fromdate`,`todate`),
  KEY `placeid` (`placeid`,`passed`,`fromdate`,`todate`,`username`),
  KEY `username` (`username`,`passed`)
) ENGINE=MyISAM  DEFAULT CHARSET=utf8;

--
-- 导出表中的数据 `dc_ads`
--

INSERT INTO `dc_ads` (`adsid`, `adsname`, `introduce`, `placeid`, `type`, `linkurl`, `imageurl`, `s_imageurl`, `alt`, `flashurl`, `wmode`, `htmlcode`, `code`, `fromdate`, `todate`, `username`, `addtime`, `views`, `clicks`, `passed`, `status`, `areacode`, `adminid`) VALUES
(1, '用心做好别人需要服务的服务', '', 1, 'flash', '', '', '', '', 'uploadfile/2010/0311/20100311023742585.swf', 'transparent', '', '', 1268236800, 1999958400, '', 1268289470, 0, 0, 1, 1, 0, 0),
(2, '麦芮蜜婚沙摄影(天河店)', '', 2, 'image', 'http://dazhe.legoule.com/shop/shop.php?id=122', 'uploadfile/2010/0424/20100424044926593.gif', '', '', '', 'transparent', '', '', 1271865600, 1999958400, '', 1271919913, 0, 0, 1, 1, 0, 0),
(5, '时尚潮流 尽在消费联盟', '', 7, 'image', 'http://dazhe.legoule.com', 'templates/main/new/images/fashion.png', '', '', '', 'transparent', '', '', 1272211200, 2000000000, '', 1272245644, 0, 0, 1, 1, 0, 0),
(4, '不同城市 一样如爱', '', 4, 'image', 'http://dazhe.legoule.com/shop/shop.php?id=113', 'uploadfile/2010/0426/20100426114114169.png', '', '', '', 'transparent', '', '', 1272211200, 1999958400, '', 1272245540, 0, 0, 1, 1, 0, 0);

-- --------------------------------------------------------

--
-- 表的结构 `dc_ads_place`
--

DROP TABLE IF EXISTS `dc_ads_place`;
CREATE TABLE IF NOT EXISTS `dc_ads_place` (
  `placeid` mediumint(8) unsigned NOT NULL AUTO_INCREMENT,
  `placename` char(50) NOT NULL,
  `template` char(30) NOT NULL DEFAULT '0',
  `introduce` char(100) NOT NULL,
  `price` mediumint(8) unsigned NOT NULL DEFAULT '0',
  `items` smallint(4) unsigned NOT NULL DEFAULT '0',
  `width` smallint(4) unsigned NOT NULL DEFAULT '0',
  `height` smallint(4) unsigned NOT NULL DEFAULT '0',
  `passed` tinyint(1) unsigned NOT NULL DEFAULT '1',
  `option` tinyint(1) unsigned NOT NULL DEFAULT '1',
  PRIMARY KEY (`placeid`)
) ENGINE=MyISAM  DEFAULT CHARSET=utf8;

--
-- 导出表中的数据 `dc_ads_place`
--

INSERT INTO `dc_ads_place` (`placeid`, `placename`, `template`, `introduce`, `price`, `items`, `width`, `height`, `passed`, `option`) VALUES
(1, '首页上方横幅', 'ads', '', 0, 1, 960, 70, 1, 0),
(2, '新首页美容广告', 'ads', '美容婚庆栏目', 0, 1, 255, 175, 1, 0),
(3, '新首页全站通栏', 'ads', '位于区域选择下方 通栏广告', 0, 0, 960, 100, 1, 0),
(4, '新首页通栏1', 'ads', '位于推荐商铺下方 960x120', 0, 1, 960, 120, 1, 0),
(5, '新首页通栏2', 'ads', '位于酒店旅行下方 960x100', 0, 0, 960, 100, 1, 0),
(6, '新首页通栏3', 'ads', '位于美容婚庆下方 960x100', 0, 0, 960, 100, 1, 0),
(7, '新首页通栏4', 'ads', '位于休闲娱乐下方 960x60', 0, 1, 960, 60, 1, 0),
(8, '广东省首页文字6', 'ads', '', 0, 0, 100, 100, 1, 0),
(9, '广东省首页文字7', 'ads', '', 0, 0, 100, 100, 1, 0),
(10, '广东省首页文字8', 'ads', '', 0, 0, 100, 100, 1, 0),
(11, '广东省首页文字9', 'ads', '', 0, 0, 100, 100, 1, 0);

-- --------------------------------------------------------

--
-- 表的结构 `dc_ads_stat`
--

DROP TABLE IF EXISTS `dc_ads_stat`;
CREATE TABLE IF NOT EXISTS `dc_ads_stat` (
  `id` int(10) unsigned NOT NULL AUTO_INCREMENT,
  `adsid` mediumint(8) unsigned NOT NULL DEFAULT '0',
  `username` char(20) NOT NULL,
  `area` char(40) NOT NULL,
  `ip` char(15) NOT NULL,
  `referer` char(120) NOT NULL,
  `clicktime` int(10) unsigned NOT NULL DEFAULT '0',
  `type` tinyint(1) unsigned NOT NULL DEFAULT '1',
  PRIMARY KEY (`id`),
  KEY `adsid` (`adsid`,`type`,`ip`)
) ENGINE=MyISAM DEFAULT CHARSET=utf8;

--
-- 导出表中的数据 `dc_ads_stat`
--


-- --------------------------------------------------------

--
-- 表的结构 `dc_area`
--

DROP TABLE IF EXISTS `dc_area`;
CREATE TABLE IF NOT EXISTS `dc_area` (
  `aid` mediumint(8) unsigned NOT NULL AUTO_INCREMENT,
  `areaname` varchar(16) NOT NULL DEFAULT '',
  `mappoint` varchar(50) NOT NULL DEFAULT '',
  `areacode` int(8) NOT NULL,
  `template` varchar(10) NOT NULL,
  `domain` varchar(50) NOT NULL,
  `setting` text NOT NULL,
  `listorder` smallint(5) unsigned NOT NULL DEFAULT '999',
  `status` tinyint(1) NOT NULL,
  PRIMARY KEY (`aid`),
  KEY `areacode` (`aid`,`listorder`)
) ENGINE=MyISAM  DEFAULT CHARSET=utf8;

--
-- 导出表中的数据 `dc_area`
--

INSERT INTO `dc_area` (`aid`, `areaname`, `mappoint`, `areacode`, `template`, `domain`, `setting`, `listorder`, `status`) VALUES
(1, '北京', '23.176660649164397,113.25702667236328', 10, 'new', '', 'array (\n  ''title'' => ''北京消费联盟'',\n  ''keywords'' => ''北京 消费 联盟'',\n  ''description'' => ''北京消费联盟官方站'',\n  ''headhtml'' => '''',\n  ''hotwords'' => '''',\n)', 0, 1),
(3, '东城区', '', 1001, '', '', '', 0, 1),
(4, '西城区', '', 1002, '', '', '', 0, 1),
(5, '崇文区', '', 1003, '', '', '', 0, 1),
(6, '宣武区', '', 1004, '', '', '', 0, 1),
(7, '朝阳区', '', 1005, '', '', '', 0, 1),
(8, '丰台区', '', 1006, '', '', '', 0, 1),
(9, '石景山区', '', 1007, '', '', '', 0, 1),
(10, '海淀区', '', 1008, '', '', '', 0, 1),
(11, '门头沟区', '', 1009, '', '', '', 0, 1),
(12, '房山区', '', 1010, '', '', '', 0, 1),
(13, '通州区', '', 1011, '', '', '', 0, 1),
(14, '顺义区', '', 1012, '', '', '', 0, 1),
(15, '昌平区', '', 1013, '', '', '', 0, 1),
(16, '大兴区', '', 1014, '', '', '', 0, 1),
(17, '怀柔区', '', 1015, '', '', '', 0, 1),
(18, '平谷区', '', 1016, '', '', '', 0, 1),
(22, '天津', '', 11, '', '', '', 0, 1),
(24, '和平区', '', 1101, '', '', '', 0, 1),
(25, '河东区', '', 1102, '', '', '', 0, 1),
(26, '河西区', '', 1103, '', '', '', 0, 1),
(27, '南开区', '', 1104, '', '', '', 0, 1),
(28, '河北区', '', 1105, '', '', '', 0, 1),
(29, '红桥区', '', 1106, '', '', '', 0, 1),
(30, '塘沽区', '', 1107, '', '', '', 0, 1),
(31, '汉沽区', '', 1108, '', '', '', 0, 1),
(32, '大港区', '', 1109, '', '', '', 0, 1),
(33, '东丽区', '', 1110, '', '', '', 0, 1),
(34, '西青区', '', 1111, '', '', '', 0, 1),
(35, '津南区', '', 1112, '', '', '', 0, 1),
(36, '北辰区', '', 1113, '', '', '', 0, 1),
(37, '武清区', '', 1114, '', '', '', 0, 1),
(38, '宝坻区', '', 1115, '', '', '', 0, 1),
(43, '河北省', '', 12, '', '', '', 0, 1),
(44, '石家庄', '', 1201, '', '', '', 0, 1),
(45, '长安区', '', 120101, '', '', '', 0, 1),
(46, '桥东区', '', 120102, '', '', '', 0, 1),
(47, '桥西区', '', 120103, '', '', '', 0, 1),
(48, '新华区', '', 120104, '', '', '', 0, 1),
(49, '井陉矿区', '', 120105, '', '', '', 0, 1),
(50, '裕华区', '', 120106, '', '', '', 0, 1),
(51, '井陉县', '', 120107, '', '', '', 0, 1),
(52, '正定县', '', 120108, '', '', '', 0, 1),
(53, '栾城县', '', 120109, '', '', '', 0, 1),
(54, '行唐县', '', 120110, '', '', '', 0, 1),
(55, '灵寿县', '', 120111, '', '', '', 0, 1),
(56, '高邑县', '', 120112, '', '', '', 0, 1),
(57, '深泽县', '', 120113, '', '', '', 0, 1),
(58, '赞皇县', '', 120114, '', '', '', 0, 1),
(59, '无极县', '', 120115, '', '', '', 0, 1),
(60, '平山县', '', 120116, '', '', '', 0, 1),
(61, '元氏县', '', 120117, '', '', '', 0, 1),
(62, '赵县', '', 120118, '', '', '', 0, 1),
(63, '辛集', '', 120119, '', '', '', 0, 1),
(64, '藁城', '', 120120, '', '', '', 0, 1),
(65, '晋州', '', 120121, '', '', '', 0, 1),
(66, '新乐', '', 120122, '', '', '', 0, 1),
(67, '鹿泉', '', 120123, '', '', '', 0, 1),
(68, '唐山', '', 1202, '', '', '', 0, 1),
(69, '路南区', '', 120201, '', '', '', 0, 1),
(70, '路北区', '', 120202, '', '', '', 0, 1),
(71, '古冶区', '', 120203, '', '', '', 0, 1),
(72, '开平区', '', 120204, '', '', '', 0, 1),
(73, '丰南区', '', 120205, '', '', '', 0, 1),
(74, '丰润区', '', 120206, '', '', '', 0, 1),
(75, '滦县', '', 120207, '', '', '', 0, 1),
(76, '滦南县', '', 120208, '', '', '', 0, 1),
(77, '乐亭县', '', 120209, '', '', '', 0, 1),
(78, '迁西县', '', 120210, '', '', '', 0, 1),
(79, '玉田县', '', 120211, '', '', '', 0, 1),
(80, '唐海县', '', 120212, '', '', '', 0, 1),
(81, '遵化', '', 120213, '', '', '', 0, 1),
(82, '迁安', '', 120214, '', '', '', 0, 1),
(83, '秦皇岛', '', 1203, '', '', '', 0, 1),
(84, '海港区', '', 120301, '', '', '', 0, 1),
(85, '山海关区', '', 120302, '', '', '', 0, 1),
(86, '北戴河区', '', 120303, '', '', '', 0, 1),
(87, '青龙满族自治县', '', 120304, '', '', '', 0, 1),
(88, '昌黎县', '', 120305, '', '', '', 0, 1),
(89, '抚宁县', '', 120306, '', '', '', 0, 1),
(90, '卢龙县', '', 120307, '', '', '', 0, 1),
(91, '邯郸', '', 1204, '', '', '', 0, 1),
(92, '邯山区', '', 120401, '', '', '', 0, 1),
(93, '丛台区', '', 120402, '', '', '', 0, 1),
(94, '复兴区', '', 120403, '', '', '', 0, 1),
(95, '峰峰矿区', '', 120404, '', '', '', 0, 1),
(96, '邯郸县', '', 120405, '', '', '', 0, 1),
(97, '临漳县', '', 120406, '', '', '', 0, 1),
(98, '成安县', '', 120407, '', '', '', 0, 1),
(99, '大名县', '', 120408, '', '', '', 0, 1),
(100, '涉县', '', 120409, '', '', '', 0, 1),
(101, '磁县', '', 120410, '', '', '', 0, 1),
(102, '肥乡县', '', 120411, '', '', '', 0, 1),
(103, '永年县', '', 120412, '', '', '', 0, 1),
(104, '邱县', '', 120413, '', '', '', 0, 1),
(105, '鸡泽县', '', 120414, '', '', '', 0, 1),
(106, '广平县', '', 120415, '', '', '', 0, 1),
(107, '馆陶县', '', 120416, '', '', '', 0, 1),
(108, '魏县', '', 120417, '', '', '', 0, 1),
(109, '曲周县', '', 120418, '', '', '', 0, 1),
(110, '武安', '', 120419, '', '', '', 0, 1),
(111, '邢台', '', 1205, '', '', '', 0, 1),
(112, '桥东区', '', 120501, '', '', '', 0, 1),
(113, '桥西区', '', 120502, '', '', '', 0, 1),
(114, '邢台县', '', 120503, '', '', '', 0, 1),
(115, '临城县', '', 120504, '', '', '', 0, 1),
(116, '内丘县', '', 120505, '', '', '', 0, 1),
(117, '柏乡县', '', 120506, '', '', '', 0, 1),
(118, '隆尧县', '', 120507, '', '', '', 0, 1),
(119, '任县', '', 120508, '', '', '', 0, 1),
(120, '南和县', '', 120509, '', '', '', 0, 1),
(121, '宁晋县', '', 120510, '', '', '', 0, 1),
(122, '巨鹿县', '', 120511, '', '', '', 0, 1),
(123, '新河县', '', 120512, '', '', '', 0, 1),
(124, '广宗县', '', 120513, '', '', '', 0, 1),
(125, '平乡县', '', 120514, '', '', '', 0, 1),
(126, '威县', '', 120515, '', '', '', 0, 1),
(127, '清河县', '', 120516, '', '', '', 0, 1),
(128, '临西县', '', 120517, '', '', '', 0, 1),
(129, '南宫', '', 120518, '', '', '', 0, 1),
(130, '沙河', '', 120519, '', '', '', 0, 1),
(131, '保定', '', 1206, '', '', '', 0, 1),
(132, '新市区', '', 120601, 'default', '', 'array (\n  ''title'' => '''',\n  ''keywords'' => '''',\n  ''description'' => '''',\n  ''headhtml'' => '''',\n  ''hotwords'' => '''',\n)', 0, 1),
(133, '北市区', '', 120602, 'default', '', 'array (\n  ''title'' => '''',\n  ''keywords'' => '''',\n  ''description'' => '''',\n  ''headhtml'' => '''',\n  ''hotwords'' => '''',\n)', 0, 1),
(134, '南市区', '', 120603, 'default', '', 'array (\n  ''title'' => '''',\n  ''keywords'' => '''',\n  ''description'' => '''',\n  ''headhtml'' => '''',\n  ''hotwords'' => '''',\n)', 0, 1),
(135, '满城县', '', 120604, '', '', '', 0, 1),
(136, '清苑县', '', 120605, '', '', '', 0, 1),
(137, '涞水县', '', 120606, '', '', '', 0, 1),
(138, '阜平县', '', 120607, '', '', '', 0, 1),
(139, '徐水县', '', 120608, '', '', '', 0, 1),
(140, '定兴县', '', 120609, '', '', '', 0, 1),
(141, '唐县', '', 120610, '', '', '', 0, 1),
(142, '高阳县', '', 120611, '', '', '', 0, 1),
(143, '容城县', '', 120612, '', '', '', 0, 1),
(144, '涞源县', '', 120613, '', '', '', 0, 1),
(145, '望都县', '', 120614, '', '', '', 0, 1),
(146, '安新县', '', 120615, '', '', '', 0, 1),
(147, '易县', '', 120616, '', '', '', 0, 1),
(148, '曲阳县', '', 120617, '', '', '', 0, 1),
(149, '蠡县', '', 120618, '', '', '', 0, 1),
(150, '顺平县', '', 120619, '', '', '', 0, 1),
(151, '博野县', '', 120620, '', '', '', 0, 1),
(152, '雄县', '', 120621, '', '', '', 0, 1),
(153, '涿州', '', 120622, '', '', '', 0, 1),
(154, '定州', '', 120623, '', '', '', 0, 1),
(155, '安国', '', 120624, '', '', '', 0, 1),
(156, '高碑店', '', 120625, '', '', '', 0, 1),
(157, '张家口', '', 1207, '', '', '', 0, 1),
(158, '桥东区', '', 120701, '', '', '', 0, 1),
(159, '桥西区', '', 120702, '', '', '', 0, 1),
(160, '宣化区', '', 120703, '', '', '', 0, 1),
(161, '下花园区', '', 120704, '', '', '', 0, 1),
(162, '宣化县', '', 120705, '', '', '', 0, 1),
(163, '张北县', '', 120706, '', '', '', 0, 1),
(164, '康保县', '', 120707, '', '', '', 0, 1),
(165, '沽源县', '', 120708, '', '', '', 0, 1),
(166, '尚义县', '', 120709, '', '', '', 0, 1),
(167, '蔚县', '', 120710, '', '', '', 0, 1),
(168, '阳原县', '', 120711, '', '', '', 0, 1),
(169, '怀安县', '', 120712, '', '', '', 0, 1),
(170, '万全县', '', 120713, '', '', '', 0, 1),
(171, '怀来县', '', 120714, '', '', '', 0, 1),
(172, '涿鹿县', '', 120715, '', '', '', 0, 1),
(173, '赤城县', '', 120716, '', '', '', 0, 1),
(174, '崇礼县', '', 120717, '', '', '', 0, 1),
(175, '承德', '', 1208, '', '', '', 0, 1),
(176, '双桥区', '', 120801, '', '', '', 0, 1),
(177, '双滦区', '', 120802, '', '', '', 0, 1),
(178, '鹰手营子矿区', '', 120803, '', '', '', 0, 1),
(179, '承德县', '', 120804, '', '', '', 0, 1),
(180, '兴隆县', '', 120805, '', '', '', 0, 1),
(181, '平泉县', '', 120806, '', '', '', 0, 1),
(182, '滦平县', '', 120807, '', '', '', 0, 1),
(183, '隆化县', '', 120808, '', '', '', 0, 1),
(184, '丰宁满族自治县', '', 120809, '', '', '', 0, 1),
(185, '宽城满族自治县', '', 120810, '', '', '', 0, 1),
(186, '围场满族蒙古族自治县', '', 120811, '', '', '', 0, 1),
(187, '沧州', '', 1209, '', '', '', 0, 1),
(188, '新华区', '', 120901, '', '', '', 0, 1),
(189, '运河区', '', 120902, '', '', '', 0, 1),
(190, '沧县', '', 120903, '', '', '', 0, 1),
(191, '青县', '', 120904, '', '', '', 0, 1),
(192, '东光县', '', 120905, '', '', '', 0, 1),
(193, '海兴县', '', 120906, '', '', '', 0, 1),
(194, '盐山县', '', 120907, '', '', '', 0, 1),
(195, '肃宁县', '', 120908, '', '', '', 0, 1),
(196, '南皮县', '', 120909, '', '', '', 0, 1),
(197, '吴桥县', '', 120910, '', '', '', 0, 1),
(198, '献县', '', 120911, '', '', '', 0, 1),
(199, '孟村回族自治县', '', 120912, '', '', '', 0, 1),
(200, '泊头', '', 120913, '', '', '', 0, 1),
(201, '任丘', '', 120914, '', '', '', 0, 1),
(202, '黄骅', '', 120915, '', '', '', 0, 1),
(203, '河间', '', 120916, '', '', '', 0, 1),
(204, '廊坊', '', 1210, '', '', '', 0, 1),
(205, '安次区', '', 121001, '', '', '', 0, 1),
(206, '广阳区', '', 121002, '', '', '', 0, 1),
(207, '固安县', '', 121003, '', '', '', 0, 1),
(208, '永清县', '', 121004, '', '', '', 0, 1),
(209, '香河县', '', 121005, '', '', '', 0, 1),
(210, '大城县', '', 121006, '', '', '', 0, 1),
(211, '文安县', '', 121007, '', '', '', 0, 1),
(212, '大厂回族自治县', '', 121008, '', '', '', 0, 1),
(213, '霸州', '', 121009, '', '', '', 0, 1),
(214, '三河', '', 121010, '', '', '', 0, 1),
(215, '衡水', '', 1211, '', '', '', 0, 1),
(216, '桃城区', '', 121101, '', '', '', 0, 1),
(217, '枣强县', '', 121102, '', '', '', 0, 1),
(218, '武邑县', '', 121103, '', '', '', 0, 1),
(219, '武强县', '', 121104, '', '', '', 0, 1),
(220, '饶阳县', '', 121105, '', '', '', 0, 1),
(221, '安平县', '', 121106, '', '', '', 0, 1),
(222, '故城县', '', 121107, '', '', '', 0, 1),
(223, '景县', '', 121108, '', '', '', 0, 1),
(224, '阜城县', '', 121109, '', '', '', 0, 1),
(225, '冀州市', '', 121110, 'default', '', 'array (\n  ''title'' => '''',\n  ''keywords'' => '''',\n  ''description'' => '''',\n  ''headhtml'' => '''',\n  ''hotwords'' => '''',\n)', 0, 1),
(226, '深州市', '', 121111, 'default', '', 'array (\n  ''title'' => '''',\n  ''keywords'' => '''',\n  ''description'' => '''',\n  ''headhtml'' => '''',\n  ''hotwords'' => '''',\n)', 0, 1),
(227, '山西省', '', 13, '', '', '', 0, 1),
(228, '太原', '', 1301, '', '', '', 0, 1),
(229, '小店区', '', 130101, '', '', '', 0, 1),
(230, '迎泽区', '', 130102, '', '', '', 0, 1),
(231, '杏花岭区', '', 130103, '', '', '', 0, 1),
(232, '尖草坪区', '', 130104, '', '', '', 0, 1),
(233, '万柏林区', '', 130105, '', '', '', 0, 1),
(234, '晋源区', '', 130106, '', '', '', 0, 1),
(235, '清徐县', '', 130107, '', '', '', 0, 1),
(236, '阳曲县', '', 130108, '', '', '', 0, 1),
(237, '娄烦县', '', 130109, '', '', '', 0, 1),
(238, '古交', '', 130110, '', '', '', 0, 1),
(239, '大同', '', 1302, '', '', '', 0, 1),
(240, '城区', '', 130201, '', '', '', 0, 1),
(241, '矿区', '', 130202, '', '', '', 0, 1),
(242, '南郊区', '', 130203, '', '', '', 0, 1),
(243, '新荣区', '', 130204, '', '', '', 0, 1),
(244, '阳高县', '', 130205, '', '', '', 0, 1),
(245, '天镇县', '', 130206, '', '', '', 0, 1),
(246, '广灵县', '', 130207, '', '', '', 0, 1),
(247, '灵丘县', '', 130208, '', '', '', 0, 1),
(248, '浑源县', '', 130209, '', '', '', 0, 1),
(249, '左云县', '', 130210, '', '', '', 0, 1),
(250, '大同县', '', 130211, '', '', '', 0, 1),
(251, '阳泉', '', 1303, '', '', '', 0, 1),
(252, '城区', '', 130301, '', '', '', 0, 1),
(253, '矿区', '', 130302, '', '', '', 0, 1),
(254, '郊区', '', 130303, '', '', '', 0, 1),
(255, '平定县', '', 130304, '', '', '', 0, 1),
(256, '盂县', '', 130305, '', '', '', 0, 1),
(257, '长治', '', 1304, '', '', '', 0, 1),
(258, '城区', '', 130401, '', '', '', 0, 1),
(259, '郊区', '', 130402, '', '', '', 0, 1),
(260, '长治县', '', 130403, '', '', '', 0, 1),
(261, '襄垣县', '', 130404, '', '', '', 0, 1),
(262, '屯留县', '', 130405, '', '', '', 0, 1),
(263, '平顺县', '', 130406, '', '', '', 0, 1),
(264, '黎城县', '', 130407, '', '', '', 0, 1),
(265, '壶关县', '', 130408, '', '', '', 0, 1),
(266, '长子县', '', 130409, '', '', '', 0, 1),
(267, '武乡县', '', 130410, '', '', '', 0, 1),
(268, '沁县', '', 130411, '', '', '', 0, 1),
(269, '沁源县', '', 130412, '', '', '', 0, 1),
(270, '潞城', '', 130413, '', '', '', 0, 1),
(271, '晋城', '', 1305, '', '', '', 0, 1),
(272, '城区', '', 130501, '', '', '', 0, 1),
(273, '沁水县', '', 130502, '', '', '', 0, 1),
(274, '阳城县', '', 130503, '', '', '', 0, 1),
(275, '陵川县', '', 130504, '', '', '', 0, 1),
(276, '泽州县', '', 130505, '', '', '', 0, 1),
(277, '高平', '', 130506, '', '', '', 0, 1),
(278, '朔州', '', 1306, '', '', '', 0, 1),
(279, '朔城区', '', 130601, '', '', '', 0, 1),
(280, '平鲁区', '', 130602, '', '', '', 0, 1),
(281, '山阴县', '', 130603, '', '', '', 0, 1),
(282, '应县', '', 130604, '', '', '', 0, 1),
(283, '右玉县', '', 130605, '', '', '', 0, 1),
(284, '怀仁县', '', 130606, '', '', '', 0, 1),
(285, '晋中', '', 1307, '', '', '', 0, 1),
(286, '榆次区', '', 130701, '', '', '', 0, 1),
(287, '榆社县', '', 130702, '', '', '', 0, 1),
(288, '左权县', '', 130703, '', '', '', 0, 1),
(289, '和顺县', '', 130704, '', '', '', 0, 1),
(290, '昔阳县', '', 130705, '', '', '', 0, 1),
(291, '寿阳县', '', 130706, '', '', '', 0, 1),
(292, '太谷县', '', 130707, '', '', '', 0, 1),
(293, '祁县', '', 130708, '', '', '', 0, 1),
(294, '平遥县', '', 130709, '', '', '', 0, 1),
(295, '灵石县', '', 130710, '', '', '', 0, 1),
(296, '介休', '', 130711, '', '', '', 0, 1),
(297, '运城', '', 1308, '', '', '', 0, 1),
(298, '盐湖区', '', 130801, '', '', '', 0, 1),
(299, '临猗县', '', 130802, '', '', '', 0, 1),
(300, '万荣县', '', 130803, '', '', '', 0, 1),
(301, '闻喜县', '', 130804, '', '', '', 0, 1),
(302, '稷山县', '', 130805, '', '', '', 0, 1),
(303, '新绛县', '', 130806, '', '', '', 0, 1),
(304, '绛县', '', 130807, '', '', '', 0, 1),
(305, '垣曲县', '', 130808, '', '', '', 0, 1),
(306, '夏县', '', 130809, '', '', '', 0, 1),
(307, '平陆县', '', 130810, '', '', '', 0, 1),
(308, '芮城县', '', 130811, '', '', '', 0, 1),
(309, '永济', '', 130812, '', '', '', 0, 1),
(310, '河津', '', 130813, '', '', '', 0, 1),
(311, '忻州', '', 1309, '', '', '', 0, 1),
(312, '忻府区', '', 130901, '', '', '', 0, 1),
(313, '定襄县', '', 130902, '', '', '', 0, 1),
(314, '五台县', '', 130903, '', '', '', 0, 1),
(315, '代县', '', 130904, '', '', '', 0, 1),
(316, '繁峙县', '', 130905, '', '', '', 0, 1),
(317, '宁武县', '', 130906, '', '', '', 0, 1),
(318, '静乐县', '', 130907, '', '', '', 0, 1),
(319, '神池县', '', 130908, '', '', '', 0, 1),
(320, '五寨县', '', 130909, '', '', '', 0, 1),
(321, '岢岚县', '', 130910, '', '', '', 0, 1),
(322, '河曲县', '', 130911, '', '', '', 0, 1),
(323, '保德县', '', 130912, '', '', '', 0, 1),
(324, '偏关县', '', 130913, '', '', '', 0, 1),
(325, '原平', '', 130914, '', '', '', 0, 1),
(326, '临汾', '', 1310, '', '', '', 0, 1),
(327, '尧都区', '', 131001, '', '', '', 0, 1),
(328, '曲沃县', '', 131002, '', '', '', 0, 1),
(329, '翼城县', '', 131003, '', '', '', 0, 1),
(330, '襄汾县', '', 131004, '', '', '', 0, 1),
(331, '洪洞县', '', 131005, '', '', '', 0, 1),
(332, '古县', '', 131006, '', '', '', 0, 1),
(333, '安泽县', '', 131007, '', '', '', 0, 1),
(334, '浮山县', '', 131008, '', '', '', 0, 1),
(335, '吉县', '', 131009, '', '', '', 0, 1),
(336, '乡宁县', '', 131010, '', '', '', 0, 1),
(337, '大宁县', '', 131011, '', '', '', 0, 1),
(338, '隰县', '', 131012, '', '', '', 0, 1),
(339, '永和县', '', 131013, '', '', '', 0, 1),
(340, '蒲县', '', 131014, '', '', '', 0, 1),
(341, '汾西县', '', 131015, '', '', '', 0, 1),
(342, '侯马', '', 131016, '', '', '', 0, 1),
(343, '霍州', '', 131017, '', '', '', 0, 1),
(344, '吕梁', '', 1311, '', '', '', 0, 1),
(345, '离石区', '', 131101, '', '', '', 0, 1),
(346, '文水县', '', 131102, '', '', '', 0, 1),
(347, '交城县', '', 131103, '', '', '', 0, 1),
(348, '兴县', '', 131104, '', '', '', 0, 1),
(349, '临县', '', 131105, '', '', '', 0, 1),
(350, '柳林县', '', 131106, '', '', '', 0, 1),
(351, '石楼县', '', 131107, '', '', '', 0, 1),
(352, '岚县', '', 131108, '', '', '', 0, 1),
(353, '方山县', '', 131109, '', '', '', 0, 1),
(354, '中阳县', '', 131110, '', '', '', 0, 1),
(355, '交口县', '', 131111, '', '', '', 0, 1),
(356, '孝义', '', 131112, '', '', '', 0, 1),
(357, '汾阳', '', 131113, '', '', '', 0, 1),
(358, '内蒙古自治区', '', 14, '', '', '', 0, 1),
(359, '呼和浩特', '', 1401, '', '', '', 0, 1),
(360, '新城区', '', 140101, '', '', '', 0, 1),
(361, '回民区', '', 140102, '', '', '', 0, 1),
(362, '玉泉区', '', 140103, '', '', '', 0, 1),
(363, '赛罕区', '', 140104, '', '', '', 0, 1),
(364, '土默特左旗', '', 140105, '', '', '', 0, 1),
(365, '托克托县', '', 140106, '', '', '', 0, 1),
(366, '和林格尔县', '', 140107, '', '', '', 0, 1),
(367, '清水河县', '', 140108, '', '', '', 0, 1),
(368, '武川县', '', 140109, '', '', '', 0, 1),
(369, '包头', '', 1402, '', '', '', 0, 1),
(370, '东河区', '', 140201, '', '', '', 0, 1),
(371, '昆都仑区', '', 140202, '', '', '', 0, 1),
(372, '青山区', '', 140203, '', '', '', 0, 1),
(373, '石拐区', '', 140204, '', '', '', 0, 1),
(374, '白云矿区', '', 140205, '', '', '', 0, 1),
(375, '九原区', '', 140206, '', '', '', 0, 1),
(376, '土默特右旗', '', 140207, '', '', '', 0, 1),
(377, '固阳县', '', 140208, '', '', '', 0, 1),
(378, '达尔罕茂明安联合旗', '', 140209, '', '', '', 0, 1),
(379, '乌海', '', 1403, '', '', '', 0, 1),
(380, '海勃湾区', '', 140301, '', '', '', 0, 1),
(381, '海南区', '', 140302, '', '', '', 0, 1),
(382, '乌达区', '', 140303, '', '', '', 0, 1),
(383, '赤峰', '', 1404, '', '', '', 0, 1),
(384, '红山区', '', 140401, '', '', '', 0, 1),
(385, '元宝山区', '', 140402, '', '', '', 0, 1),
(386, '松山区', '', 140403, '', '', '', 0, 1),
(387, '阿鲁科尔沁旗', '', 140404, '', '', '', 0, 1),
(388, '巴林左旗', '', 140405, '', '', '', 0, 1),
(389, '巴林右旗', '', 140406, '', '', '', 0, 1),
(390, '林西县', '', 140407, '', '', '', 0, 1),
(391, '克什克腾旗', '', 140408, '', '', '', 0, 1),
(392, '翁牛特旗', '', 140409, '', '', '', 0, 1),
(393, '喀喇沁旗', '', 140410, '', '', '', 0, 1),
(394, '宁城县', '', 140411, '', '', '', 0, 1),
(395, '敖汉旗', '', 140412, '', '', '', 0, 1),
(396, '通辽', '', 1405, '', '', '', 0, 1),
(397, '科尔沁区', '', 140501, '', '', '', 0, 1),
(398, '科尔沁左翼中旗', '', 140502, '', '', '', 0, 1),
(399, '科尔沁左翼后旗', '', 140503, '', '', '', 0, 1),
(400, '开鲁县', '', 140504, '', '', '', 0, 1),
(401, '库伦旗', '', 140505, '', '', '', 0, 1),
(402, '奈曼旗', '', 140506, '', '', '', 0, 1),
(403, '扎鲁特旗', '', 140507, '', '', '', 0, 1),
(404, '霍林郭勒', '', 140508, '', '', '', 0, 1),
(405, '鄂尔多斯', '', 1406, '', '', '', 0, 1),
(406, '东胜区', '', 140601, '', '', '', 0, 1),
(407, '达拉特旗', '', 140602, '', '', '', 0, 1),
(408, '准格尔旗', '', 140603, '', '', '', 0, 1),
(409, '鄂托克前旗', '', 140604, '', '', '', 0, 1),
(410, '鄂托克旗', '', 140605, '', '', '', 0, 1),
(411, '杭锦旗', '', 140606, '', '', '', 0, 1),
(412, '乌审旗', '', 140607, '', '', '', 0, 1),
(413, '伊金霍洛旗', '', 140608, '', '', '', 0, 1),
(414, '呼伦贝尔', '', 1407, '', '', '', 0, 1),
(415, '海拉尔区', '', 140701, '', '', '', 0, 1),
(416, '阿荣旗', '', 140702, '', '', '', 0, 1),
(417, '莫力达瓦达斡尔族自治旗', '', 140703, '', '', '', 0, 1),
(418, '鄂伦春自治旗', '', 140704, '', '', '', 0, 1),
(419, '鄂温克族自治旗', '', 140705, '', '', '', 0, 1),
(420, '陈巴尔虎旗', '', 140706, '', '', '', 0, 1),
(421, '新巴尔虎左旗', '', 140707, '', '', '', 0, 1),
(422, '新巴尔虎右旗', '', 140708, '', '', '', 0, 1),
(423, '满洲里', '', 140709, '', '', '', 0, 1),
(424, '牙克石', '', 140710, '', '', '', 0, 1),
(425, '扎兰屯', '', 140711, '', '', '', 0, 1),
(426, '额尔古纳', '', 140712, '', '', '', 0, 1),
(427, '根河', '', 140713, '', '', '', 0, 1),
(428, '巴彦淖尔', '', 1408, '', '', '', 0, 1),
(429, '临河区', '', 140801, '', '', '', 0, 1),
(430, '五原县', '', 140802, '', '', '', 0, 1),
(431, '磴口县', '', 140803, '', '', '', 0, 1),
(432, '乌拉特前旗', '', 140804, '', '', '', 0, 1),
(433, '乌拉特中旗', '', 140805, '', '', '', 0, 1),
(434, '乌拉特后旗', '', 140806, '', '', '', 0, 1),
(435, '杭锦后旗', '', 140807, '', '', '', 0, 1),
(436, '乌兰察布', '', 1409, '', '', '', 0, 1),
(437, '集宁区', '', 140901, '', '', '', 0, 1),
(438, '卓资县', '', 140902, '', '', '', 0, 1),
(439, '化德县', '', 140903, '', '', '', 0, 1),
(440, '商都县', '', 140904, '', '', '', 0, 1),
(441, '兴和县', '', 140905, '', '', '', 0, 1),
(442, '凉城县', '', 140906, '', '', '', 0, 1),
(443, '察哈尔右翼前旗', '', 140907, '', '', '', 0, 1),
(444, '察哈尔右翼中旗', '', 140908, '', '', '', 0, 1),
(445, '察哈尔右翼后旗', '', 140909, '', '', '', 0, 1),
(446, '四子王旗', '', 140910, '', '', '', 0, 1),
(447, '丰镇', '', 140911, '', '', '', 0, 1),
(448, '兴安盟', '', 1410, '', '', '', 0, 1),
(449, '乌兰浩特', '', 141001, '', '', '', 0, 1),
(450, '阿尔山', '', 141002, '', '', '', 0, 1),
(451, '科尔沁右翼前旗', '', 141003, '', '', '', 0, 1),
(452, '科尔沁右翼中旗', '', 141004, '', '', '', 0, 1),
(453, '扎赉特旗', '', 141005, '', '', '', 0, 1),
(454, '突泉县', '', 141006, '', '', '', 0, 1),
(455, '锡林郭勒盟', '', 1411, '', '', '', 0, 1),
(456, '二连浩特', '', 141101, '', '', '', 0, 1),
(457, '锡林浩特', '', 141102, '', '', '', 0, 1),
(458, '阿巴嘎旗', '', 141103, '', '', '', 0, 1),
(459, '苏尼特左旗', '', 141104, '', '', '', 0, 1),
(460, '苏尼特右旗', '', 141105, '', '', '', 0, 1),
(461, '东乌珠穆沁旗', '', 141106, '', '', '', 0, 1),
(462, '西乌珠穆沁旗', '', 141107, '', '', '', 0, 1),
(463, '太仆寺旗', '', 141108, '', '', '', 0, 1),
(464, '镶黄旗', '', 141109, '', '', '', 0, 1),
(465, '正镶白旗', '', 141110, '', '', '', 0, 1),
(466, '正蓝旗', '', 141111, '', '', '', 0, 1),
(467, '多伦县', '', 141112, '', '', '', 0, 1),
(468, '阿拉善盟', '', 1412, '', '', '', 0, 1),
(469, '阿拉善左旗', '', 141201, '', '', '', 0, 1),
(470, '阿拉善右旗', '', 141202, '', '', '', 0, 1),
(471, '额济纳旗', '', 141203, '', '', '', 0, 1),
(472, '辽宁省', '', 15, '', '', '', 0, 1),
(473, '沈阳', '', 1501, '', '', '', 0, 1),
(474, '和平区', '', 150101, '', '', '', 0, 1),
(475, '沈河区', '', 150102, '', '', '', 0, 1),
(476, '大东区', '', 150103, '', '', '', 0, 1),
(477, '皇姑区', '', 150104, '', '', '', 0, 1),
(478, '铁西区', '', 150105, '', '', '', 0, 1),
(479, '苏家屯区', '', 150106, '', '', '', 0, 1),
(480, '东陵区', '', 150107, '', '', '', 0, 1),
(481, '新城子区', '', 150108, '', '', '', 0, 1),
(482, '于洪区', '', 150109, '', '', '', 0, 1),
(483, '辽中县', '', 150110, '', '', '', 0, 1),
(484, '康平县', '', 150111, '', '', '', 0, 1),
(485, '法库县', '', 150112, '', '', '', 0, 1),
(486, '新民', '', 150113, '', '', '', 0, 1),
(487, '大连', '', 1502, '', '', '', 0, 1),
(488, '中山区', '', 150201, '', '', '', 0, 1),
(489, '西岗区', '', 150202, '', '', '', 0, 1),
(490, '沙河口区', '', 150203, '', '', '', 0, 1),
(491, '甘井子区', '', 150204, '', '', '', 0, 1),
(492, '旅顺口区', '', 150205, '', '', '', 0, 1),
(493, '金州区', '', 150206, '', '', '', 0, 1),
(494, '长海县', '', 150207, '', '', '', 0, 1),
(495, '瓦房店', '', 150208, '', '', '', 0, 1),
(496, '普兰店', '', 150209, '', '', '', 0, 1),
(497, '庄河', '', 150210, '', '', '', 0, 1),
(498, '鞍山', '', 1503, '', '', '', 0, 1),
(499, '铁东区', '', 150301, '', '', '', 0, 1),
(500, '铁西区', '', 150302, '', '', '', 0, 1),
(501, '立山区', '', 150303, '', '', '', 0, 1),
(502, '千山区', '', 150304, '', '', '', 0, 1),
(503, '台安县', '', 150305, '', '', '', 0, 1),
(504, '岫岩满族自治县', '', 150306, '', '', '', 0, 1),
(505, '海城', '', 150307, '', '', '', 0, 1),
(506, '抚顺', '', 1504, '', '', '', 0, 1),
(507, '新抚区', '', 150401, '', '', '', 0, 1),
(508, '东洲区', '', 150402, '', '', '', 0, 1),
(509, '望花区', '', 150403, '', '', '', 0, 1),
(510, '顺城区', '', 150404, '', '', '', 0, 1),
(511, '抚顺县', '', 150405, '', '', '', 0, 1),
(512, '新宾满族自治县', '', 150406, '', '', '', 0, 1),
(513, '清原满族自治县', '', 150407, '', '', '', 0, 1),
(514, '本溪', '', 1505, '', '', '', 0, 1),
(515, '平山区', '', 150501, '', '', '', 0, 1),
(516, '溪湖区', '', 150502, '', '', '', 0, 1),
(517, '明山区', '', 150503, '', '', '', 0, 1),
(518, '南芬区', '', 150504, '', '', '', 0, 1),
(519, '本溪满族自治县', '', 150505, '', '', '', 0, 1),
(520, '桓仁满族自治县', '', 150506, '', '', '', 0, 1),
(521, '丹东', '', 1506, '', '', '', 0, 1),
(522, '元宝区', '', 150601, '', '', '', 0, 1),
(523, '振兴区', '', 150602, '', '', '', 0, 1),
(524, '振安区', '', 150603, '', '', '', 0, 1),
(525, '宽甸满族自治县', '', 150604, '', '', '', 0, 1),
(526, '东港', '', 150605, '', '', '', 0, 1),
(527, '凤城', '', 150606, '', '', '', 0, 1),
(528, '锦州', '', 1507, '', '', '', 0, 1),
(529, '古塔区', '', 150701, '', '', '', 0, 1),
(530, '凌河区', '', 150702, '', '', '', 0, 1),
(531, '太和区', '', 150703, '', '', '', 0, 1),
(532, '黑山县', '', 150704, '', '', '', 0, 1),
(533, '义县', '', 150705, '', '', '', 0, 1),
(534, '凌海', '', 150706, '', '', '', 0, 1),
(535, '北宁', '', 150707, '', '', '', 0, 1),
(536, '营口', '', 1508, '', '', '', 0, 1),
(537, '站前区', '', 150801, '', '', '', 0, 1),
(538, '西区', '', 150802, '', '', '', 0, 1),
(539, '鲅鱼圈区', '', 150803, '', '', '', 0, 1),
(540, '老边区', '', 150804, '', '', '', 0, 1),
(541, '盖州', '', 150805, '', '', '', 0, 1),
(542, '大石桥', '', 150806, '', '', '', 0, 1),
(543, '阜新', '', 1509, '', '', '', 0, 1),
(544, '海州区', '', 150901, '', '', '', 0, 1),
(545, '新邱区', '', 150902, '', '', '', 0, 1),
(546, '太平区', '', 150903, '', '', '', 0, 1),
(547, '清河门区', '', 150904, '', '', '', 0, 1),
(548, '细河区', '', 150905, '', '', '', 0, 1),
(549, '阜新蒙古族自治县', '', 150906, '', '', '', 0, 1),
(550, '彰武县', '', 150907, '', '', '', 0, 1),
(551, '辽阳', '', 1510, '', '', '', 0, 1),
(552, '白塔区', '', 151001, '', '', '', 0, 1),
(553, '文圣区', '', 151002, '', '', '', 0, 1),
(554, '宏伟区', '', 151003, '', '', '', 0, 1),
(555, '弓长岭区', '', 151004, '', '', '', 0, 1),
(556, '太子河区', '', 151005, '', '', '', 0, 1),
(557, '辽阳县', '', 151006, '', '', '', 0, 1),
(558, '灯塔', '', 151007, '', '', '', 0, 1),
(559, '盘锦', '', 1511, '', '', '', 0, 1),
(560, '双台子区', '', 151101, '', '', '', 0, 1),
(561, '兴隆台区', '', 151102, '', '', '', 0, 1),
(562, '大洼县', '', 151103, '', '', '', 0, 1),
(563, '盘山县', '', 151104, '', '', '', 0, 1),
(564, '铁岭', '', 1512, '', '', '', 0, 1),
(565, '银州区', '', 151201, '', '', '', 0, 1),
(566, '清河区', '', 151202, '', '', '', 0, 1),
(567, '铁岭县', '', 151203, '', '', '', 0, 1),
(568, '西丰县', '', 151204, '', '', '', 0, 1),
(569, '昌图县', '', 151205, '', '', '', 0, 1),
(570, '调兵山', '', 151206, '', '', '', 0, 1),
(571, '开原', '', 151207, '', '', '', 0, 1),
(572, '朝阳', '', 1513, '', '', '', 0, 1),
(573, '双塔区', '', 151301, '', '', '', 0, 1),
(574, '龙城区', '', 151302, '', '', '', 0, 1),
(575, '朝阳县', '', 151303, '', '', '', 0, 1),
(576, '建平县', '', 151304, '', '', '', 0, 1),
(577, '喀喇沁左翼蒙古族自治县', '', 151305, '', '', '', 0, 1),
(578, '北票', '', 151306, '', '', '', 0, 1),
(579, '凌源', '', 151307, '', '', '', 0, 1),
(580, '葫芦岛', '', 1514, '', '', '', 0, 1),
(581, '连山区', '', 151401, '', '', '', 0, 1),
(582, '龙港区', '', 151402, '', '', '', 0, 1),
(583, '南票区', '', 151403, '', '', '', 0, 1),
(584, '绥中县', '', 151404, '', '', '', 0, 1),
(585, '建昌县', '', 151405, '', '', '', 0, 1),
(586, '兴城', '', 151406, '', '', '', 0, 1),
(587, '吉林省', '', 16, '', '', '', 0, 1),
(588, '长春', '', 1601, '', '', '', 0, 1),
(589, '南关区', '', 160101, '', '', '', 0, 1),
(590, '宽城区', '', 160102, '', '', '', 0, 1),
(591, '朝阳区', '', 160103, '', '', '', 0, 1),
(592, '二道区', '', 160104, '', '', '', 0, 1),
(593, '绿园区', '', 160105, '', '', '', 0, 1),
(594, '双阳区', '', 160106, '', '', '', 0, 1),
(595, '农安县', '', 160107, '', '', '', 0, 1),
(596, '九台', '', 160108, '', '', '', 0, 1),
(597, '榆树', '', 160109, '', '', '', 0, 1),
(598, '德惠', '', 160110, '', '', '', 0, 1),
(599, '吉林', '', 1602, '', '', '', 0, 1),
(600, '昌邑区', '', 160201, '', '', '', 0, 1),
(601, '龙潭区', '', 160202, '', '', '', 0, 1),
(602, '船营区', '', 160203, '', '', '', 0, 1),
(603, '丰满区', '', 160204, '', '', '', 0, 1),
(604, '永吉县', '', 160205, '', '', '', 0, 1),
(605, '蛟河', '', 160206, '', '', '', 0, 1),
(606, '桦甸', '', 160207, '', '', '', 0, 1),
(607, '舒兰', '', 160208, '', '', '', 0, 1),
(608, '磐石', '', 160209, '', '', '', 0, 1),
(609, '四平', '', 1603, '', '', '', 0, 1),
(610, '铁西区', '', 160301, '', '', '', 0, 1),
(611, '铁东区', '', 160302, '', '', '', 0, 1),
(612, '梨树县', '', 160303, '', '', '', 0, 1),
(613, '伊通满族自治县', '', 160304, '', '', '', 0, 1),
(614, '公主岭', '', 160305, '', '', '', 0, 1),
(615, '双辽', '', 160306, '', '', '', 0, 1),
(616, '辽源', '', 1604, '', '', '', 0, 1),
(617, '龙山区', '', 160401, '', '', '', 0, 1),
(618, '西安区', '', 160402, '', '', '', 0, 1),
(619, '东丰县', '', 160403, '', '', '', 0, 1),
(620, '东辽县', '', 160404, '', '', '', 0, 1),
(621, '通化', '', 1605, '', '', '', 0, 1),
(622, '东昌区', '', 160501, '', '', '', 0, 1),
(623, '二道江区', '', 160502, '', '', '', 0, 1),
(624, '通化县', '', 160503, '', '', '', 0, 1),
(625, '辉南县', '', 160504, '', '', '', 0, 1),
(626, '柳河县', '', 160505, '', '', '', 0, 1),
(627, '梅河口', '', 160506, '', '', '', 0, 1),
(628, '集安', '', 160507, '', '', '', 0, 1),
(629, '白山', '', 1606, '', '', '', 0, 1),
(630, '八道江区', '', 160601, '', '', '', 0, 1),
(631, '抚松县', '', 160602, '', '', '', 0, 1),
(632, '靖宇县', '', 160603, '', '', '', 0, 1),
(633, '长白朝鲜族自治县', '', 160604, '', '', '', 0, 1),
(634, '江源县', '', 160605, '', '', '', 0, 1),
(635, '临江', '', 160606, '', '', '', 0, 1),
(636, '松原', '', 1607, '', '', '', 0, 1),
(637, '宁江区', '', 160701, '', '', '', 0, 1),
(638, '前郭尔罗斯蒙古族自治县', '', 160702, '', '', '', 0, 1),
(639, '长岭县', '', 160703, '', '', '', 0, 1),
(640, '乾安县', '', 160704, '', '', '', 0, 1),
(641, '扶余县', '', 160705, '', '', '', 0, 1),
(642, '白城', '', 1608, '', '', '', 0, 1),
(643, '洮北区', '', 160801, '', '', '', 0, 1),
(644, '镇赉县', '', 160802, '', '', '', 0, 1),
(645, '通榆县', '', 160803, '', '', '', 0, 1),
(646, '洮南', '', 160804, '', '', '', 0, 1),
(647, '大安', '', 160805, '', '', '', 0, 1),
(648, '延边朝鲜族自治州', '', 1609, '', '', '', 0, 1),
(649, '延吉', '', 160901, '', '', '', 0, 1),
(650, '图们', '', 160902, '', '', '', 0, 1),
(651, '敦化', '', 160903, '', '', '', 0, 1),
(652, '珲春', '', 160904, '', '', '', 0, 1),
(653, '龙井', '', 160905, '', '', '', 0, 1),
(654, '和龙', '', 160906, '', '', '', 0, 1),
(655, '汪清县', '', 160907, '', '', '', 0, 1),
(656, '安图县', '', 160908, '', '', '', 0, 1),
(657, '黑龙江省', '', 17, '', '', '', 0, 1),
(658, '哈尔滨', '', 1701, '', '', '', 0, 1),
(659, '道里区', '', 170101, '', '', '', 0, 1),
(660, '南岗区', '', 170102, '', '', '', 0, 1),
(661, '道外区', '', 170103, '', '', '', 0, 1),
(662, '香坊区', '', 170104, '', '', '', 0, 1),
(663, '动力区', '', 170105, '', '', '', 0, 1),
(664, '平房区', '', 170106, '', '', '', 0, 1),
(665, '松北区', '', 170107, '', '', '', 0, 1),
(666, '呼兰区', '', 170108, '', '', '', 0, 1),
(667, '依兰县', '', 170109, '', '', '', 0, 1),
(668, '方正县', '', 170110, '', '', '', 0, 1),
(669, '宾县', '', 170111, '', '', '', 0, 1),
(670, '巴彦县', '', 170112, '', '', '', 0, 1),
(671, '木兰县', '', 170113, '', '', '', 0, 1),
(672, '通河县', '', 170114, '', '', '', 0, 1),
(673, '延寿县', '', 170115, '', '', '', 0, 1),
(674, '阿城', '', 170116, '', '', '', 0, 1),
(675, '双城', '', 170117, '', '', '', 0, 1),
(676, '尚志', '', 170118, '', '', '', 0, 1),
(677, '五常', '', 170119, '', '', '', 0, 1),
(678, '齐齐哈尔', '', 1702, '', '', '', 0, 1),
(679, '龙沙区', '', 170201, '', '', '', 0, 1),
(680, '建华区', '', 170202, '', '', '', 0, 1),
(681, '铁锋区', '', 170203, '', '', '', 0, 1),
(682, '昂昂溪区', '', 170204, '', '', '', 0, 1),
(683, '富拉尔基区', '', 170205, '', '', '', 0, 1),
(684, '碾子山区', '', 170206, '', '', '', 0, 1),
(685, '梅里斯达斡尔族区', '', 170207, '', '', '', 0, 1),
(686, '龙江县', '', 170208, '', '', '', 0, 1),
(687, '依安县', '', 170209, '', '', '', 0, 1),
(688, '泰来县', '', 170210, '', '', '', 0, 1),
(689, '甘南县', '', 170211, '', '', '', 0, 1),
(690, '富裕县', '', 170212, '', '', '', 0, 1),
(691, '克山县', '', 170213, '', '', '', 0, 1),
(692, '克东县', '', 170214, '', '', '', 0, 1),
(693, '拜泉县', '', 170215, '', '', '', 0, 1),
(694, '讷河', '', 170216, '', '', '', 0, 1),
(695, '鸡西', '', 1703, '', '', '', 0, 1),
(696, '鸡冠区', '', 170301, '', '', '', 0, 1),
(697, '恒山区', '', 170302, '', '', '', 0, 1),
(698, '滴道区', '', 170303, '', '', '', 0, 1),
(699, '梨树区', '', 170304, '', '', '', 0, 1),
(700, '城子河区', '', 170305, '', '', '', 0, 1),
(701, '麻山区', '', 170306, '', '', '', 0, 1),
(702, '鸡东县', '', 170307, '', '', '', 0, 1),
(703, '虎林', '', 170308, '', '', '', 0, 1),
(704, '密山', '', 170309, '', '', '', 0, 1),
(705, '鹤岗', '', 1704, '', '', '', 0, 1),
(706, '向阳区', '', 170401, '', '', '', 0, 1),
(707, '工农区', '', 170402, '', '', '', 0, 1),
(708, '南山区', '', 170403, '', '', '', 0, 1),
(709, '兴安区', '', 170404, '', '', '', 0, 1),
(710, '东山区', '', 170405, '', '', '', 0, 1),
(711, '兴山区', '', 170406, '', '', '', 0, 1),
(712, '萝北县', '', 170407, '', '', '', 0, 1),
(713, '绥滨县', '', 170408, '', '', '', 0, 1),
(714, '双鸭山', '', 1705, '', '', '', 0, 1),
(715, '尖山区', '', 170501, '', '', '', 0, 1),
(716, '岭东区', '', 170502, '', '', '', 0, 1),
(717, '四方台区', '', 170503, '', '', '', 0, 1),
(718, '宝山区', '', 170504, '', '', '', 0, 1),
(719, '集贤县', '', 170505, '', '', '', 0, 1),
(720, '友谊县', '', 170506, '', '', '', 0, 1),
(721, '宝清县', '', 170507, '', '', '', 0, 1),
(722, '饶河县', '', 170508, '', '', '', 0, 1),
(723, '大庆', '', 1706, '', '', '', 0, 1),
(724, '萨尔图区', '', 170601, '', '', '', 0, 1),
(725, '龙凤区', '', 170602, '', '', '', 0, 1),
(726, '让胡路区', '', 170603, '', '', '', 0, 1),
(727, '红岗区', '', 170604, '', '', '', 0, 1),
(728, '大同区', '', 170605, '', '', '', 0, 1),
(729, '肇州县', '', 170606, '', '', '', 0, 1),
(730, '肇源县', '', 170607, '', '', '', 0, 1),
(731, '林甸县', '', 170608, '', '', '', 0, 1),
(732, '杜尔伯特蒙古族自治县', '', 170609, '', '', '', 0, 1),
(733, '伊春', '', 1707, '', '', '', 0, 1),
(734, '伊春区', '', 170701, '', '', '', 0, 1),
(735, '南岔区', '', 170702, '', '', '', 0, 1),
(736, '友好区', '', 170703, '', '', '', 0, 1),
(737, '西林区', '', 170704, '', '', '', 0, 1),
(738, '翠峦区', '', 170705, '', '', '', 0, 1),
(739, '新青区', '', 170706, '', '', '', 0, 1),
(740, '美溪区', '', 170707, '', '', '', 0, 1),
(741, '金山屯区', '', 170708, '', '', '', 0, 1),
(742, '五营区', '', 170709, '', '', '', 0, 1),
(743, '乌马河区', '', 170710, '', '', '', 0, 1),
(744, '汤旺河区', '', 170711, '', '', '', 0, 1),
(745, '带岭区', '', 170712, '', '', '', 0, 1),
(746, '乌伊岭区', '', 170713, '', '', '', 0, 1),
(747, '红星区', '', 170714, '', '', '', 0, 1),
(748, '上甘岭区', '', 170715, '', '', '', 0, 1),
(749, '嘉荫县', '', 170716, '', '', '', 0, 1),
(750, '铁力', '', 170717, '', '', '', 0, 1),
(751, '佳木斯', '', 1708, '', '', '', 0, 1),
(752, '永红区', '', 170801, '', '', '', 0, 1),
(753, '向阳区', '', 170802, '', '', '', 0, 1),
(754, '前进区', '', 170803, '', '', '', 0, 1),
(755, '东风区', '', 170804, '', '', '', 0, 1),
(756, '郊区', '', 170805, '', '', '', 0, 1),
(757, '桦南县', '', 170806, '', '', '', 0, 1),
(758, '桦川县', '', 170807, '', '', '', 0, 1),
(759, '汤原县', '', 170808, '', '', '', 0, 1),
(760, '抚远县', '', 170809, '', '', '', 0, 1),
(761, '同江', '', 170810, '', '', '', 0, 1),
(762, '富锦', '', 170811, '', '', '', 0, 1),
(763, '七台河', '', 1709, '', '', '', 0, 1),
(764, '新兴区', '', 170901, '', '', '', 0, 1),
(765, '桃山区', '', 170902, '', '', '', 0, 1),
(766, '茄子河区', '', 170903, '', '', '', 0, 1),
(767, '勃利县', '', 170904, '', '', '', 0, 1),
(768, '牡丹江', '', 1710, '', '', '', 0, 1),
(769, '东安区', '', 171001, '', '', '', 0, 1),
(770, '阳明区', '', 171002, '', '', '', 0, 1),
(771, '爱民区', '', 171003, '', '', '', 0, 1),
(772, '西安区', '', 171004, '', '', '', 0, 1),
(773, '东宁县', '', 171005, '', '', '', 0, 1),
(774, '林口县', '', 171006, '', '', '', 0, 1),
(775, '绥芬河', '', 171007, '', '', '', 0, 1),
(776, '海林', '', 171008, '', '', '', 0, 1),
(777, '宁安', '', 171009, '', '', '', 0, 1),
(778, '穆棱', '', 171010, '', '', '', 0, 1),
(779, '黑河', '', 1711, '', '', '', 0, 1),
(780, '爱辉区', '', 171101, '', '', '', 0, 1),
(781, '嫩江县', '', 171102, '', '', '', 0, 1),
(782, '逊克县', '', 171103, '', '', '', 0, 1),
(783, '孙吴县', '', 171104, '', '', '', 0, 1),
(784, '北安', '', 171105, '', '', '', 0, 1),
(785, '五大连池', '', 171106, '', '', '', 0, 1),
(786, '绥化', '', 1712, '', '', '', 0, 1),
(787, '北林区', '', 171201, '', '', '', 0, 1),
(788, '望奎县', '', 171202, '', '', '', 0, 1),
(789, '兰西县', '', 171203, '', '', '', 0, 1),
(790, '青冈县', '', 171204, '', '', '', 0, 1),
(791, '庆安县', '', 171205, '', '', '', 0, 1),
(792, '明水县', '', 171206, '', '', '', 0, 1),
(793, '绥棱县', '', 171207, '', '', '', 0, 1),
(794, '安达', '', 171208, '', '', '', 0, 1),
(795, '肇东', '', 171209, '', '', '', 0, 1),
(796, '海伦', '', 171210, '', '', '', 0, 1),
(797, '大兴安岭地区', '', 1713, '', '', '', 0, 1),
(798, '呼玛县', '', 171301, '', '', '', 0, 1),
(799, '塔河县', '', 171302, '', '', '', 0, 1),
(800, '漠河县', '', 171303, '', '', '', 0, 1),
(801, '上海', '', 18, '', '', '', 0, 1),
(803, '黄浦区', '', 1801, '', '', '', 0, 1),
(804, '卢湾区', '', 1802, '', '', '', 0, 1),
(805, '徐汇区', '', 1803, '', '', '', 0, 1),
(806, '长宁区', '', 1804, '', '', '', 0, 1),
(807, '静安区', '', 1805, '', '', '', 0, 1),
(808, '普陀区', '', 1806, '', '', '', 0, 1),
(809, '闸北区', '', 1807, '', '', '', 0, 1),
(810, '虹口区', '', 1808, '', '', '', 0, 1),
(811, '杨浦区', '', 1809, '', '', '', 0, 1),
(812, '闵行区', '', 1810, '', '', '', 0, 1),
(813, '宝山区', '', 1811, '', '', '', 0, 1),
(814, '嘉定区', '', 1812, '', '', '', 0, 1),
(815, '浦东新区', '', 1813, '', '', '', 0, 1),
(816, '金山区', '', 1814, '', '', '', 0, 1),
(817, '松江区', '', 1815, '', '', '', 0, 1),
(818, '青浦区', '', 1816, '', '', '', 0, 1),
(819, '南汇区', '', 1817, '', '', '', 0, 1),
(820, '奉贤区', '', 1818, '', '', '', 0, 1),
(823, '江苏省', '', 19, '', '', '', 0, 1),
(824, '南京', '', 1901, '', '', '', 0, 1),
(825, '玄武区', '', 190101, '', '', '', 0, 1),
(826, '白下区', '', 190102, '', '', '', 0, 1),
(827, '秦淮区', '', 190103, '', '', '', 0, 1),
(828, '建邺区', '', 190104, '', '', '', 0, 1),
(829, '鼓楼区', '', 190105, '', '', '', 0, 1),
(830, '下关区', '', 190106, '', '', '', 0, 1),
(831, '浦口区', '', 190107, '', '', '', 0, 1),
(832, '栖霞区', '', 190108, '', '', '', 0, 1),
(833, '雨花台区', '', 190109, '', '', '', 0, 1),
(834, '江宁区', '', 190110, '', '', '', 0, 1),
(835, '六合区', '', 190111, '', '', '', 0, 1),
(836, '溧水县', '', 190112, '', '', '', 0, 1),
(837, '高淳县', '', 190113, '', '', '', 0, 1),
(838, '无锡', '', 1902, '', '', '', 0, 1),
(839, '崇安区', '', 190201, '', '', '', 0, 1),
(840, '南长区', '', 190202, '', '', '', 0, 1),
(841, '北塘区', '', 190203, '', '', '', 0, 1),
(842, '锡山区', '', 190204, '', '', '', 0, 1),
(843, '惠山区', '', 190205, '', '', '', 0, 1),
(844, '滨湖区', '', 190206, '', '', '', 0, 1),
(845, '江阴', '', 190207, '', '', '', 0, 1),
(846, '宜兴', '', 190208, '', '', '', 0, 1),
(847, '徐州', '', 1903, '', '', '', 0, 1),
(848, '鼓楼区', '', 190301, '', '', '', 0, 1),
(849, '云龙区', '', 190302, '', '', '', 0, 1),
(850, '九里区', '', 190303, '', '', '', 0, 1),
(851, '贾汪区', '', 190304, '', '', '', 0, 1),
(852, '泉山区', '', 190305, '', '', '', 0, 1),
(853, '丰县', '', 190306, '', '', '', 0, 1),
(854, '沛县', '', 190307, '', '', '', 0, 1),
(855, '铜山县', '', 190308, '', '', '', 0, 1),
(856, '睢宁县', '', 190309, '', '', '', 0, 1),
(857, '新沂', '', 190310, '', '', '', 0, 1),
(858, '邳州', '', 190311, '', '', '', 0, 1),
(859, '常州', '', 1904, '', '', '', 0, 1),
(860, '天宁区', '', 190401, '', '', '', 0, 1),
(861, '钟楼区', '', 190402, '', '', '', 0, 1),
(862, '戚墅堰区', '', 190403, '', '', '', 0, 1),
(863, '新北区', '', 190404, '', '', '', 0, 1),
(864, '武进区', '', 190405, '', '', '', 0, 1),
(865, '溧阳', '', 190406, '', '', '', 0, 1),
(866, '金坛', '', 190407, '', '', '', 0, 1),
(867, '苏州', '', 1905, '', '', '', 0, 1),
(868, '沧浪区', '', 190501, '', '', '', 0, 1),
(869, '平江区', '', 190502, '', '', '', 0, 1),
(870, '金阊区', '', 190503, '', '', '', 0, 1),
(871, '虎丘区', '', 190504, '', '', '', 0, 1),
(872, '吴中区', '', 190505, '', '', '', 0, 1),
(873, '相城区', '', 190506, '', '', '', 0, 1),
(874, '常熟', '', 190507, '', '', '', 0, 1),
(875, '张家港', '', 190508, '', '', '', 0, 1),
(876, '昆山', '', 190509, '', '', '', 0, 1),
(877, '吴江', '', 190510, '', '', '', 0, 1),
(878, '太仓', '', 190511, '', '', '', 0, 1),
(879, '南通', '', 1906, '', '', '', 0, 1),
(880, '崇川区', '', 190601, '', '', '', 0, 1),
(881, '港闸区', '', 190602, '', '', '', 0, 1),
(882, '海安县', '', 190603, '', '', '', 0, 1),
(883, '如东县', '', 190604, '', '', '', 0, 1),
(884, '启东', '', 190605, '', '', '', 0, 1),
(885, '如皋', '', 190606, '', '', '', 0, 1),
(886, '通州', '', 190607, '', '', '', 0, 1),
(887, '海门', '', 190608, '', '', '', 0, 1),
(888, '连云港', '', 1907, '', '', '', 0, 1),
(889, '连云区', '', 190701, '', '', '', 0, 1),
(890, '新浦区', '', 190702, '', '', '', 0, 1),
(891, '海州区', '', 190703, '', '', '', 0, 1),
(892, '赣榆县', '', 190704, '', '', '', 0, 1),
(893, '东海县', '', 190705, '', '', '', 0, 1),
(894, '灌云县', '', 190706, '', '', '', 0, 1),
(895, '灌南县', '', 190707, '', '', '', 0, 1),
(896, '淮安', '', 1908, '', '', '', 0, 1),
(897, '清河区', '', 190801, '', '', '', 0, 1),
(898, '楚州区', '', 190802, '', '', '', 0, 1),
(899, '淮阴区', '', 190803, '', '', '', 0, 1),
(900, '清浦区', '', 190804, '', '', '', 0, 1),
(901, '涟水县', '', 190805, '', '', '', 0, 1),
(902, '洪泽县', '', 190806, '', '', '', 0, 1),
(903, '盱眙县', '', 190807, '', '', '', 0, 1),
(904, '金湖县', '', 190808, '', '', '', 0, 1),
(905, '盐城', '', 1909, '', '', '', 0, 1),
(906, '亭湖区', '', 190901, '', '', '', 0, 1),
(907, '盐都区', '', 190902, '', '', '', 0, 1),
(908, '响水县', '', 190903, '', '', '', 0, 1),
(909, '滨海县', '', 190904, '', '', '', 0, 1),
(910, '阜宁县', '', 190905, '', '', '', 0, 1),
(911, '射阳县', '', 190906, '', '', '', 0, 1),
(912, '建湖县', '', 190907, '', '', '', 0, 1),
(913, '东台', '', 190908, '', '', '', 0, 1),
(914, '大丰', '', 190909, '', '', '', 0, 1),
(915, '扬州', '', 1910, '', '', '', 0, 1),
(916, '广陵区', '', 191001, '', '', '', 0, 1),
(917, '邗江区', '', 191002, '', '', '', 0, 1),
(918, '维扬区', '', 191003, '', '', '', 0, 1),
(919, '宝应县', '', 191004, '', '', '', 0, 1),
(920, '仪征', '', 191005, '', '', '', 0, 1),
(921, '高邮', '', 191006, '', '', '', 0, 1),
(922, '江都', '', 191007, '', '', '', 0, 1),
(923, '镇江', '', 1911, '', '', '', 0, 1),
(924, '京口区', '', 191101, '', '', '', 0, 1),
(925, '润州区', '', 191102, '', '', '', 0, 1),
(926, '丹徒区', '', 191103, '', '', '', 0, 1),
(927, '丹阳', '', 191104, '', '', '', 0, 1),
(928, '扬中', '', 191105, '', '', '', 0, 1),
(929, '句容', '', 191106, '', '', '', 0, 1),
(930, '泰州', '', 1912, '', '', '', 0, 1),
(931, '海陵区', '', 191201, '', '', '', 0, 1),
(932, '高港区', '', 191202, '', '', '', 0, 1),
(933, '兴化', '', 191203, '', '', '', 0, 1),
(934, '靖江', '', 191204, '', '', '', 0, 1),
(935, '泰兴', '', 191205, '', '', '', 0, 1),
(936, '姜堰', '', 191206, '', '', '', 0, 1),
(937, '宿迁', '', 1913, '', '', '', 0, 1),
(938, '宿城区', '', 191301, '', '', '', 0, 1),
(939, '宿豫区', '', 191302, '', '', '', 0, 1),
(940, '沭阳县', '', 191303, '', '', '', 0, 1),
(941, '泗阳县', '', 191304, '', '', '', 0, 1),
(942, '泗洪县', '', 191305, '', '', '', 0, 1),
(943, '浙江省', '', 20, '', '', '', 0, 1),
(944, '杭州', '', 2001, '', '', '', 0, 1),
(945, '上城区', '', 200101, '', '', '', 0, 1),
(946, '下城区', '', 200102, '', '', '', 0, 1),
(947, '江干区', '', 200103, '', '', '', 0, 1),
(948, '拱墅区', '', 200104, '', '', '', 0, 1),
(949, '西湖区', '', 200105, '', '', '', 0, 1),
(950, '滨江区', '', 200106, '', '', '', 0, 1),
(951, '萧山区', '', 200107, '', '', '', 0, 1),
(952, '余杭区', '', 200108, '', '', '', 0, 1),
(953, '桐庐县', '', 200109, '', '', '', 0, 1),
(954, '淳安县', '', 200110, '', '', '', 0, 1),
(955, '建德', '', 200111, '', '', '', 0, 1),
(956, '富阳', '', 200112, '', '', '', 0, 1),
(957, '临安', '', 200113, '', '', '', 0, 1),
(958, '宁波', '', 2002, '', '', '', 0, 1),
(959, '海曙区', '', 200201, '', '', '', 0, 1),
(960, '江东区', '', 200202, '', '', '', 0, 1),
(961, '江北区', '', 200203, '', '', '', 0, 1),
(962, '北仑区', '', 200204, '', '', '', 0, 1),
(963, '镇海区', '', 200205, '', '', '', 0, 1),
(964, '鄞州区', '', 200206, '', '', '', 0, 1),
(965, '象山县', '', 200207, '', '', '', 0, 1),
(966, '宁海县', '', 200208, '', '', '', 0, 1),
(967, '余姚', '', 200209, '', '', '', 0, 1),
(968, '慈溪', '', 200210, '', '', '', 0, 1),
(969, '奉化', '', 200211, '', '', '', 0, 1),
(970, '温州', '', 2003, '', '', '', 0, 1),
(971, '鹿城区', '', 200301, '', '', '', 0, 1),
(972, '龙湾区', '', 200302, '', '', '', 0, 1),
(973, '瓯海区', '', 200303, '', '', '', 0, 1),
(974, '洞头县', '', 200304, '', '', '', 0, 1),
(975, '永嘉县', '', 200305, '', '', '', 0, 1),
(976, '平阳县', '', 200306, '', '', '', 0, 1),
(977, '苍南县', '', 200307, '', '', '', 0, 1),
(978, '文成县', '', 200308, '', '', '', 0, 1),
(979, '泰顺县', '', 200309, '', '', '', 0, 1),
(980, '瑞安', '', 200310, '', '', '', 0, 1),
(981, '乐清', '', 200311, '', '', '', 0, 1),
(982, '嘉兴', '', 2004, '', '', '', 0, 1),
(983, '秀城区', '', 200401, '', '', '', 0, 1),
(984, '秀洲区', '', 200402, '', '', '', 0, 1),
(985, '嘉善县', '', 200403, '', '', '', 0, 1),
(986, '海盐县', '', 200404, '', '', '', 0, 1),
(987, '海宁', '', 200405, '', '', '', 0, 1),
(988, '平湖', '', 200406, '', '', '', 0, 1),
(989, '桐乡', '', 200407, '', '', '', 0, 1),
(990, '湖州', '', 2005, '', '', '', 0, 1),
(991, '吴兴区', '', 200501, '', '', '', 0, 1),
(992, '南浔区', '', 200502, '', '', '', 0, 1),
(993, '德清县', '', 200503, '', '', '', 0, 1),
(994, '长兴县', '', 200504, '', '', '', 0, 1),
(995, '安吉县', '', 200505, '', '', '', 0, 1),
(996, '绍兴', '', 2006, '', '', '', 0, 1),
(997, '越城区', '', 200601, '', '', '', 0, 1),
(998, '绍兴县', '', 200602, '', '', '', 0, 1),
(999, '新昌县', '', 200603, '', '', '', 0, 1),
(1000, '诸暨', '', 200604, '', '', '', 0, 1),
(1001, '上虞', '', 200605, '', '', '', 0, 1),
(1002, '嵊州', '', 200606, '', '', '', 0, 1),
(1003, '金华', '', 2007, '', '', '', 0, 1),
(1004, '婺城区', '', 200701, '', '', '', 0, 1),
(1005, '金东区', '', 200702, '', '', '', 0, 1),
(1006, '武义县', '', 200703, '', '', '', 0, 1),
(1007, '浦江县', '', 200704, '', '', '', 0, 1),
(1008, '磐安县', '', 200705, '', '', '', 0, 1),
(1009, '兰溪', '', 200706, '', '', '', 0, 1),
(1010, '义乌', '', 200707, '', '', '', 0, 1),
(1011, '东阳', '', 200708, '', '', '', 0, 1),
(1012, '永康', '', 200709, '', '', '', 0, 1),
(1013, '衢州', '', 2008, '', '', '', 0, 1),
(1014, '柯城区', '', 200801, '', '', '', 0, 1),
(1015, '衢江区', '', 200802, '', '', '', 0, 1),
(1016, '常山县', '', 200803, '', '', '', 0, 1),
(1017, '开化县', '', 200804, '', '', '', 0, 1),
(1018, '龙游县', '', 200805, '', '', '', 0, 1),
(1019, '江山', '', 200806, '', '', '', 0, 1),
(1020, '舟山', '', 2009, '', '', '', 0, 1),
(1021, '定海区', '', 200901, '', '', '', 0, 1),
(1022, '普陀区', '', 200902, '', '', '', 0, 1),
(1023, '岱山县', '', 200903, '', '', '', 0, 1),
(1024, '嵊泗县', '', 200904, '', '', '', 0, 1),
(1025, '台州', '', 2010, '', '', '', 0, 1),
(1026, '椒江区', '', 201001, '', '', '', 0, 1),
(1027, '黄岩区', '', 201002, '', '', '', 0, 1),
(1028, '路桥区', '', 201003, '', '', '', 0, 1),
(1029, '玉环县', '', 201004, '', '', '', 0, 1),
(1030, '三门县', '', 201005, '', '', '', 0, 1),
(1031, '天台县', '', 201006, '', '', '', 0, 1),
(1032, '仙居县', '', 201007, '', '', '', 0, 1),
(1033, '温岭', '', 201008, '', '', '', 0, 1),
(1034, '临海', '', 201009, '', '', '', 0, 1),
(1035, '丽水', '', 2011, '', '', '', 0, 1),
(1036, '莲都区', '', 201101, '', '', '', 0, 1),
(1037, '青田县', '', 201102, '', '', '', 0, 1);
INSERT INTO `dc_area` (`aid`, `areaname`, `mappoint`, `areacode`, `template`, `domain`, `setting`, `listorder`, `status`) VALUES
(1038, '缙云县', '', 201103, '', '', '', 0, 1),
(1039, '遂昌县', '', 201104, '', '', '', 0, 1),
(1040, '松阳县', '', 201105, '', '', '', 0, 1),
(1041, '云和县', '', 201106, '', '', '', 0, 1),
(1042, '庆元县', '', 201107, '', '', '', 0, 1),
(1043, '景宁畲族自治县', '', 201108, '', '', '', 0, 1),
(1044, '龙泉', '', 201109, '', '', '', 0, 1),
(1045, '安徽省', '', 21, '', '', '', 0, 1),
(1046, '合肥', '', 2101, '', '', '', 0, 1),
(1047, '瑶海区', '', 210101, '', '', '', 0, 1),
(1048, '庐阳区', '', 210102, '', '', '', 0, 1),
(1049, '蜀山区', '', 210103, '', '', '', 0, 1),
(1050, '包河区', '', 210104, '', '', '', 0, 1),
(1051, '长丰县', '', 210105, '', '', '', 0, 1),
(1052, '肥东县', '', 210106, '', '', '', 0, 1),
(1053, '肥西县', '', 210107, '', '', '', 0, 1),
(1054, '芜湖', '', 2102, '', '', '', 0, 1),
(1055, '镜湖区', '', 210201, '', '', '', 0, 1),
(1056, '弋江区', '', 210202, '', '', '', 0, 1),
(1057, '鸠江区', '', 210203, '', '', '', 0, 1),
(1058, '三山区', '', 210204, '', '', '', 0, 1),
(1059, '芜湖县', '', 210205, '', '', '', 0, 1),
(1060, '繁昌县', '', 210206, '', '', '', 0, 1),
(1061, '南陵县', '', 210207, '', '', '', 0, 1),
(1062, '蚌埠', '', 2103, '', '', '', 0, 1),
(1063, '龙子湖区', '', 210301, '', '', '', 0, 1),
(1064, '蚌山区', '', 210302, '', '', '', 0, 1),
(1065, '禹会区', '', 210303, '', '', '', 0, 1),
(1066, '淮上区', '', 210304, '', '', '', 0, 1),
(1067, '怀远县', '', 210305, '', '', '', 0, 1),
(1068, '五河县', '', 210306, '', '', '', 0, 1),
(1069, '固镇县', '', 210307, '', '', '', 0, 1),
(1070, '淮南', '', 2104, '', '', '', 0, 1),
(1071, '大通区', '', 210401, '', '', '', 0, 1),
(1072, '田家庵区', '', 210402, '', '', '', 0, 1),
(1073, '谢家集区', '', 210403, '', '', '', 0, 1),
(1074, '八公山区', '', 210404, '', '', '', 0, 1),
(1075, '潘集区', '', 210405, '', '', '', 0, 1),
(1076, '凤台县', '', 210406, '', '', '', 0, 1),
(1077, '马鞍山', '', 2105, '', '', '', 0, 1),
(1078, '金家庄区', '', 210501, '', '', '', 0, 1),
(1079, '花山区', '', 210502, '', '', '', 0, 1),
(1080, '雨山区', '', 210503, '', '', '', 0, 1),
(1081, '当涂县', '', 210504, '', '', '', 0, 1),
(1082, '淮北', '', 2106, '', '', '', 0, 1),
(1083, '杜集区', '', 210601, '', '', '', 0, 1),
(1084, '相山区', '', 210602, '', '', '', 0, 1),
(1085, '烈山区', '', 210603, '', '', '', 0, 1),
(1086, '濉溪县', '', 210604, '', '', '', 0, 1),
(1087, '铜陵', '', 2107, '', '', '', 0, 1),
(1088, '铜官山区', '', 210701, '', '', '', 0, 1),
(1089, '狮子山区', '', 210702, '', '', '', 0, 1),
(1090, '郊区', '', 210703, '', '', '', 0, 1),
(1091, '铜陵县', '', 210704, '', '', '', 0, 1),
(1092, '安庆', '', 2108, '', '', '', 0, 1),
(1093, '迎江区', '', 210801, '', '', '', 0, 1),
(1094, '大观区', '', 210802, '', '', '', 0, 1),
(1095, '宜秀区', '', 210803, '', '', '', 0, 1),
(1096, '怀宁县', '', 210804, '', '', '', 0, 1),
(1097, '枞阳县', '', 210805, '', '', '', 0, 1),
(1098, '潜山县', '', 210806, '', '', '', 0, 1),
(1099, '太湖县', '', 210807, '', '', '', 0, 1),
(1100, '宿松县', '', 210808, '', '', '', 0, 1),
(1101, '望江县', '', 210809, '', '', '', 0, 1),
(1102, '岳西县', '', 210810, '', '', '', 0, 1),
(1103, '桐城', '', 210811, '', '', '', 0, 1),
(1104, '黄山', '', 2109, '', '', '', 0, 1),
(1105, '屯溪区', '', 210901, '', '', '', 0, 1),
(1106, '黄山区', '', 210902, '', '', '', 0, 1),
(1107, '徽州区', '', 210903, '', '', '', 0, 1),
(1108, '歙县', '', 210904, '', '', '', 0, 1),
(1109, '休宁县', '', 210905, '', '', '', 0, 1),
(1110, '黟县', '', 210906, '', '', '', 0, 1),
(1111, '祁门县', '', 210907, '', '', '', 0, 1),
(1112, '滁州', '', 2110, '', '', '', 0, 1),
(1113, '琅琊区', '', 211001, '', '', '', 0, 1),
(1114, '南谯区', '', 211002, '', '', '', 0, 1),
(1115, '来安县', '', 211003, '', '', '', 0, 1),
(1116, '全椒县', '', 211004, '', '', '', 0, 1),
(1117, '定远县', '', 211005, '', '', '', 0, 1),
(1118, '凤阳县', '', 211006, '', '', '', 0, 1),
(1119, '天长', '', 211007, '', '', '', 0, 1),
(1120, '明光', '', 211008, '', '', '', 0, 1),
(1121, '阜阳', '', 2111, '', '', '', 0, 1),
(1122, '颍州区', '', 211101, '', '', '', 0, 1),
(1123, '颍东区', '', 211102, '', '', '', 0, 1),
(1124, '颍泉区', '', 211103, '', '', '', 0, 1),
(1125, '临泉县', '', 211104, '', '', '', 0, 1),
(1126, '太和县', '', 211105, '', '', '', 0, 1),
(1127, '阜南县', '', 211106, '', '', '', 0, 1),
(1128, '颍上县', '', 211107, '', '', '', 0, 1),
(1129, '界首', '', 211108, '', '', '', 0, 1),
(1130, '宿州', '', 2112, '', '', '', 0, 1),
(1131, '埇桥区', '', 211201, '', '', '', 0, 1),
(1132, '砀山县', '', 211202, '', '', '', 0, 1),
(1133, '萧县', '', 211203, '', '', '', 0, 1),
(1134, '灵璧县', '', 211204, '', '', '', 0, 1),
(1135, '泗县', '', 211205, '', '', '', 0, 1),
(1136, '巢湖', '', 2113, '', '', '', 0, 1),
(1137, '居巢区', '', 211301, '', '', '', 0, 1),
(1138, '庐江县', '', 211302, '', '', '', 0, 1),
(1139, '无为县', '', 211303, '', '', '', 0, 1),
(1140, '含山县', '', 211304, '', '', '', 0, 1),
(1141, '和县', '', 211305, '', '', '', 0, 1),
(1142, '六安', '', 2114, '', '', '', 0, 1),
(1143, '金安区', '', 211401, '', '', '', 0, 1),
(1144, '裕安区', '', 211402, '', '', '', 0, 1),
(1145, '寿县', '', 211403, '', '', '', 0, 1),
(1146, '霍邱县', '', 211404, '', '', '', 0, 1),
(1147, '舒城县', '', 211405, '', '', '', 0, 1),
(1148, '金寨县', '', 211406, '', '', '', 0, 1),
(1149, '霍山县', '', 211407, '', '', '', 0, 1),
(1150, '亳州', '', 2115, '', '', '', 0, 1),
(1151, '谯城区', '', 211501, '', '', '', 0, 1),
(1152, '涡阳县', '', 211502, '', '', '', 0, 1),
(1153, '蒙城县', '', 211503, '', '', '', 0, 1),
(1154, '利辛县', '', 211504, '', '', '', 0, 1),
(1155, '池州', '', 2116, '', '', '', 0, 1),
(1156, '贵池区', '', 211601, '', '', '', 0, 1),
(1157, '东至县', '', 211602, '', '', '', 0, 1),
(1158, '石台县', '', 211603, '', '', '', 0, 1),
(1159, '青阳县', '', 211604, '', '', '', 0, 1),
(1160, '宣城', '', 2117, '', '', '', 0, 1),
(1161, '宣州区', '', 211701, '', '', '', 0, 1),
(1162, '郎溪县', '', 211702, '', '', '', 0, 1),
(1163, '广德县', '', 211703, '', '', '', 0, 1),
(1164, '泾县', '', 211704, '', '', '', 0, 1),
(1165, '绩溪县', '', 211705, '', '', '', 0, 1),
(1166, '旌德县', '', 211706, '', '', '', 0, 1),
(1167, '宁国', '', 211707, '', '', '', 0, 1),
(1168, '福建省', '', 22, '', '', '', 0, 1),
(1169, '福州', '', 2201, '', '', '', 0, 1),
(1170, '鼓楼区', '', 220101, '', '', '', 0, 1),
(1171, '台江区', '', 220102, '', '', '', 0, 1),
(1172, '仓山区', '', 220103, '', '', '', 0, 1),
(1173, '马尾区', '', 220104, '', '', '', 0, 1),
(1174, '晋安区', '', 220105, '', '', '', 0, 1),
(1175, '闽侯县', '', 220106, '', '', '', 0, 1),
(1176, '连江县', '', 220107, '', '', '', 0, 1),
(1177, '罗源县', '', 220108, '', '', '', 0, 1),
(1178, '闽清县', '', 220109, '', '', '', 0, 1),
(1179, '永泰县', '', 220110, '', '', '', 0, 1),
(1180, '平潭县', '', 220111, '', '', '', 0, 1),
(1181, '福清', '', 220112, '', '', '', 0, 1),
(1182, '长乐', '', 220113, '', '', '', 0, 1),
(1183, '厦门', '', 2202, '', '', '', 0, 1),
(1184, '思明区', '', 220201, '', '', '', 0, 1),
(1185, '海沧区', '', 220202, '', '', '', 0, 1),
(1186, '湖里区', '', 220203, '', '', '', 0, 1),
(1187, '集美区', '', 220204, '', '', '', 0, 1),
(1188, '同安区', '', 220205, '', '', '', 0, 1),
(1189, '翔安区', '', 220206, '', '', '', 0, 1),
(1190, '莆田', '', 2203, '', '', '', 0, 1),
(1191, '城厢区', '', 220301, '', '', '', 0, 1),
(1192, '涵江区', '', 220302, '', '', '', 0, 1),
(1193, '荔城区', '', 220303, '', '', '', 0, 1),
(1194, '秀屿区', '', 220304, '', '', '', 0, 1),
(1195, '仙游县', '', 220305, '', '', '', 0, 1),
(1196, '三明', '', 2204, '', '', '', 0, 1),
(1197, '梅列区', '', 220401, '', '', '', 0, 1),
(1198, '三元区', '', 220402, '', '', '', 0, 1),
(1199, '明溪县', '', 220403, '', '', '', 0, 1),
(1200, '清流县', '', 220404, '', '', '', 0, 1),
(1201, '宁化县', '', 220405, '', '', '', 0, 1),
(1202, '大田县', '', 220406, '', '', '', 0, 1),
(1203, '尤溪县', '', 220407, '', '', '', 0, 1),
(1204, '沙县', '', 220408, '', '', '', 0, 1),
(1205, '将乐县', '', 220409, '', '', '', 0, 1),
(1206, '泰宁县', '', 220410, '', '', '', 0, 1),
(1207, '建宁县', '', 220411, '', '', '', 0, 1),
(1208, '永安', '', 220412, '', '', '', 0, 1),
(1209, '泉州', '', 2205, '', '', '', 0, 1),
(1210, '鲤城区', '', 220501, '', '', '', 0, 1),
(1211, '丰泽区', '', 220502, '', '', '', 0, 1),
(1212, '洛江区', '', 220503, '', '', '', 0, 1),
(1213, '泉港区', '', 220504, '', '', '', 0, 1),
(1214, '惠安县', '', 220505, '', '', '', 0, 1),
(1215, '安溪县', '', 220506, '', '', '', 0, 1),
(1216, '永春县', '', 220507, '', '', '', 0, 1),
(1217, '德化县', '', 220508, '', '', '', 0, 1),
(1218, '金门县', '', 220509, '', '', '', 0, 1),
(1219, '石狮', '', 220510, '', '', '', 0, 1),
(1220, '晋江', '', 220511, '', '', '', 0, 1),
(1221, '南安', '', 220512, '', '', '', 0, 1),
(1222, '漳州', '', 2206, '', '', '', 0, 1),
(1223, '芗城区', '', 220601, '', '', '', 0, 1),
(1224, '龙文区', '', 220602, '', '', '', 0, 1),
(1225, '云霄县', '', 220603, '', '', '', 0, 1),
(1226, '漳浦县', '', 220604, '', '', '', 0, 1),
(1227, '诏安县', '', 220605, '', '', '', 0, 1),
(1228, '长泰县', '', 220606, '', '', '', 0, 1),
(1229, '东山县', '', 220607, '', '', '', 0, 1),
(1230, '南靖县', '', 220608, '', '', '', 0, 1),
(1231, '平和县', '', 220609, '', '', '', 0, 1),
(1232, '华安县', '', 220610, '', '', '', 0, 1),
(1233, '龙海', '', 220611, '', '', '', 0, 1),
(1234, '南平', '', 2207, '', '', '', 0, 1),
(1235, '延平区', '', 220701, '', '', '', 0, 1),
(1236, '顺昌县', '', 220702, '', '', '', 0, 1),
(1237, '浦城县', '', 220703, '', '', '', 0, 1),
(1238, '光泽县', '', 220704, '', '', '', 0, 1),
(1239, '松溪县', '', 220705, '', '', '', 0, 1),
(1240, '政和县', '', 220706, '', '', '', 0, 1),
(1241, '邵武', '', 220707, '', '', '', 0, 1),
(1242, '武夷山', '', 220708, '', '', '', 0, 1),
(1243, '建瓯', '', 220709, '', '', '', 0, 1),
(1244, '建阳', '', 220710, '', '', '', 0, 1),
(1245, '龙岩', '', 2208, '', '', '', 0, 1),
(1246, '新罗区', '', 220801, '', '', '', 0, 1),
(1247, '长汀县', '', 220802, '', '', '', 0, 1),
(1248, '永定县', '', 220803, '', '', '', 0, 1),
(1249, '上杭县', '', 220804, '', '', '', 0, 1),
(1250, '武平县', '', 220805, '', '', '', 0, 1),
(1251, '连城县', '', 220806, '', '', '', 0, 1),
(1252, '漳平', '', 220807, '', '', '', 0, 1),
(1253, '宁德', '', 2209, '', '', '', 0, 1),
(1254, '蕉城区', '', 220901, '', '', '', 0, 1),
(1255, '霞浦县', '', 220902, '', '', '', 0, 1),
(1256, '古田县', '', 220903, '', '', '', 0, 1),
(1257, '屏南县', '', 220904, '', '', '', 0, 1),
(1258, '寿宁县', '', 220905, '', '', '', 0, 1),
(1259, '周宁县', '', 220906, '', '', '', 0, 1),
(1260, '柘荣县', '', 220907, '', '', '', 0, 1),
(1261, '福安', '', 220908, '', '', '', 0, 1),
(1262, '福鼎', '', 220909, '', '', '', 0, 1),
(1263, '江西省', '', 23, '', '', '', 0, 1),
(1264, '南昌', '', 2301, '', '', '', 0, 1),
(1265, '东湖区', '', 230101, '', '', '', 0, 1),
(1266, '西湖区', '', 230102, '', '', '', 0, 1),
(1267, '青云谱区', '', 230103, '', '', '', 0, 1),
(1268, '湾里区', '', 230104, '', '', '', 0, 1),
(1269, '青山湖区', '', 230105, '', '', '', 0, 1),
(1270, '南昌县', '', 230106, '', '', '', 0, 1),
(1271, '新建县', '', 230107, '', '', '', 0, 1),
(1272, '安义县', '', 230108, '', '', '', 0, 1),
(1273, '进贤县', '', 230109, '', '', '', 0, 1),
(1274, '景德镇', '', 2302, '', '', '', 0, 1),
(1275, '昌江区', '', 230201, '', '', '', 0, 1),
(1276, '珠山区', '', 230202, '', '', '', 0, 1),
(1277, '浮梁县', '', 230203, '', '', '', 0, 1),
(1278, '乐平', '', 230204, '', '', '', 0, 1),
(1279, '萍乡', '', 2303, '', '', '', 0, 1),
(1280, '安源区', '', 230301, '', '', '', 0, 1),
(1281, '湘东区', '', 230302, '', '', '', 0, 1),
(1282, '莲花县', '', 230303, '', '', '', 0, 1),
(1283, '上栗县', '', 230304, '', '', '', 0, 1),
(1284, '芦溪县', '', 230305, '', '', '', 0, 1),
(1285, '九江', '', 2304, '', '', '', 0, 1),
(1286, '庐山区', '', 230401, '', '', '', 0, 1),
(1287, '浔阳区', '', 230402, '', '', '', 0, 1),
(1288, '九江县', '', 230403, '', '', '', 0, 1),
(1289, '武宁县', '', 230404, '', '', '', 0, 1),
(1290, '修水县', '', 230405, '', '', '', 0, 1),
(1291, '永修县', '', 230406, '', '', '', 0, 1),
(1292, '德安县', '', 230407, '', '', '', 0, 1),
(1293, '星子县', '', 230408, '', '', '', 0, 1),
(1294, '都昌县', '', 230409, '', '', '', 0, 1),
(1295, '湖口县', '', 230410, '', '', '', 0, 1),
(1296, '彭泽县', '', 230411, '', '', '', 0, 1),
(1297, '瑞昌', '', 230412, '', '', '', 0, 1),
(1298, '新余', '', 2305, '', '', '', 0, 1),
(1299, '渝水区', '', 230501, '', '', '', 0, 1),
(1300, '分宜县', '', 230502, '', '', '', 0, 1),
(1301, '鹰潭', '', 2306, '', '', '', 0, 1),
(1302, '月湖区', '', 230601, '', '', '', 0, 1),
(1303, '余江县', '', 230602, '', '', '', 0, 1),
(1304, '贵溪', '', 230603, '', '', '', 0, 1),
(1305, '赣州', '', 2307, '', '', '', 0, 1),
(1306, '章贡区', '', 230701, '', '', '', 0, 1),
(1307, '赣县', '', 230702, '', '', '', 0, 1),
(1308, '信丰县', '', 230703, '', '', '', 0, 1),
(1309, '大余县', '', 230704, '', '', '', 0, 1),
(1310, '上犹县', '', 230705, '', '', '', 0, 1),
(1311, '崇义县', '', 230706, '', '', '', 0, 1),
(1312, '安远县', '', 230707, '', '', '', 0, 1),
(1313, '龙南县', '', 230708, '', '', '', 0, 1),
(1314, '定南县', '', 230709, '', '', '', 0, 1),
(1315, '全南县', '', 230710, '', '', '', 0, 1),
(1316, '宁都县', '', 230711, '', '', '', 0, 1),
(1317, '于都县', '', 230712, '', '', '', 0, 1),
(1318, '兴国县', '', 230713, '', '', '', 0, 1),
(1319, '会昌县', '', 230714, '', '', '', 0, 1),
(1320, '寻乌县', '', 230715, '', '', '', 0, 1),
(1321, '石城县', '', 230716, '', '', '', 0, 1),
(1322, '瑞金', '', 230717, '', '', '', 0, 1),
(1323, '南康', '', 230718, '', '', '', 0, 1),
(1324, '吉安', '', 2308, '', '', '', 0, 1),
(1325, '吉州区', '', 230801, '', '', '', 0, 1),
(1326, '青原区', '', 230802, '', '', '', 0, 1),
(1327, '吉安县', '', 230803, '', '', '', 0, 1),
(1328, '吉水县', '', 230804, '', '', '', 0, 1),
(1329, '峡江县', '', 230805, '', '', '', 0, 1),
(1330, '新干县', '', 230806, '', '', '', 0, 1),
(1331, '永丰县', '', 230807, '', '', '', 0, 1),
(1332, '泰和县', '', 230808, '', '', '', 0, 1),
(1333, '遂川县', '', 230809, '', '', '', 0, 1),
(1334, '万安县', '', 230810, '', '', '', 0, 1),
(1335, '安福县', '', 230811, '', '', '', 0, 1),
(1336, '永新县', '', 230812, '', '', '', 0, 1),
(1337, '井冈山', '', 230813, '', '', '', 0, 1),
(1338, '宜春', '', 2309, '', '', '', 0, 1),
(1339, '袁州区', '', 230901, '', '', '', 0, 1),
(1340, '奉新县', '', 230902, '', '', '', 0, 1),
(1341, '万载县', '', 230903, '', '', '', 0, 1),
(1342, '上高县', '', 230904, '', '', '', 0, 1),
(1343, '宜丰县', '', 230905, '', '', '', 0, 1),
(1344, '靖安县', '', 230906, '', '', '', 0, 1),
(1345, '铜鼓县', '', 230907, '', '', '', 0, 1),
(1346, '丰城', '', 230908, '', '', '', 0, 1),
(1347, '樟树', '', 230909, '', '', '', 0, 1),
(1348, '高安', '', 230910, '', '', '', 0, 1),
(1349, '抚州', '', 2310, '', '', '', 0, 1),
(1350, '临川区', '', 231001, '', '', '', 0, 1),
(1351, '南城县', '', 231002, '', '', '', 0, 1),
(1352, '黎川县', '', 231003, '', '', '', 0, 1),
(1353, '南丰县', '', 231004, '', '', '', 0, 1),
(1354, '崇仁县', '', 231005, '', '', '', 0, 1),
(1355, '乐安县', '', 231006, '', '', '', 0, 1),
(1356, '宜黄县', '', 231007, '', '', '', 0, 1),
(1357, '金溪县', '', 231008, '', '', '', 0, 1),
(1358, '资溪县', '', 231009, '', '', '', 0, 1),
(1359, '东乡县', '', 231010, '', '', '', 0, 1),
(1360, '广昌县', '', 231011, '', '', '', 0, 1),
(1361, '上饶', '', 2311, '', '', '', 0, 1),
(1362, '信州区', '', 231101, '', '', '', 0, 1),
(1363, '上饶县', '', 231102, '', '', '', 0, 1),
(1364, '广丰县', '', 231103, '', '', '', 0, 1),
(1365, '玉山县', '', 231104, '', '', '', 0, 1),
(1366, '铅山县', '', 231105, '', '', '', 0, 1),
(1367, '横峰县', '', 231106, '', '', '', 0, 1),
(1368, '弋阳县', '', 231107, '', '', '', 0, 1),
(1369, '余干县', '', 231108, '', '', '', 0, 1),
(1370, '鄱阳县', '', 231109, '', '', '', 0, 1),
(1371, '万年县', '', 231110, '', '', '', 0, 1),
(1372, '婺源县', '', 231111, '', '', '', 0, 1),
(1373, '德兴', '', 231112, '', '', '', 0, 1),
(1374, '山东省', '', 24, '', '', '', 0, 1),
(1375, '济南', '', 2401, '', '', '', 0, 1),
(1376, '历下区', '', 240101, '', '', '', 0, 1),
(1377, '市中区', '', 240102, 'default', '', 'array (\n  ''title'' => '''',\n  ''keywords'' => '''',\n  ''description'' => '''',\n  ''headhtml'' => '''',\n  ''hotwords'' => '''',\n)', 0, 1),
(1378, '槐荫区', '', 240103, '', '', '', 0, 1),
(1379, '天桥区', '', 240104, '', '', '', 0, 1),
(1380, '历城区', '', 240105, '', '', '', 0, 1),
(1381, '长清区', '', 240106, '', '', '', 0, 1),
(1382, '平阴县', '', 240107, '', '', '', 0, 1),
(1383, '济阳县', '', 240108, '', '', '', 0, 1),
(1384, '商河县', '', 240109, '', '', '', 0, 1),
(1385, '章丘', '', 240110, '', '', '', 0, 1),
(1386, '青岛', '', 2402, '', '', '', 0, 1),
(1387, '市南区', '', 240201, 'default', '', 'array (\n  ''title'' => '''',\n  ''keywords'' => '''',\n  ''description'' => '''',\n  ''headhtml'' => '''',\n  ''hotwords'' => '''',\n)', 0, 1),
(1388, '市北区', '', 240202, 'default', '', 'array (\n  ''title'' => '''',\n  ''keywords'' => '''',\n  ''description'' => '''',\n  ''headhtml'' => '''',\n  ''hotwords'' => '''',\n)', 0, 1),
(1389, '四方区', '', 240203, '', '', '', 0, 1),
(1390, '黄岛区', '', 240204, '', '', '', 0, 1),
(1391, '崂山区', '', 240205, '', '', '', 0, 1),
(1392, '李沧区', '', 240206, '', '', '', 0, 1),
(1393, '城阳区', '', 240207, '', '', '', 0, 1),
(1394, '胶州', '', 240208, '', '', '', 0, 1),
(1395, '即墨', '', 240209, '', '', '', 0, 1),
(1396, '平度', '', 240210, '', '', '', 0, 1),
(1397, '胶南', '', 240211, '', '', '', 0, 1),
(1398, '莱西', '', 240212, '', '', '', 0, 1),
(1399, '淄博', '', 2403, '', '', '', 0, 1),
(1400, '淄川区', '', 240301, '', '', '', 0, 1),
(1401, '张店区', '', 240302, '', '', '', 0, 1),
(1402, '博山区', '', 240303, '', '', '', 0, 1),
(1403, '临淄区', '', 240304, '', '', '', 0, 1),
(1404, '周村区', '', 240305, '', '', '', 0, 1),
(1405, '桓台县', '', 240306, '', '', '', 0, 1),
(1406, '高青县', '', 240307, '', '', '', 0, 1),
(1407, '沂源县', '', 240308, '', '', '', 0, 1),
(1408, '枣庄', '', 2404, '', '', '', 0, 1),
(1409, '市中区', '', 240401, 'default', '', 'array (\n  ''title'' => '''',\n  ''keywords'' => '''',\n  ''description'' => '''',\n  ''headhtml'' => '''',\n  ''hotwords'' => '''',\n)', 0, 1),
(1410, '薛城区', '', 240402, '', '', '', 0, 1),
(1411, '峄城区', '', 240403, '', '', '', 0, 1),
(1412, '台儿庄区', '', 240404, '', '', '', 0, 1),
(1413, '山亭区', '', 240405, '', '', '', 0, 1),
(1414, '滕州', '', 240406, '', '', '', 0, 1),
(1415, '东营', '', 2405, '', '', '', 0, 1),
(1416, '东营区', '', 240501, '', '', '', 0, 1),
(1417, '河口区', '', 240502, '', '', '', 0, 1),
(1418, '垦利县', '', 240503, '', '', '', 0, 1),
(1419, '利津县', '', 240504, '', '', '', 0, 1),
(1420, '广饶县', '', 240505, '', '', '', 0, 1),
(1421, '烟台', '', 2406, '', '', '', 0, 1),
(1422, '芝罘区', '', 240601, '', '', '', 0, 1),
(1423, '福山区', '', 240602, '', '', '', 0, 1),
(1424, '牟平区', '', 240603, '', '', '', 0, 1),
(1425, '莱山区', '', 240604, '', '', '', 0, 1),
(1426, '长岛县', '', 240605, '', '', '', 0, 1),
(1427, '龙口', '', 240606, '', '', '', 0, 1),
(1428, '莱阳', '', 240607, '', '', '', 0, 1),
(1429, '莱州', '', 240608, '', '', '', 0, 1),
(1430, '蓬莱', '', 240609, '', '', '', 0, 1),
(1431, '招远', '', 240610, '', '', '', 0, 1),
(1432, '栖霞', '', 240611, '', '', '', 0, 1),
(1433, '海阳', '', 240612, '', '', '', 0, 1),
(1434, '潍坊', '', 2407, '', '', '', 0, 1),
(1435, '潍城区', '', 240701, '', '', '', 0, 1),
(1436, '寒亭区', '', 240702, '', '', '', 0, 1),
(1437, '坊子区', '', 240703, '', '', '', 0, 1),
(1438, '奎文区', '', 240704, '', '', '', 0, 1),
(1439, '临朐县', '', 240705, '', '', '', 0, 1),
(1440, '昌乐县', '', 240706, '', '', '', 0, 1),
(1441, '青州', '', 240707, '', '', '', 0, 1),
(1442, '诸城', '', 240708, '', '', '', 0, 1),
(1443, '寿光', '', 240709, '', '', '', 0, 1),
(1444, '安丘', '', 240710, '', '', '', 0, 1),
(1445, '高密', '', 240711, '', '', '', 0, 1),
(1446, '昌邑', '', 240712, '', '', '', 0, 1),
(1447, '济宁', '', 2408, '', '', '', 0, 1),
(1448, '市中区', '', 240801, 'default', '', 'array (\n  ''title'' => '''',\n  ''keywords'' => '''',\n  ''description'' => '''',\n  ''headhtml'' => '''',\n  ''hotwords'' => '''',\n)', 0, 1),
(1449, '任城区', '', 240802, '', '', '', 0, 1),
(1450, '微山县', '', 240803, '', '', '', 0, 1),
(1451, '鱼台县', '', 240804, '', '', '', 0, 1),
(1452, '金乡县', '', 240805, '', '', '', 0, 1),
(1453, '嘉祥县', '', 240806, '', '', '', 0, 1),
(1454, '汶上县', '', 240807, '', '', '', 0, 1),
(1455, '泗水县', '', 240808, '', '', '', 0, 1),
(1456, '梁山县', '', 240809, '', '', '', 0, 1),
(1457, '曲阜', '', 240810, '', '', '', 0, 1),
(1458, '兖州', '', 240811, '', '', '', 0, 1),
(1459, '邹城', '', 240812, '', '', '', 0, 1),
(1460, '泰安', '', 2409, '', '', '', 0, 1),
(1461, '泰山区', '', 240901, '', '', '', 0, 1),
(1462, '岱岳区', '', 240902, '', '', '', 0, 1),
(1463, '宁阳县', '', 240903, '', '', '', 0, 1),
(1464, '东平县', '', 240904, '', '', '', 0, 1),
(1465, '新泰', '', 240905, '', '', '', 0, 1),
(1466, '肥城', '', 240906, '', '', '', 0, 1),
(1467, '威海', '', 2410, '', '', '', 0, 1),
(1468, '环翠区', '', 241001, '', '', '', 0, 1),
(1469, '文登', '', 241002, '', '', '', 0, 1),
(1470, '荣成', '', 241003, '', '', '', 0, 1),
(1471, '乳山', '', 241004, '', '', '', 0, 1),
(1472, '日照', '', 2411, '', '', '', 0, 1),
(1473, '东港区', '', 241101, '', '', '', 0, 1),
(1474, '岚山区', '', 241102, '', '', '', 0, 1),
(1475, '五莲县', '', 241103, '', '', '', 0, 1),
(1476, '莒县', '', 241104, '', '', '', 0, 1),
(1477, '莱芜', '', 2412, '', '', '', 0, 1),
(1478, '莱城区', '', 241201, '', '', '', 0, 1),
(1479, '钢城区', '', 241202, '', '', '', 0, 1),
(1480, '临沂', '', 2413, '', '', '', 0, 1),
(1481, '兰山区', '', 241301, '', '', '', 0, 1),
(1482, '罗庄区', '', 241302, '', '', '', 0, 1),
(1483, '河东区', '', 241303, '', '', '', 0, 1),
(1484, '沂南县', '', 241304, '', '', '', 0, 1),
(1485, '郯城县', '', 241305, '', '', '', 0, 1),
(1486, '沂水县', '', 241306, '', '', '', 0, 1),
(1487, '苍山县', '', 241307, '', '', '', 0, 1),
(1488, '费县', '', 241308, '', '', '', 0, 1),
(1489, '平邑县', '', 241309, '', '', '', 0, 1),
(1490, '莒南县', '', 241310, '', '', '', 0, 1),
(1491, '蒙阴县', '', 241311, '', '', '', 0, 1),
(1492, '临沭县', '', 241312, '', '', '', 0, 1),
(1493, '德州', '', 2414, '', '', '', 0, 1),
(1494, '德城区', '', 241401, '', '', '', 0, 1),
(1495, '陵县', '', 241402, '', '', '', 0, 1),
(1496, '宁津县', '', 241403, '', '', '', 0, 1),
(1497, '庆云县', '', 241404, '', '', '', 0, 1),
(1498, '临邑县', '', 241405, '', '', '', 0, 1),
(1499, '齐河县', '', 241406, '', '', '', 0, 1),
(1500, '平原县', '', 241407, '', '', '', 0, 1),
(1501, '夏津县', '', 241408, '', '', '', 0, 1),
(1502, '武城县', '', 241409, '', '', '', 0, 1),
(1503, '乐陵', '', 241410, '', '', '', 0, 1),
(1504, '禹城', '', 241411, '', '', '', 0, 1),
(1505, '聊城', '', 2415, '', '', '', 0, 1),
(1506, '东昌府区', '', 241501, '', '', '', 0, 1),
(1507, '阳谷县', '', 241502, '', '', '', 0, 1),
(1508, '莘县', '', 241503, '', '', '', 0, 1),
(1509, '茌平县', '', 241504, '', '', '', 0, 1),
(1510, '东阿县', '', 241505, '', '', '', 0, 1),
(1511, '冠县', '', 241506, '', '', '', 0, 1),
(1512, '高唐县', '', 241507, '', '', '', 0, 1),
(1513, '临清', '', 241508, '', '', '', 0, 1),
(1514, '滨州', '', 2416, '', '', '', 0, 1),
(1515, '滨城区', '', 241601, '', '', '', 0, 1),
(1516, '惠民县', '', 241602, '', '', '', 0, 1),
(1517, '阳信县', '', 241603, '', '', '', 0, 1),
(1518, '无棣县', '', 241604, '', '', '', 0, 1),
(1519, '沾化县', '', 241605, '', '', '', 0, 1),
(1520, '博兴县', '', 241606, '', '', '', 0, 1),
(1521, '邹平县', '', 241607, '', '', '', 0, 1),
(1522, '菏泽', '', 2417, '', '', '', 0, 1),
(1523, '牡丹区', '', 241701, '', '', '', 0, 1),
(1524, '曹县', '', 241702, '', '', '', 0, 1),
(1525, '单县', '', 241703, '', '', '', 0, 1),
(1526, '成武县', '', 241704, '', '', '', 0, 1),
(1527, '巨野县', '', 241705, '', '', '', 0, 1),
(1528, '郓城县', '', 241706, '', '', '', 0, 1),
(1529, '鄄城县', '', 241707, '', '', '', 0, 1),
(1530, '定陶县', '', 241708, '', '', '', 0, 1),
(1531, '东明县', '', 241709, '', '', '', 0, 1),
(1532, '河南省', '', 25, 'default', '', 'array (\n  ''title'' => '''',\n  ''keywords'' => '''',\n  ''description'' => '''',\n  ''headhtml'' => '''',\n  ''hotwords'' => '''',\n)', 0, 1),
(1533, '郑州', '', 2501, '', '', '', 0, 1),
(1534, '中原区', '', 250101, '', '', '', 0, 1),
(1535, '二七区', '', 250102, '', '', '', 0, 1),
(1536, '管城回族区', '', 250103, '', '', '', 0, 1),
(1537, '金水区', '', 250104, '', '', '', 0, 1),
(1538, '上街区', '', 250105, '', '', '', 0, 1),
(1539, '惠济区', '', 250106, '', '', '', 0, 1),
(1540, '中牟县', '', 250107, '', '', '', 0, 1),
(1541, '巩义', '', 250108, '', '', '', 0, 1),
(1542, '荥阳', '', 250109, '', '', '', 0, 1),
(1543, '新密', '', 250110, '', '', '', 0, 1),
(1544, '新郑', '', 250111, '', '', '', 0, 1),
(1545, '登封', '', 250112, '', '', '', 0, 1),
(1546, '开封', '', 2502, '', '', '', 0, 1),
(1547, '龙亭区', '', 250201, '', '', '', 0, 1),
(1548, '顺河回族区', '', 250202, '', '', '', 0, 1),
(1549, '鼓楼区', '', 250203, '', '', '', 0, 1),
(1550, '禹王台区', '', 250204, '', '', '', 0, 1),
(1551, '金明区', '', 250205, '', '', '', 0, 1),
(1552, '杞县', '', 250206, '', '', '', 0, 1),
(1553, '通许县', '', 250207, '', '', '', 0, 1),
(1554, '尉氏县', '', 250208, '', '', '', 0, 1),
(1555, '开封县', '', 250209, '', '', '', 0, 1),
(1556, '兰考县', '', 250210, '', '', '', 0, 1),
(1557, '洛阳', '', 2503, '', '', '', 0, 1),
(1558, '老城区', '', 250301, '', '', '', 0, 1),
(1559, '西工区', '', 250302, '', '', '', 0, 1),
(1560, '廛河回族区', '', 250303, '', '', '', 0, 1),
(1561, '涧西区', '', 250304, '', '', '', 0, 1),
(1562, '吉利区', '', 250305, '', '', '', 0, 1),
(1563, '洛龙区', '', 250306, '', '', '', 0, 1),
(1564, '孟津县', '', 250307, '', '', '', 0, 1),
(1565, '新安县', '', 250308, '', '', '', 0, 1),
(1566, '栾川县', '', 250309, '', '', '', 0, 1),
(1567, '嵩县', '', 250310, '', '', '', 0, 1),
(1568, '汝阳县', '', 250311, '', '', '', 0, 1),
(1569, '宜阳县', '', 250312, '', '', '', 0, 1),
(1570, '洛宁县', '', 250313, '', '', '', 0, 1),
(1571, '伊川县', '', 250314, '', '', '', 0, 1),
(1572, '偃师', '', 250315, '', '', '', 0, 1),
(1573, '平顶山', '', 2504, '', '', '', 0, 1),
(1574, '新华区', '', 250401, '', '', '', 0, 1),
(1575, '卫东区', '', 250402, '', '', '', 0, 1),
(1576, '石龙区', '', 250403, '', '', '', 0, 1),
(1577, '湛河区', '', 250404, '', '', '', 0, 1),
(1578, '宝丰县', '', 250405, '', '', '', 0, 1),
(1579, '叶县', '', 250406, '', '', '', 0, 1),
(1580, '鲁山县', '', 250407, '', '', '', 0, 1),
(1581, '郏县', '', 250408, '', '', '', 0, 1),
(1582, '舞钢', '', 250409, '', '', '', 0, 1),
(1583, '汝州', '', 250410, '', '', '', 0, 1),
(1584, '安阳', '', 2505, '', '', '', 0, 1),
(1585, '文峰区', '', 250501, '', '', '', 0, 1),
(1586, '北关区', '', 250502, '', '', '', 0, 1),
(1587, '殷都区', '', 250503, '', '', '', 0, 1),
(1588, '龙安区', '', 250504, '', '', '', 0, 1),
(1589, '安阳县', '', 250505, '', '', '', 0, 1),
(1590, '汤阴县', '', 250506, '', '', '', 0, 1),
(1591, '滑县', '', 250507, '', '', '', 0, 1),
(1592, '内黄县', '', 250508, '', '', '', 0, 1),
(1593, '林州', '', 250509, '', '', '', 0, 1),
(1594, '鹤壁', '', 2506, '', '', '', 0, 1),
(1595, '鹤山区', '', 250601, '', '', '', 0, 1),
(1596, '山城区', '', 250602, '', '', '', 0, 1),
(1597, '淇滨区', '', 250603, '', '', '', 0, 1),
(1598, '浚县', '', 250604, '', '', '', 0, 1),
(1599, '淇县', '', 250605, '', '', '', 0, 1),
(1600, '新乡', '', 2507, '', '', '', 0, 1),
(1601, '红旗区', '', 250701, '', '', '', 0, 1),
(1602, '卫滨区', '', 250702, '', '', '', 0, 1),
(1603, '凤泉区', '', 250703, '', '', '', 0, 1),
(1604, '牧野区', '', 250704, '', '', '', 0, 1),
(1605, '新乡县', '', 250705, '', '', '', 0, 1),
(1606, '获嘉县', '', 250706, '', '', '', 0, 1),
(1607, '原阳县', '', 250707, '', '', '', 0, 1),
(1608, '延津县', '', 250708, '', '', '', 0, 1),
(1609, '封丘县', '', 250709, '', '', '', 0, 1),
(1610, '长垣县', '', 250710, '', '', '', 0, 1),
(1611, '卫辉', '', 250711, '', '', '', 0, 1),
(1612, '辉县', '', 250712, '', '', '', 0, 1),
(1613, '焦作', '', 2508, '', '', '', 0, 1),
(1614, '解放区', '', 250801, '', '', '', 0, 1),
(1615, '中站区', '', 250802, '', '', '', 0, 1),
(1616, '马村区', '', 250803, '', '', '', 0, 1),
(1617, '山阳区', '', 250804, '', '', '', 0, 1),
(1618, '修武县', '', 250805, '', '', '', 0, 1),
(1619, '博爱县', '', 250806, '', '', '', 0, 1),
(1620, '武陟县', '', 250807, '', '', '', 0, 1),
(1621, '温县', '', 250808, '', '', '', 0, 1),
(1622, '济源', '', 250809, '', '', '', 0, 1),
(1623, '沁阳', '', 250810, '', '', '', 0, 1),
(1624, '孟州', '', 250811, '', '', '', 0, 1),
(1625, '濮阳', '', 2509, '', '', '', 0, 1),
(1626, '华龙区', '', 250901, '', '', '', 0, 1),
(1627, '清丰县', '', 250902, '', '', '', 0, 1),
(1628, '南乐县', '', 250903, '', '', '', 0, 1),
(1629, '范县', '', 250904, '', '', '', 0, 1),
(1630, '台前县', '', 250905, '', '', '', 0, 1),
(1631, '濮阳县', '', 250906, '', '', '', 0, 1),
(1632, '许昌', '', 2510, '', '', '', 0, 1),
(1633, '魏都区', '', 251001, '', '', '', 0, 1),
(1634, '许昌县', '', 251002, '', '', '', 0, 1),
(1635, '鄢陵县', '', 251003, '', '', '', 0, 1),
(1636, '襄城县', '', 251004, '', '', '', 0, 1),
(1637, '禹州', '', 251005, '', '', '', 0, 1),
(1638, '长葛', '', 251006, '', '', '', 0, 1),
(1639, '漯河', '', 2511, '', '', '', 0, 1),
(1640, '源汇区', '', 251101, '', '', '', 0, 1),
(1641, '郾城区', '', 251102, '', '', '', 0, 1),
(1642, '召陵区', '', 251103, '', '', '', 0, 1),
(1643, '舞阳县', '', 251104, '', '', '', 0, 1),
(1644, '临颍县', '', 251105, '', '', '', 0, 1),
(1645, '三门峡', '', 2512, '', '', '', 0, 1),
(1646, '湖滨区', '', 251201, '', '', '', 0, 1),
(1647, '渑池县', '', 251202, '', '', '', 0, 1),
(1648, '陕县', '', 251203, '', '', '', 0, 1),
(1649, '卢氏县', '', 251204, '', '', '', 0, 1),
(1650, '义马', '', 251205, '', '', '', 0, 1),
(1651, '灵宝', '', 251206, '', '', '', 0, 1),
(1652, '南阳', '', 2513, '', '', '', 0, 1),
(1653, '宛城区', '', 251301, '', '', '', 0, 1),
(1654, '卧龙区', '', 251302, '', '', '', 0, 1),
(1655, '南召县', '', 251303, '', '', '', 0, 1),
(1656, '方城县', '', 251304, '', '', '', 0, 1),
(1657, '西峡县', '', 251305, '', '', '', 0, 1),
(1658, '镇平县', '', 251306, '', '', '', 0, 1),
(1659, '内乡县', '', 251307, '', '', '', 0, 1),
(1660, '淅川县', '', 251308, '', '', '', 0, 1),
(1661, '社旗县', '', 251309, '', '', '', 0, 1),
(1662, '唐河县', '', 251310, '', '', '', 0, 1),
(1663, '新野县', '', 251311, '', '', '', 0, 1),
(1664, '桐柏县', '', 251312, '', '', '', 0, 1),
(1665, '邓州', '', 251313, '', '', '', 0, 1),
(1666, '商丘', '', 2514, '', '', '', 0, 1),
(1667, '梁园区', '', 251401, '', '', '', 0, 1),
(1668, '睢阳区', '', 251402, '', '', '', 0, 1),
(1669, '民权县', '', 251403, '', '', '', 0, 1),
(1670, '睢县', '', 251404, '', '', '', 0, 1),
(1671, '宁陵县', '', 251405, '', '', '', 0, 1),
(1672, '柘城县', '', 251406, '', '', '', 0, 1),
(1673, '虞城县', '', 251407, '', '', '', 0, 1),
(1674, '夏邑县', '', 251408, '', '', '', 0, 1),
(1675, '永城', '', 251409, '', '', '', 0, 1),
(1676, '信阳', '', 2515, '', '', '', 0, 1),
(1677, '浉河区', '', 251501, '', '', '', 0, 1),
(1678, '平桥区', '', 251502, '', '', '', 0, 1),
(1679, '罗山县', '', 251503, '', '', '', 0, 1),
(1680, '光山县', '', 251504, '', '', '', 0, 1),
(1681, '新县', '', 251505, '', '', '', 0, 1),
(1682, '商城县', '', 251506, '', '', '', 0, 1),
(1683, '固始县', '', 251507, '', '', '', 0, 1),
(1684, '潢川县', '', 251508, '', '', '', 0, 1),
(1685, '淮滨县', '', 251509, '', '', '', 0, 1),
(1686, '息县', '', 251510, '', '', '', 0, 1),
(1687, '周口', '', 2516, '', '', '', 0, 1),
(1688, '川汇区', '', 251601, '', '', '', 0, 1),
(1689, '扶沟县', '', 251602, '', '', '', 0, 1),
(1690, '西华县', '', 251603, '', '', '', 0, 1),
(1691, '商水县', '', 251604, '', '', '', 0, 1),
(1692, '沈丘县', '', 251605, '', '', '', 0, 1),
(1693, '郸城县', '', 251606, '', '', '', 0, 1),
(1694, '淮阳县', '', 251607, '', '', '', 0, 1),
(1695, '太康县', '', 251608, '', '', '', 0, 1),
(1696, '鹿邑县', '', 251609, '', '', '', 0, 1),
(1697, '项城', '', 251610, '', '', '', 0, 1),
(1698, '驻马店', '', 2517, '', '', '', 0, 1),
(1699, '驿城区', '', 251701, '', '', '', 0, 1),
(1700, '西平县', '', 251702, '', '', '', 0, 1),
(1701, '上蔡县', '', 251703, '', '', '', 0, 1),
(1702, '平舆县', '', 251704, '', '', '', 0, 1),
(1703, '正阳县', '', 251705, '', '', '', 0, 1),
(1704, '确山县', '', 251706, '', '', '', 0, 1),
(1705, '泌阳县', '', 251707, '', '', '', 0, 1),
(1706, '汝南县', '', 251708, '', '', '', 0, 1),
(1707, '遂平县', '', 251709, '', '', '', 0, 1),
(1708, '新蔡县', '', 251710, '', '', '', 0, 1),
(1709, '湖北省', '30.524413269923986,114.345703125', 26, 'default', '', 'array (\n  ''title'' => '''',\n  ''keywords'' => '''',\n  ''description'' => '''',\n  ''headhtml'' => '''',\n  ''hotwords'' => '''',\n)', 0, 1),
(1710, '武汉', '23.144464034005945,113.13892364501953', 2601, 'default', '', 'array (\n  ''title'' => '''',\n  ''keywords'' => '''',\n  ''description'' => '''',\n  ''hotwords'' => ''武汉 武汉 武汉 henter hubei 027'',\n)', 0, 1),
(1711, '江岸区', '', 260101, '', '', '', 0, 1),
(1712, '江汉区', '', 260102, '', '', '', 0, 1),
(1713, '硚口区', '', 260103, '', '', '', 0, 1),
(1714, '汉阳区', '', 260104, '', '', '', 0, 1),
(1715, '武昌区', '', 260105, '', '', '', 0, 1),
(1716, '青山区', '', 260106, '', '', '', 0, 1),
(1717, '洪山区', '', 260107, '', '', '', 0, 1),
(1718, '东西湖区', '', 260108, '', '', '', 0, 1),
(1719, '汉南区', '', 260109, '', '', '', 0, 1),
(1720, '蔡甸区', '', 260110, '', '', '', 0, 1),
(1721, '江夏区', '', 260111, '', '', '', 0, 1),
(1722, '黄陂区', '', 260112, '', '', '', 0, 1),
(1723, '新洲区', '', 260113, '', '', '', 0, 1),
(1724, '黄石', '', 2602, '', '', '', 0, 1),
(1725, '黄石港区', '', 260201, '', '', '', 0, 1),
(1726, '西塞山区', '', 260202, '', '', '', 0, 1),
(1727, '下陆区', '', 260203, '', '', '', 0, 1),
(1728, '铁山区', '', 260204, '', '', '', 0, 1),
(1729, '阳新县', '', 260205, '', '', '', 0, 1),
(1730, '大冶', '', 260206, '', '', '', 0, 1),
(1731, '十堰', '', 2603, '', '', '', 0, 1),
(1732, '茅箭区', '', 260301, '', '', '', 0, 1),
(1733, '张湾区', '', 260302, '', '', '', 0, 1),
(1734, '郧县', '', 260303, '', '', '', 0, 1),
(1735, '郧西县', '', 260304, '', '', '', 0, 1),
(1736, '竹山县', '', 260305, '', '', '', 0, 1),
(1737, '竹溪县', '', 260306, '', '', '', 0, 1),
(1738, '房县', '', 260307, '', '', '', 0, 1),
(1739, '丹江口', '', 260308, '', '', '', 0, 1),
(1740, '宜昌', '', 2604, '', '', '', 0, 1),
(1741, '西陵区', '', 260401, '', '', '', 0, 1),
(1742, '伍家岗区', '', 260402, '', '', '', 0, 1),
(1743, '点军区', '', 260403, '', '', '', 0, 1),
(1744, '猇亭区', '', 260404, '', '', '', 0, 1),
(1745, '夷陵区', '', 260405, '', '', '', 0, 1),
(1746, '远安县', '', 260406, '', '', '', 0, 1),
(1747, '兴山县', '', 260407, '', '', '', 0, 1),
(1748, '秭归县', '', 260408, '', '', '', 0, 1),
(1749, '长阳土家族自治县', '', 260409, '', '', '', 0, 1),
(1750, '五峰土家族自治县', '', 260410, '', '', '', 0, 1),
(1751, '宜都', '', 260411, '', '', '', 0, 1),
(1752, '当阳', '', 260412, '', '', '', 0, 1),
(1753, '枝江', '', 260413, '', '', '', 0, 1),
(1754, '襄樊', '', 2605, '', '', '', 0, 1),
(1755, '襄城区', '', 260501, '', '', '', 0, 1),
(1756, '樊城区', '', 260502, '', '', '', 0, 1),
(1757, '襄阳区', '', 260503, '', '', '', 0, 1),
(1758, '南漳县', '', 260504, '', '', '', 0, 1),
(1759, '谷城县', '', 260505, '', '', '', 0, 1),
(1760, '保康县', '', 260506, '', '', '', 0, 1),
(1761, '老河口', '', 260507, '', '', '', 0, 1),
(1762, '枣阳', '', 260508, '', '', '', 0, 1),
(1763, '宜城', '', 260509, '', '', '', 0, 1),
(1764, '鄂州', '30.38472258144958,114.87442016601562', 2606, 'default', '', 'array (\n  ''title'' => ''鄂州乐购乐'',\n  ''keywords'' => '''',\n  ''description'' => '''',\n  ''hotwords'' => ''鄂州'',\n)', 0, 1),
(1765, '梁子湖区', '', 260601, '', '', '', 0, 1),
(1766, '华容区', '', 260602, '', '', '', 0, 1),
(1767, '鄂城区', '', 260603, '', '', '', 0, 1),
(1768, '荆门', '', 2607, '', '', '', 0, 1),
(1769, '东宝区', '', 260701, '', '', '', 0, 1),
(1770, '掇刀区', '', 260702, '', '', '', 0, 1),
(1771, '京山县', '', 260703, '', '', '', 0, 1),
(1772, '沙洋县', '', 260704, '', '', '', 0, 1),
(1773, '钟祥', '', 260705, '', '', '', 0, 1),
(1774, '孝感', '', 2608, '', '', '', 0, 1),
(1775, '孝南区', '', 260801, '', '', '', 0, 1),
(1776, '孝昌县', '', 260802, '', '', '', 0, 1),
(1777, '大悟县', '', 260803, '', '', '', 0, 1),
(1778, '云梦县', '', 260804, '', '', '', 0, 1),
(1779, '应城', '', 260805, '', '', '', 0, 1),
(1780, '安陆', '', 260806, '', '', '', 0, 1),
(1781, '汉川', '', 260807, '', '', '', 0, 1),
(1782, '荆州', '', 2609, '', '', '', 0, 1),
(1783, '沙区', '', 260901, '', '', '', 0, 1),
(1784, '荆州区', '', 260902, '', '', '', 0, 1),
(1785, '公安县', '', 260903, '', '', '', 0, 1),
(1786, '监利县', '', 260904, '', '', '', 0, 1),
(1787, '江陵县', '', 260905, '', '', '', 0, 1),
(1788, '石首', '', 260906, '', '', '', 0, 1),
(1789, '洪湖', '', 260907, '', '', '', 0, 1),
(1790, '松滋', '', 260908, '', '', '', 0, 1),
(1791, '黄冈', '', 2610, '', '', '', 0, 1),
(1792, '黄州区', '', 261001, '', '', '', 0, 1),
(1793, '团风县', '', 261002, '', '', '', 0, 1),
(1794, '红安县', '', 261003, '', '', '', 0, 1),
(1795, '罗田县', '', 261004, '', '', '', 0, 1),
(1796, '英山县', '', 261005, '', '', '', 0, 1),
(1797, '浠水县', '', 261006, '', '', '', 0, 1),
(1798, '蕲春县', '', 261007, '', '', '', 0, 1),
(1799, '黄梅县', '', 261008, '', '', '', 0, 1),
(1800, '麻城', '', 261009, '', '', '', 0, 1),
(1801, '武穴', '', 261010, '', '', '', 0, 1),
(1802, '咸宁', '', 2611, '', '', '', 0, 1),
(1803, '咸安区', '', 261101, '', '', '', 0, 1),
(1804, '嘉鱼县', '', 261102, '', '', '', 0, 1),
(1805, '通城县', '', 261103, '', '', '', 0, 1),
(1806, '崇阳县', '', 261104, '', '', '', 0, 1),
(1807, '通山县', '', 261105, '', '', '', 0, 1),
(1808, '赤壁', '', 261106, '', '', '', 0, 1),
(1809, '随州', '', 2612, '', '', '', 0, 1),
(1810, '曾都区', '', 261201, '', '', '', 0, 1),
(1811, '广水', '', 261202, '', '', '', 0, 1),
(1812, '恩施土家族苗族自治州', '', 2613, '', '', '', 0, 1),
(1813, '恩施', '', 261301, '', '', '', 0, 1),
(1814, '利川', '', 261302, '', '', '', 0, 1),
(1815, '建始县', '', 261303, '', '', '', 0, 1),
(1816, '巴东县', '', 261304, '', '', '', 0, 1),
(1817, '宣恩县', '', 261305, '', '', '', 0, 1),
(1818, '咸丰县', '', 261306, '', '', '', 0, 1),
(1819, '来凤县', '', 261307, '', '', '', 0, 1),
(1820, '鹤峰县', '', 261308, '', '', '', 0, 1),
(1821, '省直辖行政单位', '', 2614, '', '', '', 0, 1),
(1822, '仙桃', '', 261401, '', '', '', 0, 1),
(1823, '潜江', '', 261402, '', '', '', 0, 1),
(1824, '天门', '', 261403, '', '', '', 0, 1),
(1825, '神农架林区', '', 261404, '', '', '', 0, 1),
(1826, '湖南省', '', 27, '', '', '', 0, 1),
(1827, '长沙', '', 2701, '', '', '', 0, 1),
(1828, '芙蓉区', '', 270101, '', '', '', 0, 1),
(1829, '天心区', '', 270102, '', '', '', 0, 1),
(1830, '岳麓区', '', 270103, '', '', '', 0, 1),
(1831, '开福区', '', 270104, '', '', '', 0, 1),
(1832, '雨花区', '', 270105, '', '', '', 0, 1),
(1833, '长沙县', '', 270106, '', '', '', 0, 1),
(1834, '望城县', '', 270107, '', '', '', 0, 1),
(1835, '宁乡县', '', 270108, '', '', '', 0, 1),
(1836, '浏阳', '', 270109, '', '', '', 0, 1),
(1837, '株洲', '', 2702, '', '', '', 0, 1),
(1838, '荷塘区', '', 270201, '', '', '', 0, 1),
(1839, '芦淞区', '', 270202, '', '', '', 0, 1),
(1840, '石峰区', '', 270203, '', '', '', 0, 1),
(1841, '天元区', '', 270204, '', '', '', 0, 1),
(1842, '株洲县', '', 270205, '', '', '', 0, 1),
(1843, '攸县', '', 270206, '', '', '', 0, 1),
(1844, '茶陵县', '', 270207, '', '', '', 0, 1),
(1845, '炎陵县', '', 270208, '', '', '', 0, 1),
(1846, '醴陵', '', 270209, '', '', '', 0, 1),
(1847, '湘潭', '', 2703, '', '', '', 0, 1),
(1848, '雨湖区', '', 270301, '', '', '', 0, 1),
(1849, '岳塘区', '', 270302, '', '', '', 0, 1),
(1850, '湘潭县', '', 270303, '', '', '', 0, 1),
(1851, '湘乡', '', 270304, '', '', '', 0, 1),
(1852, '韶山', '', 270305, '', '', '', 0, 1),
(1853, '衡阳', '', 2704, '', '', '', 0, 1),
(1854, '珠晖区', '', 270401, '', '', '', 0, 1),
(1855, '雁峰区', '', 270402, '', '', '', 0, 1),
(1856, '石鼓区', '', 270403, '', '', '', 0, 1),
(1857, '蒸湘区', '', 270404, '', '', '', 0, 1),
(1858, '南岳区', '', 270405, '', '', '', 0, 1),
(1859, '衡阳县', '', 270406, '', '', '', 0, 1),
(1860, '衡南县', '', 270407, '', '', '', 0, 1),
(1861, '衡山县', '', 270408, '', '', '', 0, 1),
(1862, '衡东县', '', 270409, '', '', '', 0, 1),
(1863, '祁东县', '', 270410, '', '', '', 0, 1),
(1864, '耒阳', '', 270411, '', '', '', 0, 1),
(1865, '常宁', '', 270412, '', '', '', 0, 1),
(1866, '邵阳', '', 2705, '', '', '', 0, 1),
(1867, '双清区', '', 270501, '', '', '', 0, 1),
(1868, '大祥区', '', 270502, '', '', '', 0, 1),
(1869, '北塔区', '', 270503, '', '', '', 0, 1),
(1870, '邵东县', '', 270504, '', '', '', 0, 1),
(1871, '新邵县', '', 270505, '', '', '', 0, 1),
(1872, '邵阳县', '', 270506, '', '', '', 0, 1),
(1873, '隆回县', '', 270507, '', '', '', 0, 1),
(1874, '洞口县', '', 270508, '', '', '', 0, 1),
(1875, '绥宁县', '', 270509, '', '', '', 0, 1),
(1876, '新宁县', '', 270510, '', '', '', 0, 1),
(1877, '城步苗族自治县', '', 270511, '', '', '', 0, 1),
(1878, '武冈', '', 270512, '', '', '', 0, 1),
(1879, '岳阳', '', 2706, '', '', '', 0, 1),
(1880, '岳阳楼区', '', 270601, '', '', '', 0, 1),
(1881, '云溪区', '', 270602, '', '', '', 0, 1),
(1882, '君山区', '', 270603, '', '', '', 0, 1),
(1883, '岳阳县', '', 270604, '', '', '', 0, 1),
(1884, '华容县', '', 270605, '', '', '', 0, 1),
(1885, '湘阴县', '', 270606, '', '', '', 0, 1),
(1886, '平江县', '', 270607, '', '', '', 0, 1),
(1887, '汨罗', '', 270608, '', '', '', 0, 1),
(1888, '临湘', '', 270609, '', '', '', 0, 1),
(1889, '常德', '', 2707, '', '', '', 0, 1),
(1890, '武陵区', '', 270701, '', '', '', 0, 1),
(1891, '鼎城区', '', 270702, '', '', '', 0, 1),
(1892, '安乡县', '', 270703, '', '', '', 0, 1),
(1893, '汉寿县', '', 270704, '', '', '', 0, 1),
(1894, '澧县', '', 270705, '', '', '', 0, 1),
(1895, '临澧县', '', 270706, '', '', '', 0, 1),
(1896, '桃源县', '', 270707, '', '', '', 0, 1),
(1897, '石门县', '', 270708, '', '', '', 0, 1),
(1898, '津', '', 270709, '', '', '', 0, 1),
(1899, '张家界', '', 2708, '', '', '', 0, 1),
(1900, '永定区', '', 270801, '', '', '', 0, 1),
(1901, '武陵源区', '', 270802, '', '', '', 0, 1),
(1902, '慈利县', '', 270803, '', '', '', 0, 1),
(1903, '桑植县', '', 270804, '', '', '', 0, 1),
(1904, '益阳', '', 2709, '', '', '', 0, 1),
(1905, '资阳区', '', 270901, '', '', '', 0, 1),
(1906, '赫山区', '', 270902, '', '', '', 0, 1),
(1907, '南县', '', 270903, '', '', '', 0, 1),
(1908, '桃江县', '', 270904, '', '', '', 0, 1),
(1909, '安化县', '', 270905, '', '', '', 0, 1),
(1910, '沅江', '', 270906, '', '', '', 0, 1),
(1911, '郴州', '', 2710, '', '', '', 0, 1),
(1912, '北湖区', '', 271001, '', '', '', 0, 1),
(1913, '苏仙区', '', 271002, '', '', '', 0, 1),
(1914, '桂阳县', '', 271003, '', '', '', 0, 1),
(1915, '宜章县', '', 271004, '', '', '', 0, 1),
(1916, '永兴县', '', 271005, '', '', '', 0, 1),
(1917, '嘉禾县', '', 271006, '', '', '', 0, 1),
(1918, '临武县', '', 271007, '', '', '', 0, 1),
(1919, '汝城县', '', 271008, '', '', '', 0, 1),
(1920, '桂东县', '', 271009, '', '', '', 0, 1),
(1921, '安仁县', '', 271010, '', '', '', 0, 1),
(1922, '姿', '', 271011, '', '', '', 0, 1),
(1923, '永州', '', 2711, '', '', '', 0, 1),
(1924, '零陵区', '', 271101, '', '', '', 0, 1),
(1925, '冷水滩区', '', 271102, '', '', '', 0, 1),
(1926, '祁阳县', '', 271103, '', '', '', 0, 1),
(1927, '东安县', '', 271104, '', '', '', 0, 1),
(1928, '双牌县', '', 271105, '', '', '', 0, 1),
(1929, '道县', '', 271106, '', '', '', 0, 1),
(1930, '江永县', '', 271107, '', '', '', 0, 1),
(1931, '宁远县', '', 271108, '', '', '', 0, 1),
(1932, '蓝山县', '', 271109, '', '', '', 0, 1),
(1933, '新田县', '', 271110, '', '', '', 0, 1),
(1934, '江华瑶族自治县', '', 271111, '', '', '', 0, 1),
(1935, '怀化', '', 2712, '', '', '', 0, 1),
(1936, '鹤城区', '', 271201, '', '', '', 0, 1),
(1937, '中方县', '', 271202, '', '', '', 0, 1),
(1938, '沅陵县', '', 271203, '', '', '', 0, 1),
(1939, '辰溪县', '', 271204, '', '', '', 0, 1),
(1940, '溆浦县', '', 271205, '', '', '', 0, 1),
(1941, '会同县', '', 271206, '', '', '', 0, 1),
(1942, '麻阳苗族自治县', '', 271207, '', '', '', 0, 1),
(1943, '新晃侗族自治县', '', 271208, '', '', '', 0, 1),
(1944, '芷江侗族自治县', '', 271209, '', '', '', 0, 1),
(1945, '靖州苗族侗族自治县', '', 271210, '', '', '', 0, 1),
(1946, '通道侗族自治县', '', 271211, '', '', '', 0, 1),
(1947, '洪江', '', 271212, '', '', '', 0, 1),
(1948, '娄底', '', 2713, '', '', '', 0, 1),
(1949, '娄星区', '', 271301, '', '', '', 0, 1),
(1950, '双峰县', '', 271302, '', '', '', 0, 1),
(1951, '新化县', '', 271303, '', '', '', 0, 1),
(1952, '冷水江', '', 271304, '', '', '', 0, 1),
(1953, '涟源', '', 271305, '', '', '', 0, 1),
(1954, '湘西土家族苗族自治州', '', 2714, '', '', '', 0, 1),
(1955, '吉首', '', 271401, '', '', '', 0, 1),
(1956, '泸溪县', '', 271402, '', '', '', 0, 1),
(1957, '凤凰县', '', 271403, '', '', '', 0, 1),
(1958, '花垣县', '', 271404, '', '', '', 0, 1),
(1959, '保靖县', '', 271405, '', '', '', 0, 1),
(1960, '古丈县', '', 271406, '', '', '', 0, 1),
(1961, '永顺县', '', 271407, '', '', '', 0, 1),
(1962, '龙山县', '', 271408, '', '', '', 0, 1),
(1963, '广东省', '', 28, 'new', '', 'array (\n  ''title'' => '''',\n  ''keywords'' => '''',\n  ''description'' => '''',\n  ''headhtml'' => '''',\n  ''hotwords'' => '''',\n)', 0, 1),
(1964, '广州', '', 2801, '', '', '', 0, 1),
(1965, '荔湾区', '', 280101, '', '', '', 0, 1),
(1966, '越秀区', '', 280102, '', '', '', 0, 1),
(1967, '海珠区', '', 280103, '', '', '', 0, 1),
(1968, '天河区', '', 280104, '', '', '', 0, 1),
(1969, '白云区', '', 280105, '', '', '', 0, 1),
(1970, '黄埔区', '', 280106, '', '', '', 0, 1),
(1971, '番禺区', '', 280107, '', '', '', 0, 1),
(1972, '花都区', '', 280108, '', '', '', 0, 1),
(1973, '南沙区', '', 280109, '', '', '', 0, 1),
(1974, '萝岗区', '', 280110, '', '', '', 0, 1),
(1975, '增城', '', 280111, '', '', '', 0, 1),
(1976, '从化', '', 280112, '', '', '', 0, 1),
(1977, '韶关', '', 2802, '', '', '', 0, 1),
(1978, '武江区', '', 280201, '', '', '', 0, 1),
(1979, '浈江区', '', 280202, '', '', '', 0, 1),
(1980, '曲江区', '', 280203, '', '', '', 0, 1),
(1981, '始兴县', '', 280204, '', '', '', 0, 1),
(1982, '仁化县', '', 280205, '', '', '', 0, 1),
(1983, '翁源县', '', 280206, '', '', '', 0, 1),
(1984, '乳源瑶族自治县', '', 280207, '', '', '', 0, 1),
(1985, '新丰县', '', 280208, '', '', '', 0, 1),
(1986, '乐昌', '', 280209, '', '', '', 0, 1),
(1987, '南雄', '', 280210, '', '', '', 0, 1),
(1988, '深圳', '', 2803, '', '', '', 0, 1),
(1989, '罗湖区', '', 280301, '', '', '', 0, 1),
(1990, '福田区', '', 280302, '', '', '', 0, 1),
(1991, '南山区', '', 280303, '', '', '', 0, 1),
(1992, '宝安区', '', 280304, '', '', '', 0, 1),
(1993, '龙岗区', '', 280305, '', '', '', 0, 1),
(1994, '盐田区', '', 280306, '', '', '', 0, 1),
(1995, '珠海', '', 2804, '', '', '', 0, 1),
(1996, '香洲区', '', 280401, '', '', '', 0, 1),
(1997, '斗门区', '', 280402, '', '', '', 0, 1),
(1998, '金湾区', '', 280403, '', '', '', 0, 1),
(1999, '汕头', '', 2805, '', '', '', 0, 1),
(2000, '龙湖区', '', 280501, '', '', '', 0, 1),
(2001, '金平区', '', 280502, '', '', '', 0, 1),
(2002, '濠江区', '', 280503, '', '', '', 0, 1),
(2003, '潮阳区', '', 280504, '', '', '', 0, 1),
(2004, '潮南区', '', 280505, '', '', '', 0, 1),
(2005, '澄海区', '', 280506, '', '', '', 0, 1),
(2006, '南澳县', '', 280507, '', '', '', 0, 1),
(2007, '佛山', '', 2806, '', '', '', 0, 1),
(2008, '禅城区', '', 280601, '', '', '', 0, 1),
(2009, '南海区', '', 280602, '', '', '', 0, 1),
(2010, '顺德区', '', 280603, '', '', '', 0, 1),
(2011, '三水区', '', 280604, '', '', '', 0, 1),
(2012, '高明区', '', 280605, '', '', '', 0, 1),
(2013, '江门', '', 2807, '', '', '', 0, 1),
(2014, '蓬江区', '', 280701, '', '', '', 0, 1),
(2015, '江海区', '', 280702, '', '', '', 0, 1),
(2016, '新会区', '', 280703, '', '', '', 0, 1),
(2017, '台山', '', 280704, '', '', '', 0, 1),
(2018, '开平', '', 280705, '', '', '', 0, 1),
(2019, '鹤山', '', 280706, '', '', '', 0, 1),
(2020, '恩平', '', 280707, '', '', '', 0, 1),
(2021, '湛江', '', 2808, '', '', '', 0, 1),
(2022, '赤坎区', '', 280801, '', '', '', 0, 1),
(2023, '霞山区', '', 280802, '', '', '', 0, 1),
(2024, '坡头区', '', 280803, '', '', '', 0, 1),
(2025, '麻章区', '', 280804, '', '', '', 0, 1),
(2026, '遂溪县', '', 280805, '', '', '', 0, 1),
(2027, '徐闻县', '', 280806, '', '', '', 0, 1),
(2028, '廉江', '', 280807, '', '', '', 0, 1),
(2029, '雷州', '', 280808, '', '', '', 0, 1),
(2030, '吴川', '', 280809, '', '', '', 0, 1),
(2031, '茂名', '', 2809, '', '', '', 0, 1),
(2032, '茂南区', '', 280901, '', '', '', 0, 1),
(2033, '茂港区', '', 280902, '', '', '', 0, 1),
(2034, '电白县', '', 280903, '', '', '', 0, 1),
(2035, '高州', '', 280904, '', '', '', 0, 1),
(2036, '化州', '', 280905, '', '', '', 0, 1),
(2037, '信宜', '', 280906, '', '', '', 0, 1),
(2038, '肇庆', '', 2810, '', '', '', 0, 1),
(2039, '端州区', '', 281001, '', '', '', 0, 1);
INSERT INTO `dc_area` (`aid`, `areaname`, `mappoint`, `areacode`, `template`, `domain`, `setting`, `listorder`, `status`) VALUES
(2040, '鼎湖区', '', 281002, '', '', '', 0, 1),
(2041, '广宁县', '', 281003, '', '', '', 0, 1),
(2042, '怀集县', '', 281004, '', '', '', 0, 1),
(2043, '封开县', '', 281005, '', '', '', 0, 1),
(2044, '德庆县', '', 281006, '', '', '', 0, 1),
(2045, '高要', '', 281007, '', '', '', 0, 1),
(2046, '四会', '', 281008, '', '', '', 0, 1),
(2047, '惠州', '', 2811, '', '', '', 0, 1),
(2048, '惠城区', '', 281101, '', '', '', 0, 1),
(2049, '惠阳区', '', 281102, '', '', '', 0, 1),
(2050, '博罗县', '', 281103, '', '', '', 0, 1),
(2051, '惠东县', '', 281104, '', '', '', 0, 1),
(2052, '龙门县', '', 281105, '', '', '', 0, 1),
(2053, '梅州', '', 2812, '', '', '', 0, 1),
(2054, '梅江区', '', 281201, '', '', '', 0, 1),
(2055, '梅县', '', 281202, '', '', '', 0, 1),
(2056, '大埔县', '', 281203, '', '', '', 0, 1),
(2057, '丰顺县', '', 281204, '', '', '', 0, 1),
(2058, '五华县', '', 281205, '', '', '', 0, 1),
(2059, '平远县', '', 281206, '', '', '', 0, 1),
(2060, '蕉岭县', '', 281207, '', '', '', 0, 1),
(2061, '兴宁', '', 281208, '', '', '', 0, 1),
(2062, '汕尾', '', 2813, '', '', '', 0, 1),
(2063, '城区', '', 281301, '', '', '', 0, 1),
(2064, '海丰县', '', 281302, '', '', '', 0, 1),
(2065, '陆河县', '', 281303, '', '', '', 0, 1),
(2066, '陆丰', '', 281304, '', '', '', 0, 1),
(2067, '河源', '', 2814, '', '', '', 0, 1),
(2068, '源城区', '', 281401, '', '', '', 0, 1),
(2069, '紫金县', '', 281402, '', '', '', 0, 1),
(2070, '龙川县', '', 281403, '', '', '', 0, 1),
(2071, '连平县', '', 281404, '', '', '', 0, 1),
(2072, '和平县', '', 281405, '', '', '', 0, 1),
(2073, '东源县', '', 281406, '', '', '', 0, 1),
(2074, '阳江', '', 2815, '', '', '', 0, 1),
(2075, '江城区', '', 281501, '', '', '', 0, 1),
(2076, '阳西县', '', 281502, '', '', '', 0, 1),
(2077, '阳东县', '', 281503, '', '', '', 0, 1),
(2078, '阳春', '', 281504, '', '', '', 0, 1),
(2079, '清远', '', 2816, '', '', '', 0, 1),
(2080, '清城区', '', 281601, '', '', '', 0, 1),
(2081, '佛冈县', '', 281602, '', '', '', 0, 1),
(2082, '阳山县', '', 281603, '', '', '', 0, 1),
(2083, '连山壮族瑶族自治县', '', 281604, '', '', '', 0, 1),
(2084, '连南瑶族自治县', '', 281605, '', '', '', 0, 1),
(2085, '清新县', '', 281606, '', '', '', 0, 1),
(2086, '英德', '', 281607, '', '', '', 0, 1),
(2087, '连州', '', 281608, '', '', '', 0, 1),
(2088, '东莞', '', 2817, '', '', '', 0, 1),
(2089, '中山', '', 2818, '', '', '', 0, 1),
(2090, '潮州', '', 2819, '', '', '', 0, 1),
(2091, '湘桥区', '', 281901, '', '', '', 0, 1),
(2092, '潮安县', '', 281902, '', '', '', 0, 1),
(2093, '饶平县', '', 281903, '', '', '', 0, 1),
(2094, '揭阳', '', 2820, '', '', '', 0, 1),
(2095, '榕城区', '', 282001, '', '', '', 0, 1),
(2096, '揭东县', '', 282002, '', '', '', 0, 1),
(2097, '揭西县', '', 282003, '', '', '', 0, 1),
(2098, '惠来县', '', 282004, '', '', '', 0, 1),
(2099, '普宁', '', 282005, '', '', '', 0, 1),
(2100, '云浮', '', 2821, '', '', '', 0, 1),
(2101, '云城区', '', 282101, '', '', '', 0, 1),
(2102, '新兴县', '', 282102, '', '', '', 0, 1),
(2103, '郁南县', '', 282103, '', '', '', 0, 1),
(2104, '云安县', '', 282104, '', '', '', 0, 1),
(2105, '罗定', '', 282105, '', '', '', 0, 1),
(2106, '广西壮族自治区', '', 29, '', '', '', 0, 1),
(2107, '南宁', '', 2901, '', '', '', 0, 1),
(2108, '兴宁区', '', 290101, '', '', '', 0, 1),
(2109, '青秀区', '', 290102, '', '', '', 0, 1),
(2110, '江南区', '', 290103, '', '', '', 0, 1),
(2111, '西乡塘区', '', 290104, '', '', '', 0, 1),
(2112, '良庆区', '', 290105, '', '', '', 0, 1),
(2113, '邕宁区', '', 290106, '', '', '', 0, 1),
(2114, '武鸣县', '', 290107, '', '', '', 0, 1),
(2115, '隆安县', '', 290108, '', '', '', 0, 1),
(2116, '马山县', '', 290109, '', '', '', 0, 1),
(2117, '上林县', '', 290110, '', '', '', 0, 1),
(2118, '宾阳县', '', 290111, '', '', '', 0, 1),
(2119, '横县', '', 290112, '', '', '', 0, 1),
(2120, '柳州', '', 2902, '', '', '', 0, 1),
(2121, '城中区', '', 290201, '', '', '', 0, 1),
(2122, '鱼峰区', '', 290202, '', '', '', 0, 1),
(2123, '柳南区', '', 290203, '', '', '', 0, 1),
(2124, '柳北区', '', 290204, '', '', '', 0, 1),
(2125, '柳江县', '', 290205, '', '', '', 0, 1),
(2126, '柳城县', '', 290206, '', '', '', 0, 1),
(2127, '鹿寨县', '', 290207, '', '', '', 0, 1),
(2128, '融安县', '', 290208, '', '', '', 0, 1),
(2129, '融水苗族自治县', '', 290209, '', '', '', 0, 1),
(2130, '三江侗族自治县', '', 290210, '', '', '', 0, 1),
(2131, '桂林', '', 2903, '', '', '', 0, 1),
(2132, '秀峰区', '', 290301, '', '', '', 0, 1),
(2133, '叠彩区', '', 290302, '', '', '', 0, 1),
(2134, '象山区', '', 290303, '', '', '', 0, 1),
(2135, '七星区', '', 290304, '', '', '', 0, 1),
(2136, '雁山区', '', 290305, '', '', '', 0, 1),
(2137, '阳朔县', '', 290306, '', '', '', 0, 1),
(2138, '临桂县', '', 290307, '', '', '', 0, 1),
(2139, '灵川县', '', 290308, '', '', '', 0, 1),
(2140, '全州县', '', 290309, '', '', '', 0, 1),
(2141, '兴安县', '', 290310, '', '', '', 0, 1),
(2142, '永福县', '', 290311, '', '', '', 0, 1),
(2143, '灌阳县', '', 290312, '', '', '', 0, 1),
(2144, '龙胜各族自治县', '', 290313, '', '', '', 0, 1),
(2145, '资源县', '', 290314, '', '', '', 0, 1),
(2146, '平乐县', '', 290315, '', '', '', 0, 1),
(2147, '荔蒲县', '', 290316, '', '', '', 0, 1),
(2148, '恭城瑶族自治县', '', 290317, '', '', '', 0, 1),
(2149, '梧州', '', 2904, '', '', '', 0, 1),
(2150, '万秀区', '', 290401, '', '', '', 0, 1),
(2151, '蝶山区', '', 290402, '', '', '', 0, 1),
(2152, '长洲区', '', 290403, '', '', '', 0, 1),
(2153, '苍梧县', '', 290404, '', '', '', 0, 1),
(2154, '藤县', '', 290405, '', '', '', 0, 1),
(2155, '蒙山县', '', 290406, '', '', '', 0, 1),
(2156, '岑溪', '', 290407, '', '', '', 0, 1),
(2157, '北海', '', 2905, '', '', '', 0, 1),
(2158, '海城区', '', 290501, '', '', '', 0, 1),
(2159, '银海区', '', 290502, '', '', '', 0, 1),
(2160, '铁山港区', '', 290503, '', '', '', 0, 1),
(2161, '合浦县', '', 290504, '', '', '', 0, 1),
(2162, '防城港', '', 2906, '', '', '', 0, 1),
(2163, '港口区', '', 290601, '', '', '', 0, 1),
(2164, '防城区', '', 290602, '', '', '', 0, 1),
(2165, '上思县', '', 290603, '', '', '', 0, 1),
(2166, '东兴', '', 290604, '', '', '', 0, 1),
(2167, '钦州', '', 2907, '', '', '', 0, 1),
(2168, '钦南区', '', 290701, '', '', '', 0, 1),
(2169, '钦北区', '', 290702, '', '', '', 0, 1),
(2170, '灵山县', '', 290703, '', '', '', 0, 1),
(2171, '浦北县', '', 290704, '', '', '', 0, 1),
(2172, '贵港', '', 2908, '', '', '', 0, 1),
(2173, '港北区', '', 290801, '', '', '', 0, 1),
(2174, '港南区', '', 290802, '', '', '', 0, 1),
(2175, '覃塘区', '', 290803, '', '', '', 0, 1),
(2176, '平南县', '', 290804, '', '', '', 0, 1),
(2177, '桂平', '', 290805, '', '', '', 0, 1),
(2178, '玉林', '', 2909, '', '', '', 0, 1),
(2179, '玉州区', '', 290901, '', '', '', 0, 1),
(2180, '容县', '', 290902, '', '', '', 0, 1),
(2181, '陆川县', '', 290903, '', '', '', 0, 1),
(2182, '博白县', '', 290904, '', '', '', 0, 1),
(2183, '兴业县', '', 290905, '', '', '', 0, 1),
(2184, '北流', '', 290906, '', '', '', 0, 1),
(2185, '百色', '', 2910, '', '', '', 0, 1),
(2186, '右江区', '', 291001, '', '', '', 0, 1),
(2187, '田阳县', '', 291002, '', '', '', 0, 1),
(2188, '田东县', '', 291003, '', '', '', 0, 1),
(2189, '平果县', '', 291004, '', '', '', 0, 1),
(2190, '德保县', '', 291005, '', '', '', 0, 1),
(2191, '靖西县', '', 291006, '', '', '', 0, 1),
(2192, '那坡县', '', 291007, '', '', '', 0, 1),
(2193, '凌云县', '', 291008, '', '', '', 0, 1),
(2194, '乐业县', '', 291009, '', '', '', 0, 1),
(2195, '田林县', '', 291010, '', '', '', 0, 1),
(2196, '西林县', '', 291011, '', '', '', 0, 1),
(2197, '隆林各族自治县', '', 291012, '', '', '', 0, 1),
(2198, '贺州', '', 2911, '', '', '', 0, 1),
(2199, '八步区', '', 291101, '', '', '', 0, 1),
(2200, '昭平县', '', 291102, '', '', '', 0, 1),
(2201, '钟山县', '', 291103, '', '', '', 0, 1),
(2202, '富川瑶族自治县', '', 291104, '', '', '', 0, 1),
(2203, '河池', '', 2912, '', '', '', 0, 1),
(2204, '金城江区', '', 291201, '', '', '', 0, 1),
(2205, '南丹县', '', 291202, '', '', '', 0, 1),
(2206, '天峨县', '', 291203, '', '', '', 0, 1),
(2207, '凤山县', '', 291204, '', '', '', 0, 1),
(2208, '东兰县', '', 291205, '', '', '', 0, 1),
(2209, '罗城仫佬族自治县', '', 291206, '', '', '', 0, 1),
(2210, '环江毛南族自治县', '', 291207, '', '', '', 0, 1),
(2211, '巴马瑶族自治县', '', 291208, '', '', '', 0, 1),
(2212, '都安瑶族自治县', '', 291209, '', '', '', 0, 1),
(2213, '大化瑶族自治县', '', 291210, '', '', '', 0, 1),
(2214, '宜州', '', 291211, '', '', '', 0, 1),
(2215, '来宾', '', 2913, '', '', '', 0, 1),
(2216, '兴宾区', '', 291301, '', '', '', 0, 1),
(2217, '忻城县', '', 291302, '', '', '', 0, 1),
(2218, '象州县', '', 291303, '', '', '', 0, 1),
(2219, '武宣县', '', 291304, '', '', '', 0, 1),
(2220, '金秀瑶族自治县', '', 291305, '', '', '', 0, 1),
(2221, '合山', '', 291306, '', '', '', 0, 1),
(2222, '崇左', '', 2914, '', '', '', 0, 1),
(2223, '江洲区', '', 291401, '', '', '', 0, 1),
(2224, '扶绥县', '', 291402, '', '', '', 0, 1),
(2225, '宁明县', '', 291403, '', '', '', 0, 1),
(2226, '龙州县', '', 291404, '', '', '', 0, 1),
(2227, '大新县', '', 291405, '', '', '', 0, 1),
(2228, '天等县', '', 291406, '', '', '', 0, 1),
(2229, '凭祥', '', 291407, '', '', '', 0, 1),
(2230, '海南省', '', 30, '', '', '', 0, 1),
(2231, '海口', '', 3001, '', '', '', 0, 1),
(2232, '秀英区', '', 300101, '', '', '', 0, 1),
(2233, '龙华区', '', 300102, '', '', '', 0, 1),
(2234, '琼山区', '', 300103, '', '', '', 0, 1),
(2235, '美兰区', '', 300104, '', '', '', 0, 1),
(2236, '三亚', '', 3002, '', '', '', 0, 1),
(2237, '省直辖县级行政单位', '', 3003, '', '', '', 0, 1),
(2238, '五指山', '', 300301, '', '', '', 0, 1),
(2239, '琼海', '', 300302, '', '', '', 0, 1),
(2240, '儋州', '', 300303, '', '', '', 0, 1),
(2241, '文昌', '', 300304, '', '', '', 0, 1),
(2242, '万宁', '', 300305, '', '', '', 0, 1),
(2243, '东方', '', 300306, '', '', '', 0, 1),
(2244, '定安县', '', 300307, '', '', '', 0, 1),
(2245, '屯昌县', '', 300308, '', '', '', 0, 1),
(2246, '澄迈县', '', 300309, '', '', '', 0, 1),
(2247, '临高县', '', 300310, '', '', '', 0, 1),
(2248, '白沙黎族自治县', '', 300311, '', '', '', 0, 1),
(2249, '昌江黎族自治县', '', 300312, '', '', '', 0, 1),
(2250, '乐东黎族自治县', '', 300313, '', '', '', 0, 1),
(2251, '陵水黎族自治县', '', 300314, '', '', '', 0, 1),
(2252, '保亭黎族苗族自治县', '', 300315, '', '', '', 0, 1),
(2253, '琼中黎族苗族自治县', '', 300316, '', '', '', 0, 1),
(2254, '西沙群岛', '', 300317, '', '', '', 0, 1),
(2255, '南沙群岛', '', 300318, '', '', '', 0, 1),
(2256, '中沙群岛的岛礁及其海域', '', 300319, '', '', '', 0, 1),
(2257, '重庆', '', 31, '', '', '', 0, 1),
(2258, '重庆', '', 3101, '', '', '', 0, 1),
(2259, '万州区', '', 310101, '', '', '', 0, 1),
(2260, '涪陵区', '', 310102, '', '', '', 0, 1),
(2261, '渝中区', '', 310103, '', '', '', 0, 1),
(2262, '大渡口区', '', 310104, '', '', '', 0, 1),
(2263, '江北区', '', 310105, '', '', '', 0, 1),
(2264, '沙坪坝区', '', 310106, '', '', '', 0, 1),
(2265, '九龙坡区', '', 310107, '', '', '', 0, 1),
(2266, '南岸区', '', 310108, '', '', '', 0, 1),
(2267, '北碚区', '', 310109, '', '', '', 0, 1),
(2268, '万盛区', '', 310110, '', '', '', 0, 1),
(2269, '双桥区', '', 310111, '', '', '', 0, 1),
(2270, '渝北区', '', 310112, '', '', '', 0, 1),
(2271, '巴南区', '', 310113, '', '', '', 0, 1),
(2272, '黔江区', '', 310114, '', '', '', 0, 1),
(2273, '长寿区', '', 310115, '', '', '', 0, 1),
(2274, '市辖县', '', 3102, '', '', '', 0, 1),
(2275, '綦江县', '', 310201, '', '', '', 0, 1),
(2276, '潼南县', '', 310202, '', '', '', 0, 1),
(2277, '铜梁县', '', 310203, '', '', '', 0, 1),
(2278, '大足县', '', 310204, '', '', '', 0, 1),
(2279, '荣昌县', '', 310205, '', '', '', 0, 1),
(2280, '璧山县', '', 310206, '', '', '', 0, 1),
(2281, '梁平县', '', 310207, '', '', '', 0, 1),
(2282, '城口县', '', 310208, '', '', '', 0, 1),
(2283, '丰都县', '', 310209, '', '', '', 0, 1),
(2284, '垫江县', '', 310210, '', '', '', 0, 1),
(2285, '武隆县', '', 310211, '', '', '', 0, 1),
(2286, '忠县', '', 310212, '', '', '', 0, 1),
(2287, '开县', '', 310213, '', '', '', 0, 1),
(2288, '云阳县', '', 310214, '', '', '', 0, 1),
(2289, '奉节县', '', 310215, '', '', '', 0, 1),
(2290, '巫山县', '', 310216, '', '', '', 0, 1),
(2291, '巫溪县', '', 310217, '', '', '', 0, 1),
(2292, '石柱土家族自治县', '', 310218, '', '', '', 0, 1),
(2293, '秀山土家族苗族自治县', '', 310219, '', '', '', 0, 1),
(2294, '酉阳土家族苗族自治县', '', 310220, '', '', '', 0, 1),
(2295, '彭水苗族土家族自治县', '', 310221, '', '', '', 0, 1),
(2296, '县级', '', 3103, '', '', '', 0, 1),
(2297, '江津', '', 310301, '', '', '', 0, 1),
(2298, '合川', '', 310302, '', '', '', 0, 1),
(2299, '永川', '', 310303, '', '', '', 0, 1),
(2300, '南川', '', 310304, '', '', '', 0, 1),
(2301, '四川省', '', 32, '', '', '', 0, 1),
(2302, '成都', '', 3201, '', '', '', 0, 1),
(2303, '锦江区', '', 320101, '', '', '', 0, 1),
(2304, '青羊区', '', 320102, '', '', '', 0, 1),
(2305, '金牛区', '', 320103, '', '', '', 0, 1),
(2306, '武侯区', '', 320104, '', '', '', 0, 1),
(2307, '成华区', '', 320105, '', '', '', 0, 1),
(2308, '龙泉驿区', '', 320106, '', '', '', 0, 1),
(2309, '青白江区', '', 320107, '', '', '', 0, 1),
(2310, '新都区', '', 320108, '', '', '', 0, 1),
(2311, '温江区', '', 320109, '', '', '', 0, 1),
(2312, '金堂县', '', 320110, '', '', '', 0, 1),
(2313, '双流县', '', 320111, '', '', '', 0, 1),
(2314, '郫县', '', 320112, '', '', '', 0, 1),
(2315, '大邑县', '', 320113, '', '', '', 0, 1),
(2316, '蒲江县', '', 320114, '', '', '', 0, 1),
(2317, '新津县', '', 320115, '', '', '', 0, 1),
(2318, '都江堰', '', 320116, '', '', '', 0, 1),
(2319, '彭州', '', 320117, '', '', '', 0, 1),
(2320, '邛崃', '', 320118, '', '', '', 0, 1),
(2321, '崇州', '', 320119, '', '', '', 0, 1),
(2322, '自贡', '', 3202, '', '', '', 0, 1),
(2323, '自流井区', '', 320201, '', '', '', 0, 1),
(2324, '贡井区', '', 320202, '', '', '', 0, 1),
(2325, '大安区', '', 320203, '', '', '', 0, 1),
(2326, '沿滩区', '', 320204, '', '', '', 0, 1),
(2327, '荣县', '', 320205, '', '', '', 0, 1),
(2328, '富顺县', '', 320206, '', '', '', 0, 1),
(2329, '攀枝花', '', 3203, '', '', '', 0, 1),
(2330, '东区', '', 320301, '', '', '', 0, 1),
(2331, '西区', '', 320302, '', '', '', 0, 1),
(2332, '仁和区', '', 320303, '', '', '', 0, 1),
(2333, '米易县', '', 320304, '', '', '', 0, 1),
(2334, '盐边县', '', 320305, '', '', '', 0, 1),
(2335, '泸州', '', 3204, '', '', '', 0, 1),
(2336, '江阳区', '', 320401, '', '', '', 0, 1),
(2337, '纳溪区', '', 320402, '', '', '', 0, 1),
(2338, '龙马潭区', '', 320403, '', '', '', 0, 1),
(2339, '泸县', '', 320404, '', '', '', 0, 1),
(2340, '合江县', '', 320405, '', '', '', 0, 1),
(2341, '叙永县', '', 320406, '', '', '', 0, 1),
(2342, '古蔺县', '', 320407, '', '', '', 0, 1),
(2343, '德阳', '', 3205, '', '', '', 0, 1),
(2344, '旌阳区', '', 320501, '', '', '', 0, 1),
(2345, '中江县', '', 320502, '', '', '', 0, 1),
(2346, '罗江县', '', 320503, '', '', '', 0, 1),
(2347, '广汉', '', 320504, '', '', '', 0, 1),
(2348, '什邡', '', 320505, '', '', '', 0, 1),
(2349, '绵竹', '', 320506, '', '', '', 0, 1),
(2350, '绵阳', '', 3206, '', '', '', 0, 1),
(2351, '涪城区', '', 320601, '', '', '', 0, 1),
(2352, '游仙区', '', 320602, '', '', '', 0, 1),
(2353, '三台县', '', 320603, '', '', '', 0, 1),
(2354, '盐亭县', '', 320604, '', '', '', 0, 1),
(2355, '安县', '', 320605, '', '', '', 0, 1),
(2356, '梓潼县', '', 320606, '', '', '', 0, 1),
(2357, '北川羌族自治县', '', 320607, '', '', '', 0, 1),
(2358, '平武县', '', 320608, '', '', '', 0, 1),
(2359, '江油', '', 320609, '', '', '', 0, 1),
(2360, '广元', '', 3207, '', '', '', 0, 1),
(2361, '中区', '', 320701, '', '', '', 0, 1),
(2362, '元坝区', '', 320702, '', '', '', 0, 1),
(2363, '朝天区', '', 320703, '', '', '', 0, 1),
(2364, '旺苍县', '', 320704, '', '', '', 0, 1),
(2365, '青川县', '', 320705, '', '', '', 0, 1),
(2366, '剑阁县', '', 320706, '', '', '', 0, 1),
(2367, '苍溪县', '', 320707, '', '', '', 0, 1),
(2368, '遂宁', '', 3208, '', '', '', 0, 1),
(2369, '船山区', '', 320801, '', '', '', 0, 1),
(2370, '安居区', '', 320802, '', '', '', 0, 1),
(2371, '蓬溪县', '', 320803, '', '', '', 0, 1),
(2372, '射洪县', '', 320804, '', '', '', 0, 1),
(2373, '大英县', '', 320805, '', '', '', 0, 1),
(2374, '内江', '', 3209, '', '', '', 0, 1),
(2375, '中区', '', 320901, '', '', '', 0, 1),
(2376, '东兴区', '', 320902, '', '', '', 0, 1),
(2377, '威远县', '', 320903, '', '', '', 0, 1),
(2378, '资中县', '', 320904, '', '', '', 0, 1),
(2379, '隆昌县', '', 320905, '', '', '', 0, 1),
(2380, '乐山', '', 3210, '', '', '', 0, 1),
(2381, '中区', '', 321001, '', '', '', 0, 1),
(2382, '沙湾区', '', 321002, '', '', '', 0, 1),
(2383, '五通桥区', '', 321003, '', '', '', 0, 1),
(2384, '金口河区', '', 321004, '', '', '', 0, 1),
(2385, '犍为县', '', 321005, '', '', '', 0, 1),
(2386, '井研县', '', 321006, '', '', '', 0, 1),
(2387, '夹江县', '', 321007, '', '', '', 0, 1),
(2388, '沐川县', '', 321008, '', '', '', 0, 1),
(2389, '峨边彝族自治县', '', 321009, '', '', '', 0, 1),
(2390, '马边彝族自治县', '', 321010, '', '', '', 0, 1),
(2391, '峨眉山', '', 321011, '', '', '', 0, 1),
(2392, '南充', '', 3211, '', '', '', 0, 1),
(2393, '顺庆区', '', 321101, '', '', '', 0, 1),
(2394, '高坪区', '', 321102, '', '', '', 0, 1),
(2395, '嘉陵区', '', 321103, '', '', '', 0, 1),
(2396, '南部县', '', 321104, '', '', '', 0, 1),
(2397, '营山县', '', 321105, '', '', '', 0, 1),
(2398, '蓬安县', '', 321106, '', '', '', 0, 1),
(2399, '仪陇县', '', 321107, '', '', '', 0, 1),
(2400, '西充县', '', 321108, '', '', '', 0, 1),
(2401, '阆中', '', 321109, '', '', '', 0, 1),
(2402, '眉山', '', 3212, '', '', '', 0, 1),
(2403, '东坡区', '', 321201, '', '', '', 0, 1),
(2404, '仁寿县', '', 321202, '', '', '', 0, 1),
(2405, '彭山县', '', 321203, '', '', '', 0, 1),
(2406, '洪雅县', '', 321204, '', '', '', 0, 1),
(2407, '丹棱县', '', 321205, '', '', '', 0, 1),
(2408, '青神县', '', 321206, '', '', '', 0, 1),
(2409, '宜宾', '', 3213, '', '', '', 0, 1),
(2410, '翠屏区', '', 321301, '', '', '', 0, 1),
(2411, '宜宾县', '', 321302, '', '', '', 0, 1),
(2412, '南溪县', '', 321303, '', '', '', 0, 1),
(2413, '江安县', '', 321304, '', '', '', 0, 1),
(2414, '长宁县', '', 321305, '', '', '', 0, 1),
(2415, '高县', '', 321306, '', '', '', 0, 1),
(2416, '珙县', '', 321307, '', '', '', 0, 1),
(2417, '筠连县', '', 321308, '', '', '', 0, 1),
(2418, '兴文县', '', 321309, '', '', '', 0, 1),
(2419, '屏山县', '', 321310, '', '', '', 0, 1),
(2420, '广安', '', 3214, '', '', '', 0, 1),
(2421, '广安区', '', 321401, '', '', '', 0, 1),
(2422, '岳池县', '', 321402, '', '', '', 0, 1),
(2423, '武胜县', '', 321403, '', '', '', 0, 1),
(2424, '邻水县', '', 321404, '', '', '', 0, 1),
(2425, '华蓥', '', 321405, '', '', '', 0, 1),
(2426, '达州', '', 3215, '', '', '', 0, 1),
(2427, '通川区', '', 321501, '', '', '', 0, 1),
(2428, '达县', '', 321502, '', '', '', 0, 1),
(2429, '宣汉县', '', 321503, '', '', '', 0, 1),
(2430, '开江县', '', 321504, '', '', '', 0, 1),
(2431, '大竹县', '', 321505, '', '', '', 0, 1),
(2432, '渠县', '', 321506, '', '', '', 0, 1),
(2433, '万源', '', 321507, '', '', '', 0, 1),
(2434, '雅安', '', 3216, '', '', '', 0, 1),
(2435, '雨城区', '', 321601, '', '', '', 0, 1),
(2436, '名山县', '', 321602, '', '', '', 0, 1),
(2437, '荥经县', '', 321603, '', '', '', 0, 1),
(2438, '汉源县', '', 321604, '', '', '', 0, 1),
(2439, '石棉县', '', 321605, '', '', '', 0, 1),
(2440, '天全县', '', 321606, '', '', '', 0, 1),
(2441, '芦山县', '', 321607, '', '', '', 0, 1),
(2442, '宝兴县', '', 321608, '', '', '', 0, 1),
(2443, '巴中', '', 3217, '', '', '', 0, 1),
(2444, '巴州区', '', 321701, '', '', '', 0, 1),
(2445, '通江县', '', 321702, '', '', '', 0, 1),
(2446, '南江县', '', 321703, '', '', '', 0, 1),
(2447, '平昌县', '', 321704, '', '', '', 0, 1),
(2448, '资阳', '', 3218, '', '', '', 0, 1),
(2449, '雁江区', '', 321801, '', '', '', 0, 1),
(2450, '安岳县', '', 321802, '', '', '', 0, 1),
(2451, '乐至县', '', 321803, '', '', '', 0, 1),
(2452, '简阳', '', 321804, '', '', '', 0, 1),
(2453, '阿坝藏族羌族自治州', '', 3219, '', '', '', 0, 1),
(2454, '汶川县', '', 321901, '', '', '', 0, 1),
(2455, '理县', '', 321902, '', '', '', 0, 1),
(2456, '茂县', '', 321903, '', '', '', 0, 1),
(2457, '松潘县', '', 321904, '', '', '', 0, 1),
(2458, '九寨沟县', '', 321905, '', '', '', 0, 1),
(2459, '金川县', '', 321906, '', '', '', 0, 1),
(2460, '小金县', '', 321907, '', '', '', 0, 1),
(2461, '黑水县', '', 321908, '', '', '', 0, 1),
(2462, '马尔康县', '', 321909, '', '', '', 0, 1),
(2463, '壤塘县', '', 321910, '', '', '', 0, 1),
(2464, '阿坝县', '', 321911, '', '', '', 0, 1),
(2465, '若尔盖县', '', 321912, '', '', '', 0, 1),
(2466, '红原县', '', 321913, '', '', '', 0, 1),
(2467, '甘孜藏族自治州', '', 3220, '', '', '', 0, 1),
(2468, '康定县', '', 322001, '', '', '', 0, 1),
(2469, '泸定县', '', 322002, '', '', '', 0, 1),
(2470, '丹巴县', '', 322003, '', '', '', 0, 1),
(2471, '九龙县', '', 322004, '', '', '', 0, 1),
(2472, '雅江县', '', 322005, '', '', '', 0, 1),
(2473, '道孚县', '', 322006, '', '', '', 0, 1),
(2474, '炉霍县', '', 322007, '', '', '', 0, 1),
(2475, '甘孜县', '', 322008, '', '', '', 0, 1),
(2476, '新龙县', '', 322009, '', '', '', 0, 1),
(2477, '德格县', '', 322010, '', '', '', 0, 1),
(2478, '白玉县', '', 322011, '', '', '', 0, 1),
(2479, '石渠县', '', 322012, '', '', '', 0, 1),
(2480, '色达县', '', 322013, '', '', '', 0, 1),
(2481, '理塘县', '', 322014, '', '', '', 0, 1),
(2482, '巴塘县', '', 322015, '', '', '', 0, 1),
(2483, '乡城县', '', 322016, '', '', '', 0, 1),
(2484, '稻城县', '', 322017, '', '', '', 0, 1),
(2485, '得荣县', '', 322018, '', '', '', 0, 1),
(2486, '凉山彝族自治州', '', 3221, '', '', '', 0, 1),
(2487, '西昌', '', 322101, '', '', '', 0, 1),
(2488, '木里藏族自治县', '', 322102, '', '', '', 0, 1),
(2489, '盐源县', '', 322103, '', '', '', 0, 1),
(2490, '德昌县', '', 322104, '', '', '', 0, 1),
(2491, '会理县', '', 322105, '', '', '', 0, 1),
(2492, '会东县', '', 322106, '', '', '', 0, 1),
(2493, '宁南县', '', 322107, '', '', '', 0, 1),
(2494, '普格县', '', 322108, '', '', '', 0, 1),
(2495, '布拖县', '', 322109, '', '', '', 0, 1),
(2496, '金阳县', '', 322110, '', '', '', 0, 1),
(2497, '昭觉县', '', 322111, '', '', '', 0, 1),
(2498, '喜德县', '', 322112, '', '', '', 0, 1),
(2499, '冕宁县', '', 322113, '', '', '', 0, 1),
(2500, '越西县', '', 322114, '', '', '', 0, 1),
(2501, '甘洛县', '', 322115, '', '', '', 0, 1),
(2502, '美姑县', '', 322116, '', '', '', 0, 1),
(2503, '雷波县', '', 322117, '', '', '', 0, 1),
(2504, '贵州省', '', 33, '', '', '', 0, 1),
(2505, '贵阳', '', 3301, '', '', '', 0, 1),
(2506, '南明区', '', 330101, '', '', '', 0, 1),
(2507, '云岩区', '', 330102, '', '', '', 0, 1),
(2508, '花溪区', '', 330103, '', '', '', 0, 1),
(2509, '乌当区', '', 330104, '', '', '', 0, 1),
(2510, '白云区', '', 330105, '', '', '', 0, 1),
(2511, '小河区', '', 330106, '', '', '', 0, 1),
(2512, '开阳县', '', 330107, '', '', '', 0, 1),
(2513, '息烽县', '', 330108, '', '', '', 0, 1),
(2514, '修文县', '', 330109, '', '', '', 0, 1),
(2515, '清镇', '', 330110, '', '', '', 0, 1),
(2516, '六盘水', '', 3302, '', '', '', 0, 1),
(2517, '钟山区', '', 330201, '', '', '', 0, 1),
(2518, '六枝特区', '', 330202, '', '', '', 0, 1),
(2519, '水城县', '', 330203, '', '', '', 0, 1),
(2520, '盘县', '', 330204, '', '', '', 0, 1),
(2521, '遵义', '', 3303, '', '', '', 0, 1),
(2522, '红花岗区', '', 330301, '', '', '', 0, 1),
(2523, '汇川区', '', 330302, '', '', '', 0, 1),
(2524, '遵义县', '', 330303, '', '', '', 0, 1),
(2525, '桐梓县', '', 330304, '', '', '', 0, 1),
(2526, '绥阳县', '', 330305, '', '', '', 0, 1),
(2527, '正安县', '', 330306, '', '', '', 0, 1),
(2528, '道真仡佬族苗族自治县', '', 330307, '', '', '', 0, 1),
(2529, '务川仡佬族苗族自治县', '', 330308, '', '', '', 0, 1),
(2530, '凤冈县', '', 330309, '', '', '', 0, 1),
(2531, '湄潭县', '', 330310, '', '', '', 0, 1),
(2532, '余庆县', '', 330311, '', '', '', 0, 1),
(2533, '习水县', '', 330312, '', '', '', 0, 1),
(2534, '赤水', '', 330313, '', '', '', 0, 1),
(2535, '仁怀', '', 330314, '', '', '', 0, 1),
(2536, '安顺', '', 3304, '', '', '', 0, 1),
(2537, '西秀区', '', 330401, '', '', '', 0, 1),
(2538, '平坝县', '', 330402, '', '', '', 0, 1),
(2539, '普定县', '', 330403, '', '', '', 0, 1),
(2540, '镇宁布依族苗族自治县', '', 330404, '', '', '', 0, 1),
(2541, '关岭布依族苗族自治县', '', 330405, '', '', '', 0, 1),
(2542, '紫云苗族布依族自治县', '', 330406, '', '', '', 0, 1),
(2543, '铜仁地区', '', 3305, '', '', '', 0, 1),
(2544, '铜仁', '', 330501, '', '', '', 0, 1),
(2545, '江口县', '', 330502, '', '', '', 0, 1),
(2546, '玉屏侗族自治县', '', 330503, '', '', '', 0, 1),
(2547, '石阡县', '', 330504, '', '', '', 0, 1),
(2548, '思南县', '', 330505, '', '', '', 0, 1),
(2549, '印江土家族苗族自治县', '', 330506, '', '', '', 0, 1),
(2550, '德江县', '', 330507, '', '', '', 0, 1),
(2551, '沿河土家族自治县', '', 330508, '', '', '', 0, 1),
(2552, '松桃苗族自治县', '', 330509, '', '', '', 0, 1),
(2553, '万山特区', '', 330510, '', '', '', 0, 1),
(2554, '黔西南布依族苗族自治州', '', 3306, '', '', '', 0, 1),
(2555, '兴义', '', 330601, '', '', '', 0, 1),
(2556, '兴仁县', '', 330602, '', '', '', 0, 1),
(2557, '普安县', '', 330603, '', '', '', 0, 1),
(2558, '晴隆县', '', 330604, '', '', '', 0, 1),
(2559, '贞丰县', '', 330605, '', '', '', 0, 1),
(2560, '望谟县', '', 330606, '', '', '', 0, 1),
(2561, '册亨县', '', 330607, '', '', '', 0, 1),
(2562, '安龙县', '', 330608, '', '', '', 0, 1),
(2563, '毕节地区', '', 3307, '', '', '', 0, 1),
(2564, '毕节', '', 330701, '', '', '', 0, 1),
(2565, '大方县', '', 330702, '', '', '', 0, 1),
(2566, '黔西县', '', 330703, '', '', '', 0, 1),
(2567, '金沙县', '', 330704, '', '', '', 0, 1),
(2568, '织金县', '', 330705, '', '', '', 0, 1),
(2569, '纳雍县', '', 330706, '', '', '', 0, 1),
(2570, '威宁彝族回族苗族自治县', '', 330707, '', '', '', 0, 1),
(2571, '赫章县', '', 330708, '', '', '', 0, 1),
(2572, '黔东南苗族侗族自治州', '', 3308, '', '', '', 0, 1),
(2573, '凯里', '', 330801, '', '', '', 0, 1),
(2574, '黄平县', '', 330802, '', '', '', 0, 1),
(2575, '施秉县', '', 330803, '', '', '', 0, 1),
(2576, '三穗县', '', 330804, '', '', '', 0, 1),
(2577, '镇远县', '', 330805, '', '', '', 0, 1),
(2578, '岑巩县', '', 330806, '', '', '', 0, 1),
(2579, '天柱县', '', 330807, '', '', '', 0, 1),
(2580, '锦屏县', '', 330808, '', '', '', 0, 1),
(2581, '剑河县', '', 330809, '', '', '', 0, 1),
(2582, '台江县', '', 330810, '', '', '', 0, 1),
(2583, '黎平县', '', 330811, '', '', '', 0, 1),
(2584, '榕江县', '', 330812, '', '', '', 0, 1),
(2585, '从江县', '', 330813, '', '', '', 0, 1),
(2586, '雷山县', '', 330814, '', '', '', 0, 1),
(2587, '麻江县', '', 330815, '', '', '', 0, 1),
(2588, '丹寨县', '', 330816, '', '', '', 0, 1),
(2589, '黔南布依族苗族自治州', '', 3309, '', '', '', 0, 1),
(2590, '都匀', '', 330901, '', '', '', 0, 1),
(2591, '福泉', '', 330902, '', '', '', 0, 1),
(2592, '荔波县', '', 330903, '', '', '', 0, 1),
(2593, '贵定县', '', 330904, '', '', '', 0, 1),
(2594, '瓮安县', '', 330905, '', '', '', 0, 1),
(2595, '独山县', '', 330906, '', '', '', 0, 1),
(2596, '平塘县', '', 330907, '', '', '', 0, 1),
(2597, '罗甸县', '', 330908, '', '', '', 0, 1),
(2598, '长顺县', '', 330909, '', '', '', 0, 1),
(2599, '龙里县', '', 330910, '', '', '', 0, 1),
(2600, '惠水县', '', 330911, '', '', '', 0, 1),
(2601, '三都水族自治县', '', 330912, '', '', '', 0, 1),
(2602, '云南省', '', 34, '', '', '', 0, 1),
(2603, '昆明', '', 3401, '', '', '', 0, 1),
(2604, '五华区', '', 340101, '', '', '', 0, 1),
(2605, '盘龙区', '', 340102, '', '', '', 0, 1),
(2606, '官渡区', '', 340103, '', '', '', 0, 1),
(2607, '西山区', '', 340104, '', '', '', 0, 1),
(2608, '东川区', '', 340105, '', '', '', 0, 1),
(2609, '呈贡县', '', 340106, '', '', '', 0, 1),
(2610, '晋宁县', '', 340107, '', '', '', 0, 1),
(2611, '富民县', '', 340108, '', '', '', 0, 1),
(2612, '宜良县', '', 340109, '', '', '', 0, 1),
(2613, '石林彝族自治县', '', 340110, '', '', '', 0, 1),
(2614, '嵩明县', '', 340111, '', '', '', 0, 1),
(2615, '禄劝彝族苗族自治县', '', 340112, '', '', '', 0, 1),
(2616, '寻甸回族彝族自治县', '', 340113, '', '', '', 0, 1),
(2617, '安宁', '', 340114, '', '', '', 0, 1),
(2618, '曲靖', '', 3402, '', '', '', 0, 1),
(2619, '麒麟区', '', 340201, '', '', '', 0, 1),
(2620, '马龙县', '', 340202, '', '', '', 0, 1),
(2621, '陆良县', '', 340203, '', '', '', 0, 1),
(2622, '师宗县', '', 340204, '', '', '', 0, 1),
(2623, '罗平县', '', 340205, '', '', '', 0, 1),
(2624, '富源县', '', 340206, '', '', '', 0, 1),
(2625, '会泽县', '', 340207, '', '', '', 0, 1),
(2626, '沾益县', '', 340208, '', '', '', 0, 1),
(2627, '宣威', '', 340209, '', '', '', 0, 1),
(2628, '玉溪', '', 3403, '', '', '', 0, 1),
(2629, '红塔区', '', 340301, '', '', '', 0, 1),
(2630, '江川县', '', 340302, '', '', '', 0, 1),
(2631, '澄江县', '', 340303, '', '', '', 0, 1),
(2632, '通海县', '', 340304, '', '', '', 0, 1),
(2633, '华宁县', '', 340305, '', '', '', 0, 1),
(2634, '易门县', '', 340306, '', '', '', 0, 1),
(2635, '峨山彝族自治县', '', 340307, '', '', '', 0, 1),
(2636, '新平彝族傣族自治县', '', 340308, '', '', '', 0, 1),
(2637, '元江哈尼族彝族傣族自治县', '', 340309, '', '', '', 0, 1),
(2638, '保山', '', 3404, '', '', '', 0, 1),
(2639, '隆阳区', '', 340401, '', '', '', 0, 1),
(2640, '施甸县', '', 340402, '', '', '', 0, 1),
(2641, '腾冲县', '', 340403, '', '', '', 0, 1),
(2642, '龙陵县', '', 340404, '', '', '', 0, 1),
(2643, '昌宁县', '', 340405, '', '', '', 0, 1),
(2644, '昭通', '', 3405, '', '', '', 0, 1),
(2645, '昭阳区', '', 340501, '', '', '', 0, 1),
(2646, '鲁甸县', '', 340502, '', '', '', 0, 1),
(2647, '巧家县', '', 340503, '', '', '', 0, 1),
(2648, '盐津县', '', 340504, '', '', '', 0, 1),
(2649, '大关县', '', 340505, '', '', '', 0, 1),
(2650, '永善县', '', 340506, '', '', '', 0, 1),
(2651, '绥江县', '', 340507, '', '', '', 0, 1),
(2652, '镇雄县', '', 340508, '', '', '', 0, 1),
(2653, '彝良县', '', 340509, '', '', '', 0, 1),
(2654, '威信县', '', 340510, '', '', '', 0, 1),
(2655, '水富县', '', 340511, '', '', '', 0, 1),
(2656, '丽江', '', 3406, '', '', '', 0, 1),
(2657, '古城区', '', 340601, '', '', '', 0, 1),
(2658, '玉龙纳西族自治县', '', 340602, '', '', '', 0, 1),
(2659, '永胜县', '', 340603, '', '', '', 0, 1),
(2660, '华坪县', '', 340604, '', '', '', 0, 1),
(2661, '宁蒗彝族自治县', '', 340605, '', '', '', 0, 1),
(2662, '思茅', '', 3407, '', '', '', 0, 1),
(2663, '翠云区', '', 340701, '', '', '', 0, 1),
(2664, '普洱哈尼族彝族自治县', '', 340702, '', '', '', 0, 1),
(2665, '墨江哈尼族自治县', '', 340703, '', '', '', 0, 1),
(2666, '景东彝族自治县', '', 340704, '', '', '', 0, 1),
(2667, '景谷傣族彝族自治县', '', 340705, '', '', '', 0, 1),
(2668, '镇沅彝族哈尼族拉祜族自治县', '', 340706, '', '', '', 0, 1),
(2669, '江城哈尼族彝族自治县', '', 340707, '', '', '', 0, 1),
(2670, '孟连傣族拉祜族佤族自治县', '', 340708, '', '', '', 0, 1),
(2671, '澜沧拉祜族自治县', '', 340709, '', '', '', 0, 1),
(2672, '西盟佤族自治县', '', 340710, '', '', '', 0, 1),
(2673, '临沧', '', 3408, '', '', '', 0, 1),
(2674, '临翔区', '', 340801, '', '', '', 0, 1),
(2675, '凤庆县', '', 340802, '', '', '', 0, 1),
(2676, '云县', '', 340803, '', '', '', 0, 1),
(2677, '永德县', '', 340804, '', '', '', 0, 1),
(2678, '镇康县', '', 340805, '', '', '', 0, 1),
(2679, '双江拉祜族佤族布朗族傣族自治县', '', 340806, '', '', '', 0, 1),
(2680, '耿马傣族佤族自治县', '', 340807, '', '', '', 0, 1),
(2681, '沧源佤族自治县', '', 340808, '', '', '', 0, 1),
(2682, '楚雄彝族自治州', '', 3409, '', '', '', 0, 1),
(2683, '楚雄', '', 340901, '', '', '', 0, 1),
(2684, '双柏县', '', 340902, '', '', '', 0, 1),
(2685, '牟定县', '', 340903, '', '', '', 0, 1),
(2686, '南华县', '', 340904, '', '', '', 0, 1),
(2687, '姚安县', '', 340905, '', '', '', 0, 1),
(2688, '大姚县', '', 340906, '', '', '', 0, 1),
(2689, '永仁县', '', 340907, '', '', '', 0, 1),
(2690, '元谋县', '', 340908, '', '', '', 0, 1),
(2691, '武定县', '', 340909, '', '', '', 0, 1),
(2692, '禄丰县', '', 340910, '', '', '', 0, 1),
(2693, '红河哈尼族彝族自治州', '', 3410, '', '', '', 0, 1),
(2694, '个旧', '', 341001, '', '', '', 0, 1),
(2695, '开远', '', 341002, '', '', '', 0, 1),
(2696, '蒙自县', '', 341003, '', '', '', 0, 1),
(2697, '屏边苗族自治县', '', 341004, '', '', '', 0, 1),
(2698, '建水县', '', 341005, '', '', '', 0, 1),
(2699, '石屏县', '', 341006, '', '', '', 0, 1),
(2700, '弥勒县', '', 341007, '', '', '', 0, 1),
(2701, '泸西县', '', 341008, '', '', '', 0, 1),
(2702, '元阳县', '', 341009, '', '', '', 0, 1),
(2703, '红河县', '', 341010, '', '', '', 0, 1),
(2704, '金平苗族瑶族傣族自治县', '', 341011, '', '', '', 0, 1),
(2705, '绿春县', '', 341012, '', '', '', 0, 1),
(2706, '河口瑶族自治县', '', 341013, '', '', '', 0, 1),
(2707, '文山壮族苗族自治州', '', 3411, '', '', '', 0, 1),
(2708, '文山县', '', 341101, '', '', '', 0, 1),
(2709, '砚山县', '', 341102, '', '', '', 0, 1),
(2710, '西畴县', '', 341103, '', '', '', 0, 1),
(2711, '麻栗坡县', '', 341104, '', '', '', 0, 1),
(2712, '马关县', '', 341105, '', '', '', 0, 1),
(2713, '丘北县', '', 341106, '', '', '', 0, 1),
(2714, '广南县', '', 341107, '', '', '', 0, 1),
(2715, '富宁县', '', 341108, '', '', '', 0, 1),
(2716, '西双版纳傣族自治州', '', 3412, '', '', '', 0, 1),
(2717, '景洪', '', 341201, '', '', '', 0, 1),
(2718, '勐海县', '', 341202, '', '', '', 0, 1),
(2719, '勐腊县', '', 341203, '', '', '', 0, 1),
(2720, '大理白族自治州', '', 3413, '', '', '', 0, 1),
(2721, '大理', '', 341301, '', '', '', 0, 1),
(2722, '漾濞彝族自治县', '', 341302, '', '', '', 0, 1),
(2723, '祥云县', '', 341303, '', '', '', 0, 1),
(2724, '宾川县', '', 341304, '', '', '', 0, 1),
(2725, '弥渡县', '', 341305, '', '', '', 0, 1),
(2726, '南涧彝族自治县', '', 341306, '', '', '', 0, 1),
(2727, '巍山彝族回族自治县', '', 341307, '', '', '', 0, 1),
(2728, '永平县', '', 341308, '', '', '', 0, 1),
(2729, '云龙县', '', 341309, '', '', '', 0, 1),
(2730, '洱源县', '', 341310, '', '', '', 0, 1),
(2731, '剑川县', '', 341311, '', '', '', 0, 1),
(2732, '鹤庆县', '', 341312, '', '', '', 0, 1),
(2733, '德宏傣族景颇族自治州', '', 3414, '', '', '', 0, 1),
(2734, '瑞丽', '', 341401, '', '', '', 0, 1),
(2735, '潞西', '', 341402, '', '', '', 0, 1),
(2736, '梁河县', '', 341403, '', '', '', 0, 1),
(2737, '盈江县', '', 341404, '', '', '', 0, 1),
(2738, '陇川县', '', 341405, '', '', '', 0, 1),
(2739, '怒江傈僳族自治州', '', 3415, '', '', '', 0, 1),
(2740, '泸水县', '', 341501, '', '', '', 0, 1),
(2741, '福贡县', '', 341502, '', '', '', 0, 1),
(2742, '贡山独龙族怒族自治县', '', 341503, '', '', '', 0, 1),
(2743, '兰坪白族普米族自治县', '', 341504, '', '', '', 0, 1),
(2744, '迪庆藏族自治州', '', 3416, '', '', '', 0, 1),
(2745, '香格里拉县', '', 341601, '', '', '', 0, 1),
(2746, '德钦县', '', 341602, '', '', '', 0, 1),
(2747, '维西傈僳族自治县', '', 341603, '', '', '', 0, 1),
(2748, '西藏自治区', '', 35, '', '', '', 0, 1),
(2749, '拉萨', '', 3501, '', '', '', 0, 1),
(2750, '城关区', '', 350101, '', '', '', 0, 1),
(2751, '林周县', '', 350102, '', '', '', 0, 1),
(2752, '当雄县', '', 350103, '', '', '', 0, 1),
(2753, '尼木县', '', 350104, '', '', '', 0, 1),
(2754, '曲水县', '', 350105, '', '', '', 0, 1),
(2755, '堆龙德庆县', '', 350106, '', '', '', 0, 1),
(2756, '达孜县', '', 350107, '', '', '', 0, 1),
(2757, '墨竹工卡县', '', 350108, '', '', '', 0, 1),
(2758, '昌都地区', '', 3502, '', '', '', 0, 1),
(2759, '昌都县', '', 350201, '', '', '', 0, 1),
(2760, '江达县', '', 350202, '', '', '', 0, 1),
(2761, '贡觉县', '', 350203, '', '', '', 0, 1),
(2762, '类乌齐县', '', 350204, '', '', '', 0, 1),
(2763, '丁青县', '', 350205, '', '', '', 0, 1),
(2764, '察雅县', '', 350206, '', '', '', 0, 1),
(2765, '八宿县', '', 350207, '', '', '', 0, 1),
(2766, '左贡县', '', 350208, '', '', '', 0, 1),
(2767, '芒康县', '', 350209, '', '', '', 0, 1),
(2768, '洛隆县', '', 350210, '', '', '', 0, 1),
(2769, '边坝县', '', 350211, '', '', '', 0, 1),
(2770, '山南地区', '', 3503, '', '', '', 0, 1),
(2771, '乃东县', '', 350301, '', '', '', 0, 1),
(2772, '扎囊县', '', 350302, '', '', '', 0, 1),
(2773, '贡嘎县', '', 350303, '', '', '', 0, 1),
(2774, '桑日县', '', 350304, '', '', '', 0, 1),
(2775, '琼结县', '', 350305, '', '', '', 0, 1),
(2776, '曲松县', '', 350306, '', '', '', 0, 1),
(2777, '措美县', '', 350307, '', '', '', 0, 1),
(2778, '洛扎县', '', 350308, '', '', '', 0, 1),
(2779, '加查县', '', 350309, '', '', '', 0, 1),
(2780, '隆子县', '', 350310, '', '', '', 0, 1),
(2781, '错那县', '', 350311, '', '', '', 0, 1),
(2782, '浪卡子县', '', 350312, '', '', '', 0, 1),
(2783, '日喀则地区', '', 3504, '', '', '', 0, 1),
(2784, '日喀则', '', 350401, '', '', '', 0, 1),
(2785, '南木林县', '', 350402, '', '', '', 0, 1),
(2786, '江孜县', '', 350403, '', '', '', 0, 1),
(2787, '定日县', '', 350404, '', '', '', 0, 1),
(2788, '萨迦县', '', 350405, '', '', '', 0, 1),
(2789, '拉孜县', '', 350406, '', '', '', 0, 1),
(2790, '昂仁县', '', 350407, '', '', '', 0, 1),
(2791, '谢通门县', '', 350408, '', '', '', 0, 1),
(2792, '白朗县', '', 350409, '', '', '', 0, 1),
(2793, '仁布县', '', 350410, '', '', '', 0, 1),
(2794, '康马县', '', 350411, '', '', '', 0, 1),
(2795, '定结县', '', 350412, '', '', '', 0, 1),
(2796, '仲巴县', '', 350413, '', '', '', 0, 1),
(2797, '亚东县', '', 350414, '', '', '', 0, 1),
(2798, '吉隆县', '', 350415, '', '', '', 0, 1),
(2799, '聂拉木县', '', 350416, '', '', '', 0, 1),
(2800, '萨嘎县', '', 350417, '', '', '', 0, 1),
(2801, '岗巴县', '', 350418, '', '', '', 0, 1),
(2802, '那曲地区', '', 3505, '', '', '', 0, 1),
(2803, '那曲县', '', 350501, '', '', '', 0, 1),
(2804, '嘉黎县', '', 350502, '', '', '', 0, 1),
(2805, '比如县', '', 350503, '', '', '', 0, 1),
(2806, '聂荣县', '', 350504, '', '', '', 0, 1),
(2807, '安多县', '', 350505, '', '', '', 0, 1),
(2808, '申扎县', '', 350506, '', '', '', 0, 1),
(2809, '索县', '', 350507, '', '', '', 0, 1),
(2810, '班戈县', '', 350508, '', '', '', 0, 1),
(2811, '巴青县', '', 350509, '', '', '', 0, 1),
(2812, '尼玛县', '', 350510, '', '', '', 0, 1),
(2813, '阿里地区', '', 3506, '', '', '', 0, 1),
(2814, '普兰县', '', 350601, '', '', '', 0, 1),
(2815, '札达县', '', 350602, '', '', '', 0, 1),
(2816, '噶尔县', '', 350603, '', '', '', 0, 1),
(2817, '日土县', '', 350604, '', '', '', 0, 1),
(2818, '革吉县', '', 350605, '', '', '', 0, 1),
(2819, '改则县', '', 350606, '', '', '', 0, 1),
(2820, '措勤县', '', 350607, '', '', '', 0, 1),
(2821, '林芝地区', '', 3507, '', '', '', 0, 1),
(2822, '林芝县', '', 350701, '', '', '', 0, 1),
(2823, '工布江达县', '', 350702, '', '', '', 0, 1),
(2824, '米林县', '', 350703, '', '', '', 0, 1),
(2825, '墨脱县', '', 350704, '', '', '', 0, 1),
(2826, '波密县', '', 350705, '', '', '', 0, 1),
(2827, '察隅县', '', 350706, '', '', '', 0, 1),
(2828, '朗县', '', 350707, '', '', '', 0, 1),
(2829, '陕西省', '', 36, '', '', '', 0, 1),
(2830, '西安', '', 3601, '', '', '', 0, 1),
(2831, '新城区', '', 360101, '', '', '', 0, 1),
(2832, '碑林区', '', 360102, '', '', '', 0, 1),
(2833, '莲湖区', '', 360103, '', '', '', 0, 1),
(2834, '灞桥区', '', 360104, '', '', '', 0, 1),
(2835, '未央区', '', 360105, '', '', '', 0, 1),
(2836, '雁塔区', '', 360106, '', '', '', 0, 1),
(2837, '阎良区', '', 360107, '', '', '', 0, 1),
(2838, '临潼区', '', 360108, '', '', '', 0, 1),
(2839, '长安区', '', 360109, '', '', '', 0, 1),
(2840, '蓝田县', '', 360110, '', '', '', 0, 1),
(2841, '周至县', '', 360111, '', '', '', 0, 1),
(2842, '户县', '', 360112, '', '', '', 0, 1),
(2843, '高陵县', '', 360113, '', '', '', 0, 1),
(2844, '铜川', '', 3602, '', '', '', 0, 1),
(2845, '王益区', '', 360201, '', '', '', 0, 1),
(2846, '印台区', '', 360202, '', '', '', 0, 1),
(2847, '耀州区', '', 360203, '', '', '', 0, 1),
(2848, '宜君县', '', 360204, '', '', '', 0, 1),
(2849, '宝鸡', '', 3603, '', '', '', 0, 1),
(2850, '渭滨区', '', 360301, '', '', '', 0, 1),
(2851, '金台区', '', 360302, '', '', '', 0, 1),
(2852, '陈仓区', '', 360303, '', '', '', 0, 1),
(2853, '凤翔县', '', 360304, '', '', '', 0, 1),
(2854, '岐山县', '', 360305, '', '', '', 0, 1),
(2855, '扶风县', '', 360306, '', '', '', 0, 1),
(2856, '眉县', '', 360307, '', '', '', 0, 1),
(2857, '陇县', '', 360308, '', '', '', 0, 1),
(2858, '千阳县', '', 360309, '', '', '', 0, 1),
(2859, '麟游县', '', 360310, '', '', '', 0, 1),
(2860, '凤县', '', 360311, '', '', '', 0, 1),
(2861, '太白县', '', 360312, '', '', '', 0, 1),
(2862, '咸阳', '', 3604, '', '', '', 0, 1),
(2863, '秦都区', '', 360401, '', '', '', 0, 1),
(2864, '杨凌区', '', 360402, '', '', '', 0, 1),
(2865, '渭城区', '', 360403, '', '', '', 0, 1),
(2866, '三原县', '', 360404, '', '', '', 0, 1),
(2867, '泾阳县', '', 360405, '', '', '', 0, 1),
(2868, '乾县', '', 360406, '', '', '', 0, 1),
(2869, '礼泉县', '', 360407, '', '', '', 0, 1),
(2870, '永寿县', '', 360408, '', '', '', 0, 1),
(2871, '彬县', '', 360409, '', '', '', 0, 1),
(2872, '长武县', '', 360410, '', '', '', 0, 1),
(2873, '旬邑县', '', 360411, '', '', '', 0, 1),
(2874, '淳化县', '', 360412, '', '', '', 0, 1),
(2875, '武功县', '', 360413, '', '', '', 0, 1),
(2876, '兴平', '', 360414, '', '', '', 0, 1),
(2877, '渭南', '', 3605, '', '', '', 0, 1),
(2878, '临渭区', '', 360501, '', '', '', 0, 1),
(2879, '华县', '', 360502, '', '', '', 0, 1),
(2880, '潼关县', '', 360503, '', '', '', 0, 1),
(2881, '大荔县', '', 360504, '', '', '', 0, 1),
(2882, '合阳县', '', 360505, '', '', '', 0, 1),
(2883, '澄城县', '', 360506, '', '', '', 0, 1),
(2884, '蒲城县', '', 360507, '', '', '', 0, 1),
(2885, '白水县', '', 360508, '', '', '', 0, 1),
(2886, '富平县', '', 360509, '', '', '', 0, 1),
(2887, '韩城', '', 360510, '', '', '', 0, 1),
(2888, '华阴', '', 360511, '', '', '', 0, 1),
(2889, '延安', '', 3606, '', '', '', 0, 1),
(2890, '宝塔区', '', 360601, '', '', '', 0, 1),
(2891, '延长县', '', 360602, '', '', '', 0, 1),
(2892, '延川县', '', 360603, '', '', '', 0, 1),
(2893, '子长县', '', 360604, '', '', '', 0, 1),
(2894, '安塞县', '', 360605, '', '', '', 0, 1),
(2895, '志丹县', '', 360606, '', '', '', 0, 1),
(2896, '吴起县', '', 360607, '', '', '', 0, 1),
(2897, '甘泉县', '', 360608, '', '', '', 0, 1),
(2898, '富县', '', 360609, '', '', '', 0, 1),
(2899, '洛川县', '', 360610, '', '', '', 0, 1),
(2900, '宜川县', '', 360611, '', '', '', 0, 1),
(2901, '黄龙县', '', 360612, '', '', '', 0, 1),
(2902, '黄陵县', '', 360613, '', '', '', 0, 1),
(2903, '汉中', '', 3607, '', '', '', 0, 1),
(2904, '汉台区', '', 360701, '', '', '', 0, 1),
(2905, '南郑县', '', 360702, '', '', '', 0, 1),
(2906, '城固县', '', 360703, '', '', '', 0, 1),
(2907, '洋县', '', 360704, '', '', '', 0, 1),
(2908, '西乡县', '', 360705, '', '', '', 0, 1),
(2909, '勉县', '', 360706, '', '', '', 0, 1),
(2910, '宁强县', '', 360707, '', '', '', 0, 1),
(2911, '略阳县', '', 360708, '', '', '', 0, 1),
(2912, '镇巴县', '', 360709, '', '', '', 0, 1),
(2913, '留坝县', '', 360710, '', '', '', 0, 1),
(2914, '佛坪县', '', 360711, '', '', '', 0, 1),
(2915, '榆林', '', 3608, '', '', '', 0, 1),
(2916, '榆阳区', '', 360801, '', '', '', 0, 1),
(2917, '神木县', '', 360802, '', '', '', 0, 1),
(2918, '府谷县', '', 360803, '', '', '', 0, 1),
(2919, '横山县', '', 360804, '', '', '', 0, 1),
(2920, '靖边县', '', 360805, '', '', '', 0, 1),
(2921, '定边县', '', 360806, '', '', '', 0, 1),
(2922, '绥德县', '', 360807, '', '', '', 0, 1),
(2923, '米脂县', '', 360808, '', '', '', 0, 1),
(2924, '佳县', '', 360809, '', '', '', 0, 1),
(2925, '吴堡县', '', 360810, '', '', '', 0, 1),
(2926, '清涧县', '', 360811, '', '', '', 0, 1),
(2927, '子洲县', '', 360812, '', '', '', 0, 1),
(2928, '安康', '', 3609, '', '', '', 0, 1),
(2929, '汉滨区', '', 360901, '', '', '', 0, 1),
(2930, '汉阴县', '', 360902, '', '', '', 0, 1),
(2931, '石泉县', '', 360903, '', '', '', 0, 1),
(2932, '宁陕县', '', 360904, '', '', '', 0, 1),
(2933, '紫阳县', '', 360905, '', '', '', 0, 1),
(2934, '岚皋县', '', 360906, '', '', '', 0, 1),
(2935, '平利县', '', 360907, '', '', '', 0, 1),
(2936, '镇坪县', '', 360908, '', '', '', 0, 1),
(2937, '旬阳县', '', 360909, '', '', '', 0, 1),
(2938, '白河县', '', 360910, '', '', '', 0, 1),
(2939, '商洛', '', 3610, '', '', '', 0, 1),
(2940, '商州区', '', 361001, '', '', '', 0, 1),
(2941, '洛南县', '', 361002, '', '', '', 0, 1),
(2942, '丹凤县', '', 361003, '', '', '', 0, 1),
(2943, '商南县', '', 361004, '', '', '', 0, 1),
(2944, '山阳县', '', 361005, '', '', '', 0, 1),
(2945, '镇安县', '', 361006, '', '', '', 0, 1),
(2946, '柞水县', '', 361007, '', '', '', 0, 1),
(2947, '甘肃省', '', 37, '', '', '', 0, 1),
(2948, '兰州', '', 3701, '', '', '', 0, 1),
(2949, '城关区', '', 370101, '', '', '', 0, 1),
(2950, '七里河区', '', 370102, '', '', '', 0, 1),
(2951, '西固区', '', 370103, '', '', '', 0, 1),
(2952, '安宁区', '', 370104, '', '', '', 0, 1),
(2953, '红古区', '', 370105, '', '', '', 0, 1),
(2954, '永登县', '', 370106, '', '', '', 0, 1),
(2955, '皋兰县', '', 370107, '', '', '', 0, 1),
(2956, '榆中县', '', 370108, '', '', '', 0, 1),
(2957, '嘉峪关', '', 3702, '', '', '', 0, 1),
(2958, '金昌', '', 3703, '', '', '', 0, 1),
(2959, '金川区', '', 370301, '', '', '', 0, 1),
(2960, '永昌县', '', 370302, '', '', '', 0, 1),
(2961, '白银', '', 3704, '', '', '', 0, 1),
(2962, '白银区', '', 370401, '', '', '', 0, 1),
(2963, '平川区', '', 370402, '', '', '', 0, 1),
(2964, '靖远县', '', 370403, '', '', '', 0, 1),
(2965, '会宁县', '', 370404, '', '', '', 0, 1),
(2966, '景泰县', '', 370405, '', '', '', 0, 1),
(2967, '天水', '', 3705, '', '', '', 0, 1),
(2968, '秦城区', '', 370501, '', '', '', 0, 1),
(2969, '北道区', '', 370502, '', '', '', 0, 1),
(2970, '清水县', '', 370503, '', '', '', 0, 1),
(2971, '秦安县', '', 370504, '', '', '', 0, 1),
(2972, '甘谷县', '', 370505, '', '', '', 0, 1),
(2973, '武山县', '', 370506, '', '', '', 0, 1),
(2974, '张家川回族自治县', '', 370507, '', '', '', 0, 1),
(2975, '武威', '', 3706, '', '', '', 0, 1),
(2976, '凉州区', '', 370601, '', '', '', 0, 1),
(2977, '民勤县', '', 370602, '', '', '', 0, 1),
(2978, '古浪县', '', 370603, '', '', '', 0, 1),
(2979, '天祝藏族自治县', '', 370604, '', '', '', 0, 1),
(2980, '张掖', '', 3707, '', '', '', 0, 1),
(2981, '甘州区', '', 370701, '', '', '', 0, 1),
(2982, '肃南裕固族自治县', '', 370702, '', '', '', 0, 1),
(2983, '民乐县', '', 370703, '', '', '', 0, 1),
(2984, '临泽县', '', 370704, '', '', '', 0, 1),
(2985, '高台县', '', 370705, '', '', '', 0, 1),
(2986, '山丹县', '', 370706, '', '', '', 0, 1),
(2987, '平凉', '', 3708, '', '', '', 0, 1),
(2988, '崆峒区', '', 370801, '', '', '', 0, 1),
(2989, '泾川县', '', 370802, '', '', '', 0, 1),
(2990, '灵台县', '', 370803, '', '', '', 0, 1),
(2991, '崇信县', '', 370804, '', '', '', 0, 1),
(2992, '华亭县', '', 370805, '', '', '', 0, 1),
(2993, '庄浪县', '', 370806, '', '', '', 0, 1),
(2994, '静宁县', '', 370807, '', '', '', 0, 1),
(2995, '酒泉', '', 3709, '', '', '', 0, 1),
(2996, '肃州区', '', 370901, '', '', '', 0, 1),
(2997, '金塔县', '', 370902, '', '', '', 0, 1),
(2998, '安西县', '', 370903, '', '', '', 0, 1),
(2999, '肃北蒙古族自治县', '', 370904, '', '', '', 0, 1),
(3000, '阿克塞哈萨克族自治县', '', 370905, '', '', '', 0, 1),
(3001, '玉门', '', 370906, '', '', '', 0, 1),
(3002, '敦煌', '', 370907, '', '', '', 0, 1),
(3003, '庆阳', '', 3710, '', '', '', 0, 1),
(3004, '西峰区', '', 371001, '', '', '', 0, 1),
(3005, '庆城县', '', 371002, '', '', '', 0, 1),
(3006, '环县', '', 371003, '', '', '', 0, 1),
(3007, '华池县', '', 371004, '', '', '', 0, 1),
(3008, '合水县', '', 371005, '', '', '', 0, 1),
(3009, '正宁县', '', 371006, '', '', '', 0, 1),
(3010, '宁县', '', 371007, '', '', '', 0, 1),
(3011, '镇原县', '', 371008, '', '', '', 0, 1),
(3012, '定西', '', 3711, '', '', '', 0, 1),
(3013, '安定区', '', 371101, '', '', '', 0, 1),
(3014, '通渭县', '', 371102, '', '', '', 0, 1),
(3015, '陇西县', '', 371103, '', '', '', 0, 1),
(3016, '渭源县', '', 371104, '', '', '', 0, 1),
(3017, '临洮县', '', 371105, '', '', '', 0, 1),
(3018, '漳县', '', 371106, '', '', '', 0, 1),
(3019, '岷县', '', 371107, '', '', '', 0, 1),
(3020, '陇南', '', 3712, '', '', '', 0, 1),
(3021, '武都区', '', 371201, '', '', '', 0, 1),
(3022, '成县', '', 371202, '', '', '', 0, 1),
(3023, '文县', '', 371203, '', '', '', 0, 1),
(3024, '宕昌县', '', 371204, '', '', '', 0, 1),
(3025, '康县', '', 371205, '', '', '', 0, 1),
(3026, '西和县', '', 371206, '', '', '', 0, 1),
(3027, '礼县', '', 371207, '', '', '', 0, 1),
(3028, '徽县', '', 371208, '', '', '', 0, 1),
(3029, '两当县', '', 371209, '', '', '', 0, 1),
(3030, '临夏回族自治州', '', 3713, '', '', '', 0, 1),
(3031, '临夏', '', 371301, '', '', '', 0, 1),
(3032, '临夏县', '', 371302, '', '', '', 0, 1),
(3033, '康乐县', '', 371303, '', '', '', 0, 1),
(3034, '永靖县', '', 371304, '', '', '', 0, 1),
(3035, '广河县', '', 371305, '', '', '', 0, 1),
(3036, '和政县', '', 371306, '', '', '', 0, 1),
(3037, '东乡族自治县', '', 371307, '', '', '', 0, 1),
(3038, '积石山保安族东乡族撒拉族自治县', '', 371308, '', '', '', 0, 1);
INSERT INTO `dc_area` (`aid`, `areaname`, `mappoint`, `areacode`, `template`, `domain`, `setting`, `listorder`, `status`) VALUES
(3039, '甘南藏族自治州', '', 3714, '', '', '', 0, 1),
(3040, '合作', '', 371401, '', '', '', 0, 1),
(3041, '临潭县', '', 371402, '', '', '', 0, 1),
(3042, '卓尼县', '', 371403, '', '', '', 0, 1),
(3043, '舟曲县', '', 371404, '', '', '', 0, 1),
(3044, '迭部县', '', 371405, '', '', '', 0, 1),
(3045, '玛曲县', '', 371406, '', '', '', 0, 1),
(3046, '碌曲县', '', 371407, '', '', '', 0, 1),
(3047, '夏河县', '', 371408, '', '', '', 0, 1),
(3048, '青海省', '', 38, '', '', '', 0, 1),
(3049, '西宁', '', 3801, '', '', '', 0, 1),
(3050, '城东区', '', 380101, '', '', '', 0, 1),
(3051, '城中区', '', 380102, '', '', '', 0, 1),
(3052, '城西区', '', 380103, '', '', '', 0, 1),
(3053, '城北区', '', 380104, '', '', '', 0, 1),
(3054, '大通回族土族自治县', '', 380105, '', '', '', 0, 1),
(3055, '湟中县', '', 380106, '', '', '', 0, 1),
(3056, '湟源县', '', 380107, '', '', '', 0, 1),
(3057, '海东地区', '', 3802, '', '', '', 0, 1),
(3058, '平安县', '', 380201, '', '', '', 0, 1),
(3059, '民和回族土族自治县', '', 380202, '', '', '', 0, 1),
(3060, '乐都县', '', 380203, '', '', '', 0, 1),
(3061, '互助土族自治县', '', 380204, '', '', '', 0, 1),
(3062, '化隆回族自治县', '', 380205, '', '', '', 0, 1),
(3063, '循化撒拉族自治县', '', 380206, '', '', '', 0, 1),
(3064, '海北藏族自治州', '', 3803, '', '', '', 0, 1),
(3065, '门源回族自治县', '', 380301, '', '', '', 0, 1),
(3066, '祁连县', '', 380302, '', '', '', 0, 1),
(3067, '海晏县', '', 380303, '', '', '', 0, 1),
(3068, '刚察县', '', 380304, '', '', '', 0, 1),
(3069, '黄南藏族自治州', '', 3804, '', '', '', 0, 1),
(3070, '同仁县', '', 380401, '', '', '', 0, 1),
(3071, '尖扎县', '', 380402, '', '', '', 0, 1),
(3072, '泽库县', '', 380403, '', '', '', 0, 1),
(3073, '河南蒙古族自治县', '', 380404, '', '', '', 0, 1),
(3074, '海南藏族自治州', '', 3805, '', '', '', 0, 1),
(3075, '共和县', '', 380501, '', '', '', 0, 1),
(3076, '同德县', '', 380502, '', '', '', 0, 1),
(3077, '贵德县', '', 380503, '', '', '', 0, 1),
(3078, '兴海县', '', 380504, '', '', '', 0, 1),
(3079, '贵南县', '', 380505, '', '', '', 0, 1),
(3080, '果洛藏族自治州', '', 3806, '', '', '', 0, 1),
(3081, '玛沁县', '', 380601, '', '', '', 0, 1),
(3082, '班玛县', '', 380602, '', '', '', 0, 1),
(3083, '甘德县', '', 380603, '', '', '', 0, 1),
(3084, '达日县', '', 380604, '', '', '', 0, 1),
(3085, '久治县', '', 380605, '', '', '', 0, 1),
(3086, '玛多县', '', 380606, '', '', '', 0, 1),
(3087, '玉树藏族自治州', '', 3807, '', '', '', 0, 1),
(3088, '玉树县', '', 380701, '', '', '', 0, 1),
(3089, '杂多县', '', 380702, '', '', '', 0, 1),
(3090, '称多县', '', 380703, '', '', '', 0, 1),
(3091, '治多县', '', 380704, '', '', '', 0, 1),
(3092, '囊谦县', '', 380705, '', '', '', 0, 1),
(3093, '曲麻莱县', '', 380706, '', '', '', 0, 1),
(3094, '海西蒙古族藏族自治州', '', 3808, '', '', '', 0, 1),
(3095, '格尔木', '', 380801, '', '', '', 0, 1),
(3096, '德令哈', '', 380802, '', '', '', 0, 1),
(3097, '乌兰县', '', 380803, '', '', '', 0, 1),
(3098, '都兰县', '', 380804, '', '', '', 0, 1),
(3099, '天峻县', '', 380805, '', '', '', 0, 1),
(3100, '宁夏回族自治区', '', 39, '', '', '', 0, 1),
(3101, '银川', '', 3901, '', '', '', 0, 1),
(3102, '兴庆区', '', 390101, '', '', '', 0, 1),
(3103, '西夏区', '', 390102, '', '', '', 0, 1),
(3104, '金凤区', '', 390103, '', '', '', 0, 1),
(3105, '永宁县', '', 390104, '', '', '', 0, 1),
(3106, '贺兰县', '', 390105, '', '', '', 0, 1),
(3107, '灵武', '', 390106, '', '', '', 0, 1),
(3108, '石嘴山', '', 3902, '', '', '', 0, 1),
(3109, '大武口区', '', 390201, '', '', '', 0, 1),
(3110, '惠农区', '', 390202, '', '', '', 0, 1),
(3111, '平罗县', '', 390203, '', '', '', 0, 1),
(3112, '吴忠', '', 3903, '', '', '', 0, 1),
(3113, '利通区', '', 390301, '', '', '', 0, 1),
(3114, '盐池县', '', 390302, '', '', '', 0, 1),
(3115, '同心县', '', 390303, '', '', '', 0, 1),
(3116, '青铜峡', '', 390304, '', '', '', 0, 1),
(3117, '固原', '', 3904, '', '', '', 0, 1),
(3118, '原州区', '', 390401, '', '', '', 0, 1),
(3119, '西吉县', '', 390402, '', '', '', 0, 1),
(3120, '隆德县', '', 390403, '', '', '', 0, 1),
(3121, '泾源县', '', 390404, '', '', '', 0, 1),
(3122, '彭阳县', '', 390405, '', '', '', 0, 1),
(3123, '中卫', '', 3905, '', '', '', 0, 1),
(3124, '沙坡头区', '', 390501, '', '', '', 0, 1),
(3125, '中宁县', '', 390502, '', '', '', 0, 1),
(3126, '海原县', '', 390503, '', '', '', 0, 1),
(3127, '新疆维吾尔自治区', '', 40, '', '', '', 0, 1),
(3128, '乌鲁木齐', '', 4001, '', '', '', 0, 1),
(3129, '天山区', '', 400101, '', '', '', 0, 1),
(3130, '沙依巴克区', '', 400102, '', '', '', 0, 1),
(3131, '新区', '', 400103, '', '', '', 0, 1),
(3132, '水磨沟区', '', 400104, '', '', '', 0, 1),
(3133, '头屯河区', '', 400105, '', '', '', 0, 1),
(3134, '达坂城区', '', 400106, '', '', '', 0, 1),
(3135, '东山区', '', 400107, '', '', '', 0, 1),
(3136, '乌鲁木齐县', '', 400108, '', '', '', 0, 1),
(3137, '克拉玛依', '', 4002, '', '', '', 0, 1),
(3138, '独山子区', '', 400201, '', '', '', 0, 1),
(3139, '克拉玛依区', '', 400202, '', '', '', 0, 1),
(3140, '白碱滩区', '', 400203, '', '', '', 0, 1),
(3141, '乌尔禾区', '', 400204, '', '', '', 0, 1),
(3142, '吐鲁番地区', '', 4003, '', '', '', 0, 1),
(3143, '吐鲁番', '', 400301, '', '', '', 0, 1),
(3144, '鄯善县', '', 400302, '', '', '', 0, 1),
(3145, '托克逊县', '', 400303, '', '', '', 0, 1),
(3146, '哈密地区', '', 4004, '', '', '', 0, 1),
(3147, '哈密', '', 400401, '', '', '', 0, 1),
(3148, '巴里坤哈萨克自治县', '', 400402, '', '', '', 0, 1),
(3149, '伊吾县', '', 400403, '', '', '', 0, 1),
(3150, '昌吉回族自治州', '', 4005, '', '', '', 0, 1),
(3151, '昌吉', '', 400501, '', '', '', 0, 1),
(3152, '阜康', '', 400502, '', '', '', 0, 1),
(3153, '米泉', '', 400503, '', '', '', 0, 1),
(3154, '呼图壁县', '', 400504, '', '', '', 0, 1),
(3155, '玛纳斯县', '', 400505, '', '', '', 0, 1),
(3156, '奇台县', '', 400506, '', '', '', 0, 1),
(3157, '吉木萨尔县', '', 400507, '', '', '', 0, 1),
(3158, '木垒哈萨克自治县', '', 400508, '', '', '', 0, 1),
(3159, '博尔塔拉蒙古自治州', '', 4006, '', '', '', 0, 1),
(3160, '博乐', '', 400601, '', '', '', 0, 1),
(3161, '精河县', '', 400602, '', '', '', 0, 1),
(3162, '温泉县', '', 400603, '', '', '', 0, 1),
(3163, '巴音郭楞蒙古自治州', '', 4007, '', '', '', 0, 1),
(3164, '库尔勒', '', 400701, '', '', '', 0, 1),
(3165, '轮台县', '', 400702, '', '', '', 0, 1),
(3166, '尉犁县', '', 400703, '', '', '', 0, 1),
(3167, '若羌县', '', 400704, '', '', '', 0, 1),
(3168, '且末县', '', 400705, '', '', '', 0, 1),
(3169, '焉耆回族自治县', '', 400706, '', '', '', 0, 1),
(3170, '和静县', '', 400707, '', '', '', 0, 1),
(3171, '和硕县', '', 400708, '', '', '', 0, 1),
(3172, '博湖县', '', 400709, '', '', '', 0, 1),
(3173, '阿克苏地区', '', 4008, '', '', '', 0, 1),
(3174, '阿克苏', '', 400801, '', '', '', 0, 1),
(3175, '温宿县', '', 400802, '', '', '', 0, 1),
(3176, '库车县', '', 400803, '', '', '', 0, 1),
(3177, '沙雅县', '', 400804, '', '', '', 0, 1),
(3178, '新和县', '', 400805, '', '', '', 0, 1),
(3179, '拜城县', '', 400806, '', '', '', 0, 1),
(3180, '乌什县', '', 400807, '', '', '', 0, 1),
(3181, '阿瓦提县', '', 400808, '', '', '', 0, 1),
(3182, '柯坪县', '', 400809, '', '', '', 0, 1),
(3183, '克孜勒苏柯尔克孜自治州', '', 4009, '', '', '', 0, 1),
(3184, '阿图什', '', 400901, '', '', '', 0, 1),
(3185, '阿克陶县', '', 400902, '', '', '', 0, 1),
(3186, '阿合奇县', '', 400903, '', '', '', 0, 1),
(3187, '乌恰县', '', 400904, '', '', '', 0, 1),
(3188, '喀什地区', '', 4010, '', '', '', 0, 1),
(3189, '喀什', '', 401001, '', '', '', 0, 1),
(3190, '疏附县', '', 401002, '', '', '', 0, 1),
(3191, '疏勒县', '', 401003, '', '', '', 0, 1),
(3192, '英吉沙县', '', 401004, '', '', '', 0, 1),
(3193, '泽普县', '', 401005, '', '', '', 0, 1),
(3194, '莎车县', '', 401006, '', '', '', 0, 1),
(3195, '叶城县', '', 401007, '', '', '', 0, 1),
(3196, '麦盖提县', '', 401008, '', '', '', 0, 1),
(3197, '岳普湖县', '', 401009, '', '', '', 0, 1),
(3198, '伽师县', '', 401010, '', '', '', 0, 1),
(3199, '巴楚县', '', 401011, '', '', '', 0, 1),
(3200, '塔什库尔干塔吉克自治县', '', 401012, '', '', '', 0, 1),
(3201, '和田地区', '', 4011, '', '', '', 0, 1),
(3202, '和田', '', 401101, '', '', '', 0, 1),
(3203, '和田县', '', 401102, '', '', '', 0, 1),
(3204, '墨玉县', '', 401103, '', '', '', 0, 1),
(3205, '皮山县', '', 401104, '', '', '', 0, 1),
(3206, '洛浦县', '', 401105, '', '', '', 0, 1),
(3207, '策勒县', '', 401106, '', '', '', 0, 1),
(3208, '于田县', '', 401107, '', '', '', 0, 1),
(3209, '民丰县', '', 401108, '', '', '', 0, 1),
(3210, '伊犁哈萨克自治州', '', 4012, '', '', '', 0, 1),
(3211, '伊宁', '', 401201, '', '', '', 0, 1),
(3212, '奎屯', '', 401202, '', '', '', 0, 1),
(3213, '伊宁县', '', 401203, '', '', '', 0, 1),
(3214, '察布查尔锡伯自治县', '', 401204, '', '', '', 0, 1),
(3215, '霍城县', '', 401205, '', '', '', 0, 1),
(3216, '巩留县', '', 401206, '', '', '', 0, 1),
(3217, '新源县', '', 401207, '', '', '', 0, 1),
(3218, '昭苏县', '', 401208, '', '', '', 0, 1),
(3219, '特克斯县', '', 401209, '', '', '', 0, 1),
(3220, '尼勒克县', '', 401210, '', '', '', 0, 1),
(3221, '塔城地区', '', 4013, '', '', '', 0, 1),
(3222, '塔城', '', 401301, '', '', '', 0, 1),
(3223, '乌苏', '', 401302, '', '', '', 0, 1),
(3224, '额敏县', '', 401303, '', '', '', 0, 1),
(3225, '沙湾县', '', 401304, '', '', '', 0, 1),
(3226, '托里县', '', 401305, '', '', '', 0, 1),
(3227, '裕民县', '', 401306, '', '', '', 0, 1),
(3228, '和布克赛尔蒙古自治县', '', 401307, '', '', '', 0, 1),
(3229, '阿勒泰地区', '', 4014, '', '', '', 0, 1),
(3230, '阿勒泰', '', 401401, '', '', '', 0, 1),
(3231, '布尔津县', '', 401402, '', '', '', 0, 1),
(3232, '富蕴县', '', 401403, '', '', '', 0, 1),
(3233, '福海县', '', 401404, '', '', '', 0, 1),
(3234, '哈巴河县', '', 401405, '', '', '', 0, 1),
(3235, '青河县', '', 401406, '', '', '', 0, 1),
(3236, '吉木乃县', '', 401407, '', '', '', 0, 1),
(3237, '省直辖行政单位', '', 4015, '', '', '', 0, 1),
(3238, '石河子', '', 401501, '', '', '', 0, 1),
(3239, '阿拉尔', '', 401502, '', '', '', 0, 1),
(3240, '图木舒克', '', 401503, '', '', '', 0, 1),
(3241, '五家渠', '', 401504, '', '', '', 0, 1),
(3567, '港口镇', '', 281805, '', '', '', 0, 1),
(3568, '火炬开发区', '', 281806, '', '', '', 0, 1),
(3569, '南朗镇', '', 281807, '', '', '', 0, 1),
(3570, '民众镇', '', 281808, '', '', '', 0, 1),
(3571, '三角镇', '', 281809, '', '', '', 0, 1),
(3572, '黄圃镇', '', 281810, '', '', '', 0, 1),
(3573, '南头镇', '', 281811, '', '', '', 0, 1),
(3574, '阜沙镇', '', 281812, '', '', '', 0, 1),
(3575, '东凤镇', '', 281813, '', '', '', 0, 1),
(3576, '小榄镇', '', 281814, '', '', '', 0, 1),
(3577, '古镇镇', '', 281815, '', '', '', 0, 1),
(3578, '东升镇', '', 281816, '', '', '', 0, 1),
(3579, '沙溪镇', '', 281817, '', '', '', 0, 1),
(3580, '大涌镇', '', 281818, '', '', '', 0, 1),
(3581, '横栏镇', '', 281819, '', '', '', 0, 1),
(3582, '板芙镇', '', 281820, '', '', '', 0, 1),
(3583, '神湾镇', '', 281821, '', '', '', 0, 1),
(3584, '坦洲镇', '', 281822, '', '', '', 0, 1),
(3585, '三乡镇', '', 281823, '', '', '', 0, 1),
(3586, '五桂山镇', '', 281824, '', '', '', 0, 1),
(3587, '麻涌', '', 281701, '', '', '', 0, 1),
(3588, '石碣', '', 281702, '', '', '', 0, 1),
(3589, '寮步', '', 281703, '', '', '', 0, 1),
(3590, '望牛墩', '', 281704, '', '', '', 0, 1),
(3591, '中堂', '', 281705, '', '', '', 0, 1),
(3592, '石龙', '', 281706, '', '', '', 0, 1),
(3593, '大朗', '', 281707, '', '', '', 0, 1),
(3594, '大岭山', '', 281708, '', '', '', 0, 1),
(3595, '洪梅', '', 281709, '', '', '', 0, 1),
(3596, '石排', '', 281710, '', '', '', 0, 1),
(3597, '东坑', '', 281711, '', '', '', 0, 1),
(3598, '樟木头', '', 281712, '', '', '', 0, 1),
(3599, '道滘', '', 281713, '', '', '', 0, 1),
(3600, '企石', '', 281714, '', '', '', 0, 1),
(3601, '横沥', '', 281715, '', '', '', 0, 1),
(3602, '万江', '', 281716, '', '', '', 0, 1),
(3603, '沙田', '', 281717, '', '', '', 0, 1),
(3604, '虎门', '', 281718, '', '', '', 0, 1),
(3605, '常平', '', 281719, '', '', '', 0, 1),
(3606, '南城', '', 281720, '', '', '', 0, 1),
(3607, '厚街', '', 281721, '', '', '', 0, 1),
(3608, '长安', '', 281722, '', '', '', 0, 1),
(3609, '黄江', '', 281723, '', '', '', 0, 1),
(3610, '东城', '', 281724, '', '', '', 0, 1),
(3611, '高埗', '', 281725, '', '', '', 0, 1),
(3612, '茶山', '', 281726, '', '', '', 0, 1),
(3613, '塘夏', '', 281727, '', '', '', 0, 1),
(3614, '莞城', '', 281728, '', '', '', 0, 1),
(3615, '凤岗', '', 281729, '', '', '', 0, 1),
(3616, '清溪', '', 281730, '', '', '', 0, 1),
(3617, '桥头', '', 281731, '', '', '', 0, 1),
(3618, '谢岗', '', 281732, '', '', '', 0, 1),
(3619, '密云县', '', 1017, 'default', '', 'array (\n  ''title'' => '''',\n  ''keywords'' => '''',\n  ''description'' => '''',\n  ''headhtml'' => '''',\n  ''hotwords'' => '''',\n)', 999, 1),
(3620, '延庆县', '', 1018, 'default', '', 'array (\n  ''title'' => '''',\n  ''keywords'' => '''',\n  ''description'' => '''',\n  ''headhtml'' => '''',\n  ''hotwords'' => '''',\n)', 999, 1);

-- --------------------------------------------------------

--
-- 表的结构 `dc_attachment`
--

DROP TABLE IF EXISTS `dc_attachment`;
CREATE TABLE IF NOT EXISTS `dc_attachment` (
  `aid` int(10) unsigned NOT NULL AUTO_INCREMENT COMMENT '???? ?? ???? ??? ????',
  `module` char(15) NOT NULL DEFAULT 'dearcms',
  `catcode` int(6) unsigned NOT NULL DEFAULT '0',
  `areacode` int(6) NOT NULL,
  `contentid` mediumint(8) unsigned NOT NULL DEFAULT '0',
  `shopid` mediumint(8) NOT NULL,
  `field` char(20) NOT NULL,
  `filename` char(50) NOT NULL,
  `filepath` char(200) NOT NULL,
  `filetype` char(30) NOT NULL,
  `filesize` int(10) unsigned NOT NULL DEFAULT '0',
  `fileext` char(10) NOT NULL,
  `title` char(50) NOT NULL,
  `description` char(100) NOT NULL,
  `tags` char(200) NOT NULL,
  `isimage` tinyint(1) unsigned NOT NULL DEFAULT '0',
  `isthumb` tinyint(1) unsigned NOT NULL DEFAULT '0',
  `downloads` mediumint(8) unsigned NOT NULL DEFAULT '0',
  `listorder` smallint(5) unsigned NOT NULL DEFAULT '999',
  `userid` mediumint(8) unsigned NOT NULL DEFAULT '0',
  `uploadtime` int(10) unsigned NOT NULL DEFAULT '0',
  `uploadip` char(15) NOT NULL,
  `type` int(2) NOT NULL,
  `hits` int(10) NOT NULL,
  `status` tinyint(1) NOT NULL,
  PRIMARY KEY (`aid`),
  KEY `contentid` (`contentid`,`field`,`listorder`)
) ENGINE=MyISAM  DEFAULT CHARSET=utf8;

--
-- 导出表中的数据 `dc_attachment`
--

INSERT INTO `dc_attachment` (`aid`, `module`, `catcode`, `areacode`, `contentid`, `shopid`, `field`, `filename`, `filepath`, `filetype`, `filesize`, `fileext`, `title`, `description`, `tags`, `isimage`, `isthumb`, `downloads`, `listorder`, `userid`, `uploadtime`, `uploadip`, `type`, `hits`, `status`) VALUES
(1, '', 0, 0, 0, 1, 'thumb', 'a7951ce643d3dd0cb93820c4.jpg', '2010/0304/20100304032929727.jpg', 'image/pjpeg', 159203, 'jpg', '', '', '', 1, 0, 0, 999, 0, 1267687769, '219.136.141.204', 0, 0, 0),
(2, '', 0, 0, 0, 3, 'thumb', '1.jpg', '2010/0304/20100304044551992.jpg', 'image/pjpeg', 8056, 'jpg', '', '', '', 1, 0, 0, 999, 0, 1267692351, '219.136.141.204', 0, 0, 0),
(3, '', 0, 0, 0, 4, 'thumb', '2.jpg', '2010/0304/20100304045552490.jpg', 'image/pjpeg', 13349, 'jpg', '', '', '', 1, 0, 0, 999, 0, 1267692952, '219.136.141.204', 0, 0, 0),
(4, '', 0, 0, 0, 6, 'thumb', '1.jpg', '2010/0304/20100304051057290.jpg', 'image/pjpeg', 27664, 'jpg', '', '', '', 1, 0, 0, 999, 0, 1267693857, '219.136.141.204', 0, 0, 0),
(5, '', 0, 0, 0, 7, 'thumb', '1.jpg', '2010/0304/20100304052026834.jpg', 'image/pjpeg', 15259, 'jpg', '', '', '', 1, 0, 0, 999, 0, 1267694426, '219.136.141.204', 0, 0, 0),
(6, '', 0, 0, 0, 5, 'thumb', '2.jpg', '2010/0304/20100304052110375.jpg', 'image/pjpeg', 16026, 'jpg', '', '', '', 1, 0, 0, 999, 0, 1267694470, '219.136.141.204', 0, 0, 0),
(7, '', 0, 0, 0, 8, 'thumb', '1.jpg', '2010/0304/20100304052354221.jpg', 'image/pjpeg', 10780, 'jpg', '', '', '', 1, 0, 0, 999, 0, 1267694634, '219.136.141.204', 0, 0, 0),
(8, '', 0, 0, 0, 9, 'thumb', '1.jpg', '2010/0304/20100304053230481.jpg', 'image/pjpeg', 9381, 'jpg', '', '', '', 1, 0, 0, 999, 0, 1267695150, '219.136.141.204', 0, 0, 0),
(9, '', 0, 0, 0, 10, 'thumb', '1.jpg', '2010/0304/20100304053924758.jpg', 'image/pjpeg', 12859, 'jpg', '', '', '', 1, 0, 0, 999, 0, 1267695564, '219.136.141.204', 0, 0, 0),
(10, '', 0, 0, 0, 11, 'thumb', '1.jpg', '2010/0304/20100304054157692.jpg', 'image/pjpeg', 9054, 'jpg', '', '', '', 1, 0, 0, 999, 0, 1267695717, '219.136.141.204', 0, 0, 0),
(11, '', 0, 0, 0, 0, 'thumb', '2.jpg', '2010/0304/20100304063714397.jpg', 'image/pjpeg', 6297, 'jpg', '', '', '', 1, 0, 0, 999, 0, 1267699034, '219.136.141.204', 0, 0, 0),
(12, '', 0, 0, 0, 12, 'thumb', '2.jpg', '2010/0304/20100304063714533.jpg', 'image/pjpeg', 6297, 'jpg', '', '', '', 1, 0, 0, 999, 0, 1267699034, '219.136.141.204', 0, 0, 0),
(13, '', 0, 0, 0, 0, 'thumb', '2.jpg', '2010/0304/20100304064019333.jpg', 'image/pjpeg', 24066, 'jpg', '', '', '', 1, 0, 0, 999, 0, 1267699219, '219.136.141.204', 0, 0, 0),
(14, '', 0, 0, 0, 13, 'thumb', '2.jpg', '2010/0304/20100304064138375.jpg', 'image/pjpeg', 4301, 'jpg', '', '', '', 1, 0, 0, 999, 0, 1267699298, '219.136.141.204', 0, 0, 0),
(15, '', 0, 0, 0, 14, 'thumb', '2.jpg', '2010/0304/20100304064334119.jpg', 'image/pjpeg', 12346, 'jpg', '', '', '', 1, 0, 0, 999, 0, 1267699414, '219.136.141.204', 0, 0, 0),
(16, '', 0, 0, 0, 15, 'thumb', '2.jpg', '2010/0304/20100304064449836.jpg', 'image/pjpeg', 20596, 'jpg', '', '', '', 1, 0, 0, 999, 0, 1267699489, '219.136.141.204', 0, 0, 0),
(17, '', 0, 0, 0, 16, 'thumb', '1.jpg', '2010/0304/20100304064643972.jpg', 'image/pjpeg', 1422, 'jpg', '', '', '', 1, 0, 0, 999, 0, 1267699603, '219.136.141.204', 0, 0, 0),
(18, '', 0, 0, 0, 17, 'thumb', '1.jpg', '2010/0304/20100304064755732.jpg', 'image/pjpeg', 1422, 'jpg', '', '', '', 1, 0, 0, 999, 0, 1267699675, '219.136.141.204', 0, 0, 0),
(19, '', 0, 0, 0, 18, 'thumb', '1.jpg', '2010/0304/20100304065357396.jpg', 'image/pjpeg', 4528, 'jpg', '', '', '', 1, 0, 0, 999, 0, 1267700037, '219.136.141.204', 0, 0, 0),
(20, '', 0, 0, 0, 19, 'thumb', '1.jpg', '2010/0304/20100304070330409.jpg', 'image/pjpeg', 1914, 'jpg', '', '', '', 1, 0, 0, 999, 0, 1267700610, '219.136.141.204', 0, 0, 0),
(21, '', 0, 0, 0, 20, 'thumb', '1.jpg', '2010/0304/20100304070643524.jpg', 'image/pjpeg', 1758, 'jpg', '', '', '', 1, 0, 0, 999, 0, 1267700803, '219.136.141.204', 0, 0, 0),
(22, '', 0, 0, 0, 21, 'thumb', '1.jpg', '2010/0304/20100304070724938.jpg', 'image/pjpeg', 5733, 'jpg', '', '', '', 1, 0, 0, 999, 0, 1267700844, '219.136.141.204', 0, 0, 0),
(23, '', 0, 0, 0, 22, 'thumb', '1.jpg', '2010/0304/20100304071013430.jpg', 'image/pjpeg', 8481, 'jpg', '', '', '', 1, 0, 0, 999, 0, 1267701013, '219.136.141.204', 0, 0, 0),
(24, '', 0, 0, 0, 23, 'thumb', '1.jpg', '2010/0304/20100304071145778.jpg', 'image/pjpeg', 2133, 'jpg', '', '', '', 1, 0, 0, 999, 0, 1267701105, '219.136.141.204', 0, 0, 0),
(25, '', 0, 0, 0, 24, 'thumb', '1.jpg', '2010/0304/20100304071245915.jpg', 'image/pjpeg', 12276, 'jpg', '', '', '', 1, 0, 0, 999, 0, 1267701164, '219.136.141.204', 0, 0, 0),
(26, '', 0, 0, 0, 25, 'thumb', '1.jpg', '2010/0304/20100304071503835.jpg', 'image/pjpeg', 11245, 'jpg', '', '', '', 1, 0, 0, 999, 0, 1267701303, '219.136.141.204', 0, 0, 0),
(27, '', 0, 0, 0, 27, 'thumb', '1.jpg', '2010/0304/20100304071835229.jpg', 'image/pjpeg', 28612, 'jpg', '', '', '', 1, 0, 0, 999, 0, 1267701515, '219.136.141.204', 0, 0, 0),
(28, '', 0, 0, 0, 0, 'thumb', '1.jpg', '2010/0304/20100304072010494.jpg', 'image/pjpeg', 28612, 'jpg', '', '', '', 1, 0, 0, 999, 0, 1267701610, '219.136.141.204', 0, 0, 0),
(29, '', 0, 0, 0, 28, 'thumb', '1.jpg', '2010/0304/20100304072022622.jpg', 'image/pjpeg', 53094, 'jpg', '', '', '', 1, 0, 0, 999, 0, 1267701622, '219.136.141.204', 0, 0, 0),
(30, '', 0, 0, 0, 29, 'thumb', '1.jpg', '2010/0304/20100304072217105.jpg', 'image/pjpeg', 23510, 'jpg', '', '', '', 1, 0, 0, 999, 0, 1267701737, '219.136.141.204', 0, 0, 0),
(31, '', 0, 0, 0, 31, 'thumb', '1.jpg', '2010/0304/20100304072421990.jpg', 'image/pjpeg', 43096, 'jpg', '', '', '', 1, 0, 0, 999, 0, 1267701861, '219.136.141.204', 0, 0, 0),
(32, '', 0, 0, 0, 32, 'thumb', '1.jpg', '2010/0304/20100304072522212.jpg', 'image/pjpeg', 4327, 'jpg', '', '', '', 1, 0, 0, 999, 0, 1267701922, '219.136.141.204', 0, 0, 0),
(33, '', 0, 0, 0, 33, 'thumb', '1.jpg', '2010/0304/20100304072615421.jpg', 'image/pjpeg', 10890, 'jpg', '', '', '', 1, 0, 0, 999, 0, 1267701975, '219.136.141.204', 0, 0, 0),
(34, '', 0, 0, 0, 34, 'thumb', '1.jpg', '2010/0304/20100304072752359.jpg', 'image/pjpeg', 6332, 'jpg', '', '', '', 1, 0, 0, 999, 0, 1267702072, '219.136.141.204', 0, 0, 0),
(35, '', 0, 0, 0, 35, 'thumb', '1.jpg', '2010/0304/20100304073844457.jpg', 'image/pjpeg', 1207, 'jpg', '', '', '', 1, 0, 0, 999, 0, 1267702724, '219.136.141.204', 0, 0, 0),
(36, '', 0, 0, 0, 36, 'thumb', '1.jpg', '2010/0304/20100304074141507.jpg', 'image/pjpeg', 19373, 'jpg', '', '', '', 1, 0, 0, 999, 0, 1267702901, '219.136.141.204', 0, 0, 0),
(37, '', 0, 0, 0, 26, 'thumb', '1.jpg', '2010/0304/20100304074457911.jpg', 'image/pjpeg', 32428, 'jpg', '', '', '', 1, 0, 0, 999, 0, 1267703097, '219.136.141.204', 0, 0, 0),
(38, '', 0, 0, 0, 0, 'thumb', '1.jpg', '2010/0304/20100304074522924.jpg', 'image/pjpeg', 9454, 'jpg', '', '', '', 1, 0, 0, 999, 0, 1267703122, '219.136.141.204', 0, 0, 0),
(39, '', 0, 0, 0, 30, 'thumb', '1.jpg', '2010/0304/20100304074536784.jpg', 'image/pjpeg', 9454, 'jpg', '', '', '', 1, 0, 0, 999, 0, 1267703136, '219.136.141.204', 0, 0, 0),
(40, '', 0, 0, 0, 2, 'thumb', '1.jpg', '2010/0304/20100304074615128.jpg', 'image/pjpeg', 12290, 'jpg', '', '', '', 1, 0, 0, 999, 0, 1267703175, '219.136.141.204', 0, 0, 0),
(41, '', 0, 0, 0, 0, 'thumb', '1.jpg', '2010/0304/20100304074735167.jpg', 'image/pjpeg', 5153, 'jpg', '', '', '', 1, 0, 0, 999, 0, 1267703255, '219.136.141.204', 0, 0, 0),
(42, '', 0, 0, 0, 37, 'thumb', '1.jpg', '2010/0304/20100304074927133.jpg', 'image/pjpeg', 5153, 'jpg', '', '', '', 1, 0, 0, 999, 0, 1267703367, '219.136.141.204', 0, 0, 0),
(43, '', 0, 0, 0, 38, 'thumb', '1.jpg', '2010/0304/20100304075159893.jpg', 'image/pjpeg', 2007, 'jpg', '', '', '', 1, 0, 0, 999, 0, 1267703519, '219.136.141.204', 0, 0, 0),
(44, '', 0, 0, 0, 39, 'thumb', '1.jpg', '2010/0304/20100304075516716.jpg', 'image/pjpeg', 1914, 'jpg', '', '', '', 1, 0, 0, 999, 0, 1267703716, '219.136.141.204', 0, 0, 0),
(45, '', 0, 0, 0, 40, 'thumb', '1.jpg', '2010/0304/20100304075930364.jpg', 'image/pjpeg', 6792, 'jpg', '', '', '', 1, 0, 0, 999, 0, 1267703970, '219.136.141.204', 0, 0, 0),
(46, '', 0, 0, 0, 41, 'thumb', '1.jpg', '2010/0304/20100304080225769.jpg', 'image/pjpeg', 1256, 'jpg', '', '', '', 1, 0, 0, 999, 0, 1267704145, '219.136.141.204', 0, 0, 0),
(47, '', 0, 0, 0, 42, 'thumb', '1.jpg', '2010/0304/20100304080411300.jpg', 'image/pjpeg', 16604, 'jpg', '', '', '', 1, 0, 0, 999, 0, 1267704251, '219.136.141.204', 0, 0, 0),
(48, '', 0, 0, 0, 43, 'thumb', '1.jpg', '2010/0304/20100304080548503.jpg', 'image/pjpeg', 8441, 'jpg', '', '', '', 1, 0, 0, 999, 0, 1267704348, '219.136.141.204', 0, 0, 0),
(49, '', 0, 0, 0, 45, 'thumb', '1.jpg', '2010/0304/20100304081026234.jpg', 'image/pjpeg', 4583, 'jpg', '', '', '', 1, 0, 0, 999, 0, 1267704626, '219.136.141.204', 0, 0, 0),
(50, '', 0, 0, 0, 44, 'thumb', '1.jpg', '2010/0304/20100304081124960.jpg', 'image/pjpeg', 7781, 'jpg', '', '', '', 1, 0, 0, 999, 0, 1267704684, '219.136.141.204', 0, 0, 0),
(51, '', 0, 0, 0, 0, 'thumb', '1.jpg', '2010/0304/20100304081239816.jpg', 'image/pjpeg', 6779, 'jpg', '', '', '', 1, 0, 0, 999, 0, 1267704759, '219.136.141.204', 0, 0, 0),
(52, '', 0, 0, 0, 46, 'thumb', '1.jpg', '2010/0304/20100304081400135.jpg', 'image/pjpeg', 33857, 'jpg', '', '', '', 1, 0, 0, 999, 0, 1267704840, '219.136.141.204', 0, 0, 0),
(53, '', 0, 0, 0, 47, 'thumb', '1.jpg', '2010/0304/20100304081502443.jpg', 'image/pjpeg', 4598, 'jpg', '', '', '', 1, 0, 0, 999, 0, 1267704902, '219.136.141.204', 0, 0, 0),
(54, '', 0, 0, 0, 48, 'thumb', '1.jpg', '2010/0304/20100304081711340.jpg', 'image/pjpeg', 25745, 'jpg', '', '', '', 1, 0, 0, 999, 0, 1267705031, '219.136.141.204', 0, 0, 0),
(55, '', 0, 0, 0, 49, 'thumb', '1.jpg', '2010/0304/20100304081857451.jpg', 'image/pjpeg', 1794, 'jpg', '', '', '', 1, 0, 0, 999, 0, 1267705137, '219.136.141.204', 0, 0, 0),
(56, '', 0, 0, 0, 50, 'thumb', '1.jpg', '2010/0304/20100304082043852.jpg', 'image/pjpeg', 3789, 'jpg', '', '', '', 1, 0, 0, 999, 0, 1267705243, '219.136.141.204', 0, 0, 0),
(57, '', 0, 0, 0, 51, 'thumb', '1.jpg', '2010/0304/20100304082215105.jpg', 'image/pjpeg', 21982, 'jpg', '', '', '', 1, 0, 0, 999, 0, 1267705335, '219.136.141.204', 0, 0, 0),
(58, '', 0, 0, 0, 52, 'thumb', '1.jpg', '2010/0304/20100304082347379.jpg', 'image/pjpeg', 25755, 'jpg', '', '', '', 1, 0, 0, 999, 0, 1267705427, '219.136.141.204', 0, 0, 0),
(59, '', 0, 0, 0, 53, 'thumb', '1.jpg', '2010/0304/20100304082500151.jpg', 'image/pjpeg', 3897, 'jpg', '', '', '', 1, 0, 0, 999, 0, 1267705500, '219.136.141.204', 0, 0, 0),
(60, '', 0, 0, 0, 54, 'thumb', '1.jpg', '2010/0304/20100304082604730.jpg', 'image/pjpeg', 9168, 'jpg', '', '', '', 1, 0, 0, 999, 0, 1267705564, '219.136.141.204', 0, 0, 0),
(61, '', 0, 0, 0, 55, 'thumb', '1.jpg', '2010/0304/20100304082744910.jpg', 'image/pjpeg', 18067, 'jpg', '', '', '', 1, 0, 0, 999, 0, 1267705664, '219.136.141.204', 0, 0, 0),
(62, '', 0, 0, 0, 56, 'thumb', '1.jpg', '2010/0304/20100304082956387.jpg', 'image/pjpeg', 6505, 'jpg', '', '', '', 1, 0, 0, 999, 0, 1267705796, '219.136.141.204', 0, 0, 0),
(63, '', 0, 0, 0, 57, 'thumb', '1.jpg', '2010/0304/20100304083104723.jpg', 'image/pjpeg', 21611, 'jpg', '', '', '', 1, 0, 0, 999, 0, 1267705864, '219.136.141.204', 0, 0, 0),
(64, '', 0, 0, 0, 58, 'thumb', '1.jpg', '2010/0304/20100304083328887.jpg', 'image/pjpeg', 9093, 'jpg', '', '', '', 1, 0, 0, 999, 0, 1267706008, '219.136.141.204', 0, 0, 0),
(65, '', 0, 0, 0, 59, 'thumb', '1.jpg', '2010/0304/20100304083441300.jpg', 'image/pjpeg', 42656, 'jpg', '', '', '', 1, 0, 0, 999, 0, 1267706081, '219.136.141.204', 0, 0, 0),
(66, '', 0, 0, 0, 60, 'thumb', '1.jpg', '2010/0304/20100304083738136.jpg', 'image/pjpeg', 1352, 'jpg', '', '', '', 1, 0, 0, 999, 0, 1267706258, '219.136.141.204', 0, 0, 0),
(67, '', 0, 0, 0, 61, 'thumb', '1.jpg', '2010/0304/20100304083933508.jpg', 'image/pjpeg', 27498, 'jpg', '', '', '', 1, 0, 0, 999, 0, 1267706373, '219.136.141.204', 0, 0, 0),
(68, '', 0, 0, 0, 62, 'thumb', '1.jpg', '2010/0304/20100304084127425.jpg', 'image/pjpeg', 73382, 'jpg', '', '', '', 1, 0, 0, 999, 0, 1267706487, '219.136.141.204', 0, 0, 0),
(69, '', 0, 0, 0, 63, 'thumb', '1.jpg', '2010/0304/20100304084257737.jpg', 'image/pjpeg', 1786, 'jpg', '', '', '', 1, 0, 0, 999, 0, 1267706577, '219.136.141.204', 0, 0, 0),
(70, '', 0, 0, 0, 64, 'thumb', '1.jpg', '2010/0304/20100304084455600.jpg', 'image/pjpeg', 7955, 'jpg', '', '', '', 1, 0, 0, 999, 0, 1267706695, '219.136.141.204', 0, 0, 0),
(71, '', 0, 0, 0, 65, 'thumb', '1.jpg', '2010/0304/20100304084734522.jpg', 'image/pjpeg', 4534, 'jpg', '', '', '', 1, 0, 0, 999, 0, 1267706854, '219.136.141.204', 0, 0, 0),
(72, '', 0, 0, 0, 66, 'thumb', '1.jpg', '2010/0304/20100304085133863.jpg', 'image/pjpeg', 12457, 'jpg', '', '', '', 1, 0, 0, 999, 0, 1267707093, '219.136.141.204', 0, 0, 0),
(73, '', 0, 0, 0, 67, 'thumb', '1.jpg', '2010/0304/20100304085251176.jpg', 'image/pjpeg', 5693, 'jpg', '', '', '', 1, 0, 0, 999, 0, 1267707171, '219.136.141.204', 0, 0, 0),
(74, '', 0, 0, 13, 0, 'thumb', '1.jpg', '2010/0305/20100305110411254.jpg', 'image/pjpeg', 6792, 'jpg', '', '', '', 1, 0, 0, 999, 0, 1267758251, '219.135.216.166', 0, 0, 0),
(75, '', 0, 0, 0, 40, 'thumb', '1.jpg', '2010/0305/20100305013639855.jpg', 'image/pjpeg', 3308, 'jpg', '', '', '', 1, 0, 0, 999, 0, 1267767399, '219.136.227.53', 0, 0, 0),
(76, '', 0, 0, 0, 13, 'thumb', '2.jpg', '2010/0305/20100305022914963.jpg', 'image/pjpeg', 10451, 'jpg', '', '', '', 1, 0, 0, 999, 0, 1267770554, '219.136.227.53', 0, 0, 0),
(77, '', 0, 0, 0, 13, 'thumb', '1.jpg', '2010/0305/20100305022938347.jpg', 'image/pjpeg', 4301, 'jpg', '', '', '', 1, 0, 0, 999, 0, 1267770578, '219.136.227.53', 0, 0, 0),
(78, '', 0, 0, 0, 40, 'thumb', '22.jpg', '2010/0305/20100305023217642.jpg', 'image/pjpeg', 6792, 'jpg', '', '', '', 1, 0, 0, 999, 0, 1267770737, '219.136.227.53', 0, 0, 0),
(79, '', 0, 0, 0, 13, 'thumb', '4.jpg', '2010/0305/20100305024940775.jpg', 'image/pjpeg', 15424, 'jpg', '', '', '', 1, 0, 0, 999, 0, 1267771780, '219.136.227.53', 0, 0, 0),
(80, '', 0, 0, 0, 0, 'uploadfile', 'indexAD.swf', '2010/0311/20100311023742585.swf', 'application/x-shockwave-flash', 28827, 'swf', '', '', '', 0, 0, 0, 999, 0, 1268289462, '219.136.203.179', 0, 0, 0),
(81, '', 0, 0, 0, 9, 'thumb', '1.jpg', '2010/0330/20100330102258781.jpg', 'image/pjpeg', 107862, 'jpg', '', '', '', 1, 0, 0, 999, 0, 1269915778, '219.136.201.230', 0, 0, 0),
(82, '', 0, 0, 0, 68, 'thumb', 'blog__upload_map_unit_1_20060824_3154742_JPG_.jpg', '2010/0330/20100330102709454.jpg', 'image/pjpeg', 129579, 'jpg', '', '', '', 1, 0, 0, 999, 0, 1269916029, '219.136.201.230', 0, 0, 0),
(83, 'shop', 0, 280101, 0, 68, 'uploadfile', 'blog__upload_map_unit_1_20060824_3154742_JPG_.jpg', '2010/0330/20100330102823678.jpg', 'image/pjpeg', 129579, 'jpg', '', '', '', 1, 0, 0, 999, 0, 1269916103, '219.136.201.230', 1, 0, 1),
(84, '', 0, 0, 0, 8, 'thumb', '1.jpg', '2010/0330/20100330103141885.jpg', 'image/pjpeg', 188602, 'jpg', '', '', '', 1, 0, 0, 999, 0, 1269916301, '219.136.201.230', 0, 0, 0),
(85, '', 0, 0, 0, 10, 'thumb', 'blog__upload_map_unit_1_20080103_2232493_jpg_.jpg', '2010/0330/20100330103402134.jpg', 'image/pjpeg', 97333, 'jpg', '', '', '', 1, 0, 0, 999, 0, 1269916442, '219.136.201.230', 0, 0, 0),
(86, '', 0, 0, 0, 10, 'thumb', '未标题-1.jpg', '2010/0330/20100330103659980.jpg', 'image/pjpeg', 56003, 'jpg', '', '', '', 1, 0, 0, 999, 0, 1269916619, '219.136.201.230', 0, 0, 0),
(87, '', 0, 0, 0, 67, 'thumb', '未标题-1.jpg', '2010/0330/20100330103923866.jpg', 'image/pjpeg', 50494, 'jpg', '', '', '', 1, 0, 0, 999, 0, 1269916763, '219.136.201.230', 0, 0, 0),
(88, '', 0, 0, 0, 67, 'thumb', 'blog__upload_map_unit_1_20071219_1835284_jpg_.jpg', '2010/0330/20100330104023696.jpg', 'image/pjpeg', 98811, 'jpg', '', '', '', 1, 0, 0, 999, 0, 1269916823, '219.136.201.230', 0, 0, 0),
(89, '', 0, 0, 0, 63, 'thumb', '未标题-2.jpg', '2010/0330/20100330104250774.jpg', 'image/pjpeg', 81261, 'jpg', '', '', '', 1, 0, 0, 999, 0, 1269916970, '219.136.201.230', 0, 0, 0),
(90, '', 0, 0, 0, 66, 'thumb', 'blog__upload_map_unit_1_20071206_9015055_jpg_.jpg', '2010/0330/20100330104427875.jpg', 'image/pjpeg', 52720, 'jpg', '', '', '', 1, 0, 0, 999, 0, 1269917067, '219.136.201.230', 0, 0, 0),
(91, '', 0, 0, 0, 66, 'thumb', '未标题-1.jpg', '2010/0330/20100330104559157.jpg', 'image/pjpeg', 71605, 'jpg', '', '', '', 1, 0, 0, 999, 0, 1269917159, '219.136.201.230', 0, 0, 0),
(92, '', 0, 0, 0, 40, 'thumb', 'yp___upload_map_unit_1_20071221_1712688_jpg_.jpg', '2010/0330/20100330104713525.jpg', 'image/pjpeg', 125865, 'jpg', '', '', '', 1, 0, 0, 999, 0, 1269917233, '219.136.201.230', 0, 0, 0),
(93, '', 0, 0, 0, 69, 'thumb', '1.jpg', '2010/0330/20100330104749824.jpg', 'image/pjpeg', 72814, 'jpg', '', '', '', 1, 0, 0, 999, 0, 1269917269, '219.136.201.230', 0, 0, 0),
(94, '', 0, 0, 0, 66, 'thumb', '未标题-1.jpg', '2010/0330/20100330105341501.jpg', 'image/pjpeg', 63133, 'jpg', '', '', '', 1, 0, 0, 999, 0, 1269917621, '219.136.201.230', 0, 0, 0),
(95, '', 0, 0, 0, 40, 'thumb', '未标题-2.jpg', '2010/0330/20100330105538323.jpg', 'image/pjpeg', 71888, 'jpg', '', '', '', 1, 0, 0, 999, 0, 1269917738, '219.136.201.230', 0, 0, 0),
(96, '', 0, 0, 0, 5, 'thumb', '未标题-11.jpg', '2010/0330/20100330110121702.jpg', 'image/pjpeg', 59418, 'jpg', '', '', '', 1, 0, 0, 999, 0, 1269918081, '219.136.201.230', 0, 0, 0),
(97, '', 0, 0, 0, 2, 'thumb', '未标题-1.jpg', '2010/0330/20100330110315357.jpg', 'image/pjpeg', 104289, 'jpg', '', '', '', 1, 0, 0, 999, 0, 1269918195, '219.136.201.230', 0, 0, 0),
(98, '', 0, 0, 0, 11, 'thumb', '未标题-1.jpg', '2010/0330/20100330110345856.jpg', 'image/pjpeg', 104289, 'jpg', '', '', '', 1, 0, 0, 999, 0, 1269918225, '219.136.201.230', 0, 0, 0),
(99, '', 0, 0, 0, 7, 'thumb', '未标题-3.jpg', '2010/0330/20100330112205808.jpg', 'image/pjpeg', 88897, 'jpg', '', '', '', 1, 0, 0, 999, 0, 1269919325, '219.136.201.230', 0, 0, 0),
(100, '', 0, 0, 0, 6, 'thumb', '未标题-2.jpg', '2010/0330/20100330112741351.jpg', 'image/pjpeg', 77190, 'jpg', '', '', '', 1, 0, 0, 999, 0, 1269919661, '219.136.201.230', 0, 0, 0),
(101, '', 0, 0, 0, 8, 'thumb', '未标题-1.jpg', '2010/0330/20100330124108293.jpg', 'image/pjpeg', 62624, 'jpg', '', '', '', 1, 0, 0, 999, 0, 1269924068, '219.136.225.192', 0, 0, 0),
(102, '', 0, 0, 0, 4, 'thumb', '未标题-1.jpg', '2010/0330/20100330124538602.jpg', 'image/pjpeg', 120537, 'jpg', '', '', '', 1, 0, 0, 999, 0, 1269924338, '219.136.225.192', 0, 0, 0),
(103, '', 0, 0, 0, 9, 'thumb', 'yp___upload_map_unit_1_20071221_7332909_jpg_.jpg', '2010/0330/20100330124948606.jpg', 'image/pjpeg', 120091, 'jpg', '', '', '', 1, 0, 0, 999, 0, 1269924588, '219.136.225.192', 0, 0, 0),
(104, '', 0, 0, 0, 38, 'thumb', '未标题-1.jpg', '2010/0330/20100330125546231.jpg', 'image/pjpeg', 114715, 'jpg', '', '', '', 1, 0, 0, 999, 0, 1269924946, '219.136.225.192', 0, 0, 0),
(105, '', 0, 0, 0, 37, 'thumb', 'yp___upload_map_unit_1_20071221_7332909_jpg_.jpg', '2010/0330/20100330125800147.jpg', 'image/pjpeg', 103444, 'jpg', '', '', '', 1, 0, 0, 999, 0, 1269925080, '219.136.225.192', 0, 0, 0),
(106, '', 0, 0, 0, 18, 'thumb', 'yp___upload_map_unit_1_20061115_9029156_JPG_.jpg', '2010/0330/20100330010123872.jpg', 'image/pjpeg', 124467, 'jpg', '', '', '', 1, 0, 0, 999, 0, 1269925283, '219.136.225.192', 0, 0, 0),
(107, '', 0, 0, 0, 17, 'thumb', 'yp___upload_map_unit_1_20060823_7894617_JPG_.jpg', '2010/0330/20100330010408327.jpg', 'image/pjpeg', 129060, 'jpg', '', '', '', 1, 0, 0, 999, 0, 1269925448, '219.136.225.192', 0, 0, 0),
(108, '', 0, 0, 0, 16, 'thumb', 'yp___upload_map_unit_1_20060823_7894617_JPG_.jpg', '2010/0330/20100330011154889.jpg', 'image/pjpeg', 127871, 'jpg', '', '', '', 1, 0, 0, 999, 0, 1269925914, '219.136.225.192', 0, 0, 0),
(109, '', 0, 0, 0, 15, 'thumb', 'yp___upload_map_unit_1_20060808_9023506_JPG_.jpg', '2010/0330/20100330011502706.jpg', 'image/pjpeg', 124225, 'jpg', '', '', '', 1, 0, 0, 999, 0, 1269926102, '219.136.225.192', 0, 0, 0),
(110, '', 0, 0, 0, 14, 'thumb', 'yp___upload_map_unit_1_20060823_4423543_JPG_.jpg', '2010/0330/20100330011744974.jpg', 'image/pjpeg', 121021, 'jpg', '', '', '', 1, 0, 0, 999, 0, 1269926264, '219.136.225.192', 0, 0, 0),
(111, '', 0, 0, 0, 13, 'thumb', 'yp___upload_map_unit_1_20060808_9023506_JPG_.jpg', '2010/0330/20100330011857622.jpg', 'image/pjpeg', 140900, 'jpg', '', '', '', 1, 0, 0, 999, 0, 1269926337, '219.136.225.192', 0, 0, 0),
(112, '', 0, 0, 0, 12, 'thumb', 'yp___upload_map_unit_1_20060824_9010013_JPG_.jpg', '2010/0330/20100330012023507.jpg', 'image/pjpeg', 134921, 'jpg', '', '', '', 1, 0, 0, 999, 0, 1269926423, '219.136.225.192', 0, 0, 0),
(113, '', 0, 0, 0, 2, 'thumb', 'yp___upload_map_unit_1_20060829_4169563_JPG_.jpg', '2010/0330/20100330012141577.jpg', 'image/pjpeg', 129654, 'jpg', '', '', '', 1, 0, 0, 999, 0, 1269926501, '219.136.225.192', 0, 0, 0),
(114, '', 0, 0, 0, 56, 'thumb', 'yp___upload_map_unit_1_20060808_9023506_JPG_.jpg', '2010/0330/20100330012629172.jpg', 'image/pjpeg', 87442, 'jpg', '', '', '', 1, 0, 0, 999, 0, 1269926789, '219.136.225.192', 0, 0, 0),
(115, '', 0, 0, 0, 41, 'thumb', 'yp___upload_map_unit_1_20060808_9023506_JPG_.jpg', '2010/0330/20100330020628360.jpg', 'image/pjpeg', 122083, 'jpg', '', '', '', 1, 0, 0, 999, 0, 1269929188, '219.136.225.192', 0, 0, 0),
(116, '', 0, 0, 0, 54, 'thumb', 'yp___upload_map_unit_1_20071218_1382592_jpg_.jpg', '2010/0330/20100330020757599.jpg', 'image/pjpeg', 105022, 'jpg', '', '', '', 1, 0, 0, 999, 0, 1269929277, '219.136.225.192', 0, 0, 0),
(117, '', 0, 0, 0, 50, 'thumb', 'yp___upload_map_unit_1_20060822_8413805_JPG_.jpg', '2010/0330/20100330021032232.jpg', 'image/pjpeg', 123336, 'jpg', '', '', '', 1, 0, 0, 999, 0, 1269929432, '219.136.225.192', 0, 0, 0),
(118, '', 0, 0, 0, 59, 'thumb', '未标题-1.jpg', '2010/0330/20100330021427559.jpg', 'image/pjpeg', 103364, 'jpg', '', '', '', 1, 0, 0, 999, 0, 1269929667, '219.136.225.192', 0, 0, 0),
(119, '', 0, 0, 0, 57, 'thumb', '未标题-1.jpg', '2010/0330/20100330022148227.jpg', 'image/pjpeg', 81669, 'jpg', '', '', '', 1, 0, 0, 999, 0, 1269930108, '219.136.225.192', 0, 0, 0),
(120, '', 0, 0, 0, 0, 'thumb', '华龄美大酒店_JPG_.jpg', '2010/0330/20100330022256951.jpg', 'image/pjpeg', 116415, 'jpg', '', '', '', 1, 0, 0, 999, 0, 1269930176, '219.136.225.192', 0, 0, 0),
(121, '', 0, 0, 0, 70, 'thumb', '中央海航.jpg', '2010/0330/20100330023125803.jpg', 'image/pjpeg', 177625, 'jpg', '', '', '', 1, 0, 0, 999, 0, 1269930685, '219.136.225.192', 0, 0, 0),
(122, 'shop', 0, 280105, 0, 70, 'uploadfile', '中央海航.jpg', '2010/0330/20100330023435590.jpg', 'image/pjpeg', 177625, 'jpg', '', '', '', 1, 0, 0, 999, 0, 1269930875, '219.136.225.192', 1, 0, 1),
(123, 'shop', 0, 280105, 0, 70, 'uploadfile', '中央海航.jpg', '2010/0330/20100330024910562.jpg', 'image/pjpeg', 177625, 'jpg', '工', '', '', 1, 0, 0, 999, 0, 1269931750, '219.136.200.44', 1, 0, 1),
(124, '', 0, 0, 0, 0, 'thumb', '华龄美大酒店_JPG_.jpg', '2010/0330/20100330025555558.jpg', 'image/pjpeg', 116415, 'jpg', '', '', '', 1, 0, 0, 999, 0, 1269932155, '219.136.200.44', 0, 0, 0),
(125, '', 0, 0, 0, 71, 'thumb', '华龄美大酒店_JPG_.jpg', '2010/0330/20100330025725357.jpg', 'image/pjpeg', 116415, 'jpg', '', '', '', 1, 0, 0, 999, 0, 1269932245, '219.136.200.44', 0, 0, 0),
(126, 'shop', 0, 280105, 0, 71, 'uploadfile', '华龄美大酒店_JPG_.jpg', '2010/0330/20100330025918619.jpg', 'image/pjpeg', 116415, 'jpg', '', '', '', 1, 0, 0, 999, 0, 1269932358, '219.136.200.44', 1, 0, 1),
(127, '', 0, 0, 0, 72, 'thumb', '青海穆斯林.jpg', '2010/0330/20100330031143640.jpg', 'image/pjpeg', 166636, 'jpg', '', '', '', 1, 0, 0, 999, 0, 1269933103, '219.136.200.44', 0, 0, 0),
(128, 'shop', 0, 280105, 0, 72, 'uploadfile', '青海穆斯林.jpg', '2010/0330/20100330031534773.jpg', 'image/pjpeg', 166636, 'jpg', '', '', '', 1, 0, 0, 999, 0, 1269933334, '219.136.200.44', 1, 0, 1),
(129, '', 0, 0, 0, 52, 'thumb', 'yp___upload_map_unit_1_20060808_6699294_JPG_.jpg', '2010/0330/20100330032207363.jpg', 'image/pjpeg', 120773, 'jpg', '', '', '', 1, 0, 0, 999, 0, 1269933727, '219.136.200.44', 0, 0, 0),
(130, '', 0, 0, 0, 55, 'thumb', 'yp___upload_map_unit_1_20060809_41824_JPG_.jpg', '2010/0330/20100330032315444.jpg', 'image/pjpeg', 96999, 'jpg', '', '', '', 1, 0, 0, 999, 0, 1269933795, '219.136.200.44', 0, 0, 0),
(131, '', 0, 0, 0, 53, 'thumb', 'yp___upload_map_unit_1_20060809_8575550_JPG_.jpg', '2010/0330/20100330032430741.jpg', 'image/pjpeg', 106487, 'jpg', '', '', '', 1, 0, 0, 999, 0, 1269933870, '219.136.200.44', 0, 0, 0),
(132, '', 0, 0, 0, 73, 'thumb', '美华海鲜酒楼.JPG_.jpg', '2010/0330/20100330032713310.jpg', 'image/pjpeg', 173274, 'jpg', '', '', '', 1, 0, 0, 999, 0, 1269934033, '219.136.200.44', 0, 0, 0),
(133, 'shop', 0, 280105, 0, 73, 'uploadfile', '美华海鲜酒楼.JPG_.jpg', '2010/0330/20100330032809650.jpg', 'image/pjpeg', 173274, 'jpg', '', '', '', 1, 0, 0, 999, 0, 1269934089, '219.136.200.44', 1, 0, 1),
(134, '', 0, 0, 0, 51, 'thumb', 'yp___upload_map_unit_1_20060823_1236607_JPG_.jpg', '2010/0330/20100330033218271.jpg', 'image/pjpeg', 126503, 'jpg', '', '', '', 1, 0, 0, 999, 0, 1269934338, '219.136.138.243', 0, 0, 0),
(135, '', 0, 0, 0, 74, 'thumb', '华宁酒店.jpg', '2010/0330/20100330033252451.jpg', 'image/pjpeg', 160255, 'jpg', '', '', '', 1, 0, 0, 999, 0, 1269934372, '219.136.138.243', 0, 0, 0),
(136, 'shop', 0, 280105, 0, 74, 'uploadfile', '华宁酒店.jpg', '2010/0330/20100330033356493.jpg', 'image/pjpeg', 160255, 'jpg', '', '', '', 1, 0, 0, 999, 0, 1269934436, '219.136.138.243', 1, 0, 1),
(137, '', 0, 0, 0, 49, 'thumb', 'blog__upload_shop_1_20100128_shopimage_1137458_jpg', '2010/0330/20100330033428164.jpg', 'image/pjpeg', 251735, 'jpg', '', '', '', 1, 0, 0, 999, 0, 1269934468, '219.136.138.243', 0, 0, 0),
(138, '', 0, 0, 0, 48, 'thumb', 'yp___upload_map_unit_1_20080502_4463025_jpg_.jpg', '2010/0330/20100330033610840.jpg', 'image/pjpeg', 38786, 'jpg', '', '', '', 1, 0, 0, 999, 0, 1269934570, '219.136.138.243', 0, 0, 0),
(139, '', 0, 0, 0, 0, 'thumb', 'blog__upload_map_unit_1_20070618_3878931_jpg_.jpg', '2010/0330/20100330033908493.jpg', 'image/pjpeg', 174533, 'jpg', '', '', '', 1, 0, 0, 999, 0, 1269934748, '219.136.138.243', 0, 0, 0),
(140, '', 0, 0, 0, 75, 'thumb', '五福酒店.jpg', '2010/0330/20100330033946199.jpg', 'image/pjpeg', 132621, 'jpg', '', '', '', 1, 0, 0, 999, 0, 1269934786, '219.136.138.243', 0, 0, 0),
(141, 'shop', 0, 280105, 0, 75, 'uploadfile', '五福酒店.jpg', '2010/0330/20100330034010916.jpg', 'image/pjpeg', 132621, 'jpg', '', '', '', 1, 0, 0, 999, 0, 1269934810, '219.136.138.243', 1, 0, 1),
(142, '', 0, 0, 0, 50, 'thumb', 'blog__upload_map_unit_1_20070618_3878931_jpg_.jpg', '2010/0330/20100330034023694.jpg', 'image/pjpeg', 74848, 'jpg', '', '', '', 1, 0, 0, 999, 0, 1269934823, '219.136.138.243', 0, 0, 0),
(143, '', 0, 0, 0, 47, 'thumb', 'blog__upload_map_unit_1_20070618_3878931_jpg_.jpg', '2010/0330/20100330034245250.jpg', 'image/pjpeg', 97523, 'jpg', '', '', '', 1, 0, 0, 999, 0, 1269934965, '219.136.138.243', 0, 0, 0),
(144, '', 0, 0, 0, 0, 'thumb', 'yp___upload_map_unit_1_20071212_2533489_jpg_.jpg', '2010/0330/20100330034458837.jpg', 'image/pjpeg', 125823, 'jpg', '', '', '', 1, 0, 0, 999, 0, 1269935098, '219.136.138.243', 0, 0, 0),
(145, '', 0, 0, 0, 46, 'thumb', 'yp___upload_map_unit_1_20071212_2533489_jpg_.jpg', '2010/0330/20100330034617638.jpg', 'image/pjpeg', 125823, 'jpg', '', '', '', 1, 0, 0, 999, 0, 1269935177, '219.136.138.243', 0, 0, 0),
(146, '', 0, 0, 0, 45, 'thumb', 'blog__upload_map_unit_1_20070525_7942855_jpg_.jpg', '2010/0330/20100330034940254.jpg', 'image/pjpeg', 135355, 'jpg', '', '', '', 1, 0, 0, 999, 0, 1269935380, '219.136.138.243', 0, 0, 0),
(147, '', 0, 0, 0, 44, 'thumb', 'yp___upload_shop_1_20100225_shopimage_5300895_jpg_', '2010/0330/20100330035029915.jpg', 'image/pjpeg', 96514, 'jpg', '', '', '', 1, 0, 0, 999, 0, 1269935429, '219.136.138.243', 0, 0, 0),
(148, '', 0, 0, 0, 43, 'thumb', 'yp___upload_map_unit_1_20071212_2533489_jpg_.jpg', '2010/0330/20100330035210309.jpg', 'image/pjpeg', 179745, 'jpg', '', '', '', 1, 0, 0, 999, 0, 1269935530, '219.136.138.243', 0, 0, 0),
(149, '', 0, 0, 0, 42, 'thumb', 'yp___upload_map_unit_1_20060823_8239275_JPG_.jpg', '2010/0330/20100330035425209.jpg', 'image/pjpeg', 127569, 'jpg', '', '', '', 1, 0, 0, 999, 0, 1269935665, '219.136.138.243', 0, 0, 0),
(150, '', 0, 0, 0, 35, 'thumb', 'yp___upload_map_unit_1_20060808_7623814_JPG_.jpg', '2010/0330/20100330035821262.jpg', 'image/pjpeg', 130466, 'jpg', '', '', '', 1, 0, 0, 999, 0, 1269935901, '219.136.138.243', 0, 0, 0),
(151, '', 0, 0, 0, 27, 'thumb', 'yp___upload_map_unit_1_20060809_3540138_JPG_.jpg', '2010/0330/20100330040040944.jpg', 'image/pjpeg', 125824, 'jpg', '', '', '', 1, 0, 0, 999, 0, 1269936040, '219.136.138.243', 0, 0, 0),
(152, '', 0, 0, 0, 34, 'thumb', 'blog__upload_map_unit_1_20070517_1115592_jpg_.jpg', '2010/0330/20100330040223806.jpg', 'image/pjpeg', 101241, 'jpg', '', '', '', 1, 0, 0, 999, 0, 1269936143, '219.136.138.243', 0, 0, 0),
(153, '', 0, 0, 0, 36, 'thumb', 'blog__upload_map_unit_1_20080104_1548834_jpg_.jpg', '2010/0330/20100330040410460.jpg', 'image/pjpeg', 143308, 'jpg', '', '', '', 1, 0, 0, 999, 0, 1269936250, '219.136.138.243', 0, 0, 0),
(154, '', 0, 0, 0, 65, 'thumb', 'blog__upload_map_unit_1_20070517_1115592_jpg_.jpg', '2010/0331/20100331084631234.jpg', 'image/pjpeg', 122637, 'jpg', '', '', '', 1, 0, 0, 999, 0, 1269996391, '219.136.169.140', 0, 0, 0),
(155, '', 0, 0, 0, 64, 'thumb', 'yp___upload_map_unit_1_20060808_1017988_JPG_.jpg', '2010/0331/20100331091946243.jpg', 'image/pjpeg', 129382, 'jpg', '', '', '', 1, 0, 0, 999, 0, 1269998386, '219.136.170.31', 0, 0, 0),
(156, '', 0, 0, 0, 63, 'thumb', '未标题-1.jpg', '2010/0331/20100331092222651.jpg', 'image/pjpeg', 83938, 'jpg', '', '', '', 1, 0, 0, 999, 0, 1269998542, '219.136.170.31', 0, 0, 0),
(157, '', 0, 0, 0, 76, 'thumb', '酒店外观.jpg', '2010/0331/20100331092412203.jpg', 'image/pjpeg', 376499, 'jpg', '', '', '', 1, 0, 0, 999, 0, 1269998652, '219.136.170.31', 0, 0, 0),
(158, '', 0, 0, 0, 0, 'uploadfile', '1234.jpg', '2010/0331/20100331092512737.jpg', 'image/jpeg', 18755, 'jpg', '', '', '', 1, 0, 0, 999, 0, 1269998712, '219.136.170.31', 0, 0, 0),
(159, 'shop', 0, 280104, 0, 76, 'uploadfile', '酒店外观.jpg', '2010/0331/20100331092927127.jpg', 'image/pjpeg', 376499, 'jpg', '', '', '', 1, 0, 0, 999, 0, 1269998967, '219.136.170.31', 1, 0, 1),
(161, '', 0, 0, 0, 60, 'thumb', 'yp___upload_map_unit_1_20060829_4970919_JPG_.jpg', '2010/0331/20100331094451596.jpg', 'image/pjpeg', 123847, 'jpg', '', '', '', 1, 0, 0, 999, 0, 1269999891, '219.136.170.31', 0, 0, 0),
(162, '', 0, 0, 0, 61, 'thumb', 'yp___upload_map_unit_1_20081211_1062118_jpg_.jpg', '2010/0331/20100331094701160.jpg', 'image/pjpeg', 55308, 'jpg', '', '', '', 1, 0, 0, 999, 0, 1270000021, '219.136.170.31', 0, 0, 0),
(163, '', 0, 0, 0, 62, 'thumb', 'yp___upload_map_unit_1_20061110_2652237_JPG_.jpg', '2010/0331/20100331094827761.jpg', 'image/pjpeg', 119426, 'jpg', '', '', '', 1, 0, 0, 999, 0, 1270000107, '219.136.170.31', 0, 0, 0),
(164, '', 0, 0, 0, 58, 'thumb', 'yp___upload_map_unit_1_20060807_2225693_JPG_.jpg', '2010/0331/20100331095013583.jpg', 'image/pjpeg', 146171, 'jpg', '', '', '', 1, 0, 0, 999, 0, 1270000213, '219.136.170.31', 0, 0, 0),
(165, '', 0, 0, 0, 66, 'thumb', 'yp___upload_map_unit_1_20061115_692147_JPG_.jpg', '2010/0331/20100331095207774.jpg', 'image/pjpeg', 108619, 'jpg', '', '', '', 1, 0, 0, 999, 0, 1270000327, '219.136.170.31', 0, 0, 0),
(166, '', 0, 0, 0, 0, 'uploadfile', '“DSC_9177套房”600.jpg', '2010/0331/20100331095422764.jpg', 'image/pjpeg', 181185, 'jpg', '', '', '', 1, 0, 0, 999, 0, 1270000462, '219.136.170.31', 0, 0, 0),
(167, '', 0, 0, 0, 67, 'thumb', 'yp___upload_map_unit_1_20060828_841930_JPG_.jpg', '2010/0331/20100331095428525.jpg', 'image/pjpeg', 105802, 'jpg', '', '', '', 1, 0, 0, 999, 0, 1270000467, '219.136.170.31', 0, 0, 0),
(168, 'shop', 0, 280104, 0, 76, 'uploadfile', 'DSC_9196标单600.jpg', '2010/0331/20100331095454604.jpg', 'image/pjpeg', 179071, 'jpg', '套房', '', '', 1, 0, 0, 999, 0, 1270000494, '219.136.170.31', 1, 0, 1),
(169, 'shop', 0, 280104, 0, 76, 'uploadfile', 'DSC_9196标单600.jpg', '2010/0331/20100331095626486.jpg', 'image/pjpeg', 179071, 'jpg', '标单', '', '', 1, 0, 0, 999, 0, 1270000586, '219.136.170.31', 1, 0, 1),
(170, 'shop', 0, 280104, 0, 76, 'uploadfile', 'DSC_9202标双600.jpg', '2010/0331/20100331095659620.jpg', 'image/pjpeg', 203650, 'jpg', '豪华双人房', '', '', 1, 0, 0, 999, 0, 1270000619, '219.136.170.31', 1, 0, 1),
(171, '', 0, 0, 0, 23, 'thumb', 'blog__upload_map_unit_1_20071023_462618_jpg_.jpg', '2010/0331/20100331095757245.jpg', 'image/pjpeg', 235791, 'jpg', '', '', '', 1, 0, 0, 999, 0, 1270000676, '219.136.170.31', 0, 0, 0),
(172, 'shop', 0, 280104, 0, 76, 'uploadfile', '小会议室600.jpg', '2010/0331/20100331095815121.jpg', 'image/pjpeg', 242934, 'jpg', '会议室', '', '', 1, 0, 0, 999, 0, 1270000695, '219.136.170.31', 1, 0, 1),
(173, '', 0, 0, 0, 20, 'thumb', 'yp___upload_map_unit_1_20090109_4262884_jpg_.jpg', '2010/0331/20100331100149244.jpg', 'image/pjpeg', 57288, 'jpg', '', '', '', 1, 0, 0, 999, 0, 1270000909, '219.136.170.31', 0, 0, 0),
(174, '', 0, 0, 0, 22, 'thumb', 'blog__upload_map_unit_1_20080110_7545656_jpg_.jpg', '2010/0331/20100331100352883.jpg', 'image/pjpeg', 44868, 'jpg', '', '', '', 1, 0, 0, 999, 0, 1270001032, '219.136.170.31', 0, 0, 0),
(175, '', 0, 0, 0, 21, 'thumb', 'yp___upload_shop_1_20100107_shopimage_9746040_jpg_', '2010/0331/20100331100653992.jpg', 'image/pjpeg', 85192, 'jpg', '', '', '', 1, 0, 0, 999, 0, 1270001213, '219.136.170.31', 0, 0, 0),
(176, '', 0, 0, 0, 0, 'thumb', '前面600x400.jpg', '2010/0331/20100331101115667.jpg', 'image/pjpeg', 216222, 'jpg', '', '', '', 1, 0, 0, 999, 0, 1270001475, '219.136.170.31', 0, 0, 0),
(177, '', 0, 0, 0, 76, 'thumb', '前面600x400.jpg', '2010/0331/20100331101221670.jpg', 'image/pjpeg', 216222, 'jpg', '', '', '', 1, 0, 0, 999, 0, 1270001541, '219.136.170.31', 0, 0, 0),
(178, '', 0, 0, 0, 0, 'thumb', '前面600x400.jpg', '2010/0331/20100331021713995.jpg', 'image/jpeg', 216222, 'jpg', '', '', '', 1, 0, 0, 999, 0, 1270016233, '219.136.170.31', 0, 0, 0),
(179, '', 0, 0, 0, 77, 'thumb', 'f1.jpg', '2010/0401/20100401090921469.jpg', 'image/pjpeg', 115825, 'jpg', '', '', '', 1, 0, 0, 999, 0, 1270084161, '219.135.216.48', 0, 0, 0),
(180, '', 0, 0, 0, 77, 'thumb', 'f2.jpg', '2010/0401/20100401091832889.jpg', 'image/pjpeg', 135466, 'jpg', '', '', '', 1, 0, 0, 999, 0, 1270084712, '219.135.216.48', 0, 0, 0),
(181, '', 0, 0, 0, 77, 'thumb', 'f3.jpg', '2010/0401/20100401091956254.jpg', 'image/pjpeg', 28656, 'jpg', '', '', '', 1, 0, 0, 999, 0, 1270084796, '219.135.216.48', 0, 0, 0),
(182, '', 0, 0, 0, 0, 'thumb', 'f3.jpg', '2010/0401/20100401092829423.jpg', 'image/pjpeg', 28656, 'jpg', '', '', '', 1, 0, 0, 999, 0, 1270085309, '219.135.216.48', 0, 0, 0),
(183, '', 0, 0, 0, 77, 'thumb', 'f3.jpg', '2010/0401/20100401092843864.jpg', 'image/pjpeg', 28656, 'jpg', '', '', '', 1, 0, 0, 999, 0, 1270085323, '219.135.216.48', 0, 0, 0),
(184, '', 0, 0, 0, 78, 'thumb', '未标题-1.jpg', '2010/0402/20100402101204294.jpg', 'image/pjpeg', 113016, 'jpg', '', '', '', 1, 0, 0, 999, 0, 1270174324, '219.136.27.248', 0, 0, 0),
(189, '', 0, 0, 0, 0, 'uploadfile', '未标题-3.jpg', '2010/0402/20100402103050532.jpg', 'image/pjpeg', 297481, 'jpg', '', '', '', 1, 0, 0, 999, 0, 1270175449, '219.136.27.248', 0, 0, 0),
(191, '', 0, 0, 0, 78, 'thumb', '未标题-2.jpg', '2010/0402/20100402104100432.jpg', 'image/pjpeg', 145052, 'jpg', '', '', '', 1, 0, 0, 999, 0, 1270176060, '219.136.27.248', 0, 0, 0),
(201, 'shop', 0, 280102, 0, 78, 'uploadfile', '未标题-2.jpg', '2010/0402/20100402105135157.jpg', 'image/pjpeg', 145052, 'jpg', '', '', '', 1, 0, 0, 999, 0, 1270176695, '219.136.27.248', 1, 0, 1),
(190, '', 0, 0, 0, 0, 'uploadfile', '未标题-4.jpg', '2010/0402/20100402103212969.jpg', 'image/pjpeg', 322891, 'jpg', '', '', '', 1, 0, 0, 999, 0, 1270175532, '219.136.27.248', 0, 0, 0),
(204, 'dearcms', 0, 0, 0, 0, 'thumb_thumb_file', '未标题-1.jpg', '2010/0403/20100403092111121.jpg', 'image/pjpeg', 109546, 'jpg', '', '', '', 1, 0, 0, 999, 0, 1270257671, '219.136.142.209', 0, 0, 0),
(194, 'shop', 0, 280102, 0, 78, 'uploadfile', '未标题-4.jpg', '2010/0402/20100402104519565.jpg', 'image/pjpeg', 322891, 'jpg', '', '', '', 1, 0, 0, 999, 0, 1270176319, '219.136.27.248', 1, 0, 1),
(195, 'shop', 0, 280102, 0, 78, 'uploadfile', '未标题-5.jpg', '2010/0402/20100402104530296.jpg', 'image/pjpeg', 269214, 'jpg', '', '', '', 1, 0, 0, 999, 0, 1270176330, '219.136.27.248', 1, 0, 1),
(196, '', 0, 0, 0, 0, 'uploadfile', '未标题-5.jpg', '2010/0402/20100402104556279.jpg', 'image/pjpeg', 269214, 'jpg', '', '', '', 1, 0, 0, 999, 0, 1270176356, '219.136.27.248', 0, 0, 0),
(197, 'shop', 0, 280102, 0, 78, 'uploadfile', '未标题-11.jpg', '2010/0402/20100402104631532.jpg', 'image/pjpeg', 458552, 'jpg', '', '', '', 1, 0, 0, 999, 0, 1270176391, '219.136.27.248', 1, 0, 1),
(203, 'shop', 0, 280102, 0, 78, 'uploadfile', '未标题-3.jpg', '2010/0402/20100402030717345.jpg', 'image/pjpeg', 297481, 'jpg', '', '', '', 1, 0, 0, 999, 0, 1270192037, '219.136.27.248', 1, 0, 1),
(199, 'shop', 0, 280102, 0, 78, 'uploadfile', '未标题-6.jpg', '2010/0402/20100402104718518.jpg', 'image/pjpeg', 251091, 'jpg', '', '', '', 1, 0, 0, 999, 0, 1270176438, '219.136.27.248', 1, 0, 1),
(200, 'shop', 0, 280102, 0, 78, 'uploadfile', '未标题-9.jpg', '2010/0402/20100402104734537.jpg', 'image/pjpeg', 189079, 'jpg', '', '', '', 1, 0, 0, 999, 0, 1270176454, '219.136.27.248', 1, 0, 1),
(202, 'shop', 0, 280102, 0, 78, 'uploadfile', '未标题-3.jpg', '2010/0402/20100402105407887.jpg', 'image/pjpeg', 454867, 'jpg', '', '', '', 1, 0, 0, 999, 0, 1270176847, '219.136.27.248', 1, 0, 1),
(205, 'shop', 0, 280102, 0, 79, 'uploadfile', '商务房.jpg', '2010/0403/20100403092246786.jpg', 'image/pjpeg', 112031, 'jpg', '商务房', '', '', 1, 0, 0, 999, 0, 1270257766, '219.136.142.209', 1, 0, 1),
(206, 'shop', 0, 280102, 0, 79, 'uploadfile', '标单.jpg', '2010/0403/20100403092400918.jpg', 'image/pjpeg', 137277, 'jpg', '标单', '', '', 1, 0, 0, 999, 0, 1270257840, '219.136.142.209', 1, 0, 1),
(207, 'shop', 0, 280102, 0, 79, 'uploadfile', '标双.jpg', '2010/0403/20100403092416992.jpg', 'image/pjpeg', 125157, 'jpg', '标双', '', '', 1, 0, 0, 999, 0, 1270257856, '219.136.142.209', 1, 0, 1),
(238, 'shop', 0, 280102, 0, 79, 'uploadfile', '-1.jpg', '2010/0403/20100403115112965.jpg', 'image/pjpeg', 187756, 'jpg', '标单2', '', '', 1, 0, 0, 999, 0, 1270266672, '219.136.168.12', 1, 0, 1),
(239, 'shop', 0, 280102, 0, 79, 'uploadfile', '-2.jpg', '2010/0403/20100403115125160.jpg', 'image/pjpeg', 195745, 'jpg', '', '', '', 1, 0, 0, 999, 0, 1270266685, '219.136.168.12', 1, 0, 1),
(210, 'shop', 0, 280102, 0, 79, 'uploadfile', '餐厅3.jpg', '2010/0403/20100403092702360.jpg', 'image/pjpeg', 86510, 'jpg', '餐厅', '', '', 1, 0, 0, 999, 0, 1270258022, '219.136.142.209', 1, 0, 1),
(211, 'shop', 0, 280102, 0, 79, 'uploadfile', '餐厅02.jpg', '2010/0403/20100403092716677.jpg', 'image/pjpeg', 141688, 'jpg', '餐厅', '', '', 1, 0, 0, 999, 0, 1270258036, '219.136.142.209', 1, 0, 1),
(212, 'shop', 0, 280102, 0, 79, 'uploadfile', '大堂1.jpg', '2010/0403/20100403092735750.jpg', 'image/pjpeg', 179959, 'jpg', '大堂', '', '', 1, 0, 0, 999, 0, 1270258055, '219.136.142.209', 1, 0, 1),
(213, 'shop', 0, 280102, 0, 79, 'uploadfile', '会议室2.jpg', '2010/0403/20100403092805886.jpg', 'image/pjpeg', 161045, 'jpg', '会议室', '', '', 1, 0, 0, 999, 0, 1270258085, '219.136.142.209', 1, 0, 1),
(214, 'shop', 0, 280102, 0, 79, 'uploadfile', '会议室.jpg', '2010/0403/20100403092826231.jpg', 'image/pjpeg', 150206, 'jpg', '会议室', '', '', 1, 0, 0, 999, 0, 1270258106, '219.136.142.209', 1, 0, 1),
(215, 'shop', 0, 280102, 0, 79, 'uploadfile', '桑5.jpg', '2010/0403/20100403092845284.jpg', 'image/pjpeg', 59092, 'jpg', '', '', '', 1, 0, 0, 999, 0, 1270258125, '219.136.142.209', 1, 0, 1),
(220, 'shop', 0, 280102, 0, 79, 'uploadfile', '未标题-2.jpg', '2010/0406/20100406050526138.jpg', 'image/pjpeg', 225830, 'jpg', '沐足', '', '', 1, 0, 0, 999, 0, 1270258874, '219.136.142.209', 1, 0, 1),
(217, 'shop', 0, 280101, 0, 10, 'uploadfile', '大堂1.jpg', '2010/0403/20100403093203590.jpg', 'image/pjpeg', 179959, 'jpg', '', '', '', 1, 0, 0, 999, 0, 1270258323, '219.136.142.209', 1, 0, 1),
(218, 'shop', 0, 280101, 0, 10, 'uploadfile', '沐足.JPG', '2010/0403/20100403093302568.jpg', 'image/pjpeg', 1473563, 'jpg', '沐足', '', '', 1, 0, 0, 999, 0, 1270258382, '219.136.142.209', 1, 0, 1),
(219, 'shop', 0, 280101, 0, 10, 'uploadfile', '未标题-3.jpg', '2010/0403/20100403093703361.jpg', 'image/pjpeg', 203161, 'jpg', '', '', '', 1, 0, 0, 999, 0, 1270258623, '219.136.142.209', 1, 0, 1),
(221, 'shop', 0, 280102, 0, 79, 'uploadfile', '棋艺2.jpg', '2010/0403/20100403094139900.jpg', 'image/pjpeg', 79157, 'jpg', '棋艺', '', '', 1, 0, 0, 999, 0, 1270258899, '219.136.142.209', 1, 0, 1),
(222, '', 0, 0, 87, 0, 'thumb', '未标题-1.jpg', '2010/0403/20100403094601914.jpg', 'image/pjpeg', 109546, 'jpg', '', '', '', 1, 0, 0, 999, 0, 1270259161, '219.136.142.209', 0, 0, 0),
(223, 'dearcms', 0, 0, 0, 0, 'thumb_thumb_file', '未标题-1.jpg', '2010/0403/20100403095954262.jpg', 'image/pjpeg', 92956, 'jpg', '', '', '', 1, 0, 0, 999, 0, 1270259994, '219.136.142.209', 0, 0, 0),
(224, 'shop', 0, 280104, 0, 80, 'uploadfile', '未标题-5.jpg', '2010/0403/20100403100248626.jpg', 'image/pjpeg', 301683, 'jpg', '', '', '', 1, 0, 0, 999, 0, 1270260168, '219.136.142.209', 1, 0, 1),
(225, 'shop', 0, 280104, 0, 80, 'uploadfile', '未标题-2.jpg', '2010/0403/20100403100338567.jpg', 'image/pjpeg', 335610, 'jpg', '', '', '', 1, 0, 0, 999, 0, 1270260218, '219.136.142.209', 1, 0, 1),
(226, 'shop', 0, 280104, 0, 80, 'uploadfile', '未标题-3.jpg', '2010/0403/20100403100456181.jpg', 'image/pjpeg', 278890, 'jpg', '', '', '', 1, 0, 0, 999, 0, 1270260296, '219.136.137.128', 1, 0, 1),
(227, 'shop', 0, 280104, 0, 80, 'uploadfile', '未标题-4.jpg', '2010/0403/20100403100525837.jpg', 'image/pjpeg', 307646, 'jpg', '', '', '', 1, 0, 0, 999, 0, 1270260325, '219.136.137.128', 1, 0, 1),
(228, 'shop', 0, 280104, 0, 80, 'uploadfile', '未标题-6.jpg', '2010/0403/20100403100552589.jpg', 'image/pjpeg', 297674, 'jpg', '', '', '', 1, 0, 0, 999, 0, 1270260352, '219.136.137.128', 1, 0, 1),
(229, 'dearcms', 0, 0, 0, 0, 'thumb_thumb_file', '200922413536488.jpg', '2010/0403/20100403101128235.jpg', 'image/pjpeg', 25179, 'jpg', '', '', '', 1, 0, 0, 999, 0, 1270260688, '219.136.137.128', 0, 0, 0),
(230, '', 0, 0, 0, 0, 'uploadfile', 'CIMG1921.JPG', '2010/0403/20100403101815880.jpg', 'image/pjpeg', 1233143, 'jpg', '', '', '', 1, 0, 0, 999, 0, 1270261095, '219.136.137.128', 0, 0, 0),
(231, '', 0, 0, 0, 0, 'uploadfile', 'CIMG1921.JPG', '2010/0403/20100403102746380.jpg', 'image/pjpeg', 1233143, 'jpg', '', '', '', 1, 0, 0, 999, 0, 1270261666, '219.136.168.12', 0, 0, 0),
(241, 'shop', 0, 280104, 0, 81, 'uploadfile', '未标题-1.jpg', '2010/0406/20100406100154242.jpg', 'image/pjpeg', 157674, 'jpg', '', '', '', 1, 0, 0, 999, 0, 1270519314, '219.136.183.207', 1, 0, 1),
(242, 'shop', 0, 280104, 0, 81, 'uploadfile', '未标题-2.jpg', '2010/0406/20100406100210933.jpg', 'image/pjpeg', 168486, 'jpg', '', '', '', 1, 0, 0, 999, 0, 1270519330, '219.136.183.207', 1, 0, 1),
(243, 'shop', 0, 280104, 0, 81, 'uploadfile', '未标题-3.jpg', '2010/0406/20100406100424308.jpg', 'image/pjpeg', 187643, 'jpg', '', '', '', 1, 0, 0, 999, 0, 1270519464, '219.136.183.207', 1, 0, 1),
(244, 'shop', 0, 280104, 0, 81, 'uploadfile', '未标题-4.jpg', '2010/0406/20100406100519223.jpg', 'image/pjpeg', 214827, 'jpg', '', '', '', 1, 0, 0, 999, 0, 1270519519, '219.136.183.207', 1, 0, 1),
(245, 'shop', 0, 280104, 0, 81, 'uploadfile', '未标题-5.jpg', '2010/0406/20100406100546819.jpg', 'image/pjpeg', 172701, 'jpg', '', '', '', 1, 0, 0, 999, 0, 1270519546, '219.136.183.207', 1, 0, 1),
(237, '', 0, 0, 88, 0, 'thumb', '酒店外景2.JPG', '2010/0403/20100403113225566.jpg', 'image/jpeg', 55632, 'jpg', '', '', '', 1, 0, 0, 999, 0, 1270265545, '219.136.168.12', 0, 0, 0),
(240, 'dearcms', 0, 0, 0, 0, 'thumb_thumb_file', 's.jpg', '2010/0406/20100406092946415.jpg', 'image/pjpeg', 30749, 'jpg', '', '', '', 1, 0, 0, 999, 0, 1270517386, '219.136.140.2', 0, 0, 0),
(246, 'dearcms', 0, 0, 0, 0, 'thumb_thumb_file', '未标题-7.jpg', '2010/0406/20100406112222304.jpg', 'image/pjpeg', 28416, 'jpg', '', '', '', 1, 0, 0, 999, 0, 1270524142, '219.136.183.207', 0, 0, 0),
(247, 'shop', 0, 280104, 0, 82, 'uploadfile', '未标题-1.jpg', '2010/0406/20100406112326865.jpg', 'image/pjpeg', 762006, 'jpg', '', '', '', 1, 0, 0, 999, 0, 1270524206, '219.136.183.207', 1, 0, 1),
(248, 'shop', 0, 280104, 0, 82, 'uploadfile', '未标题-2.jpg', '2010/0406/20100406112537157.jpg', 'image/pjpeg', 674969, 'jpg', '', '', '', 1, 0, 0, 999, 0, 1270524337, '219.136.183.207', 1, 0, 1),
(249, 'shop', 0, 280104, 0, 82, 'uploadfile', '未标题-3.jpg', '2010/0406/20100406112640350.jpg', 'image/pjpeg', 714951, 'jpg', '', '', '', 1, 0, 0, 999, 0, 1270524399, '219.136.183.207', 1, 0, 1),
(250, 'shop', 0, 280104, 0, 82, 'uploadfile', '未标题-4.jpg', '2010/0406/20100406112924524.jpg', 'image/pjpeg', 918101, 'jpg', '', '', '', 1, 0, 0, 999, 0, 1270524563, '219.136.183.207', 1, 0, 1),
(251, 'shop', 0, 280104, 0, 82, 'uploadfile', '未标题-5.jpg', '2010/0406/20100406113002466.jpg', 'image/pjpeg', 436481, 'jpg', '', '', '', 1, 0, 0, 999, 0, 1270524602, '219.136.183.207', 1, 0, 1),
(252, 'shop', 0, 280104, 0, 82, 'uploadfile', '未标题-6.jpg', '2010/0406/20100406113336865.jpg', 'image/pjpeg', 330130, 'jpg', '', '', '', 1, 0, 0, 999, 0, 1270524816, '219.136.183.207', 1, 0, 1),
(253, 'shop', 0, 280104, 0, 77, 'uploadfile', '商务大床房.JPG', '2010/0406/20100406113959146.jpg', 'image/pjpeg', 40627, 'jpg', '商务大床房', '', '', 1, 0, 0, 999, 0, 1270525199, '219.136.183.207', 1, 0, 1),
(254, 'shop', 0, 280104, 0, 77, 'uploadfile', '豪双2.JPG', '2010/0406/20100406114018277.jpg', 'image/pjpeg', 40310, 'jpg', '豪华双人间', '', '', 1, 0, 0, 999, 0, 1270525218, '219.136.183.207', 1, 0, 1),
(255, 'shop', 0, 280104, 0, 77, 'uploadfile', '豪华三人间.JPG', '2010/0406/20100406114300978.jpg', 'image/pjpeg', 35916, 'jpg', '豪华三人间', '', '', 1, 0, 0, 999, 0, 1270525380, '219.136.183.207', 1, 0, 1),
(256, 'shop', 0, 280104, 0, 77, 'uploadfile', '大会2.JPG', '2010/0406/20100406114421295.jpg', 'image/pjpeg', 66541, 'jpg', '会议室', '', '', 1, 0, 0, 999, 0, 1270525461, '219.136.183.207', 1, 0, 1),
(257, 'shop', 0, 280104, 0, 77, 'uploadfile', '大堂7.JPG', '2010/0406/20100406114452298.jpg', 'image/pjpeg', 53537, 'jpg', '大堂', '', '', 1, 0, 0, 999, 0, 1270525492, '219.136.183.207', 1, 0, 1),
(258, 'shop', 0, 280104, 0, 77, 'uploadfile', '未标题-1.jpg', '2010/0406/20100406114644731.jpg', 'image/pjpeg', 610531, 'jpg', '餐厅宴会包房', '', '', 1, 0, 0, 999, 0, 1270525604, '219.136.183.207', 1, 0, 1),
(259, 'shop', 0, 280104, 0, 77, 'uploadfile', '玻璃屋3.JPG', '2010/0406/20100406114844472.jpg', 'image/pjpeg', 70362, 'jpg', '玻璃屋', '', '', 1, 0, 0, 999, 0, 1270525724, '219.136.183.207', 1, 0, 1),
(260, 'shop', 0, 280104, 0, 77, 'uploadfile', '标单4.JPG', '2010/0406/20100406114857821.jpg', 'image/pjpeg', 37647, 'jpg', '标单4', '', '', 1, 0, 0, 999, 0, 1270525737, '219.136.183.207', 1, 0, 1),
(261, 'shop', 0, 280104, 0, 77, 'uploadfile', '2F餐厅1.JPG', '2010/0406/20100406114945609.jpg', 'image/pjpeg', 60638, 'jpg', '2F餐厅', '', '', 1, 0, 0, 999, 0, 1270525785, '219.136.183.207', 1, 0, 1),
(262, 'shop', 0, 280104, 0, 77, 'uploadfile', '3楼大厅.JPG', '2010/0406/20100406115416495.jpg', 'image/pjpeg', 66803, 'jpg', '3楼大厅', '', '', 1, 0, 0, 999, 0, 1270526056, '219.136.183.207', 1, 0, 1),
(263, 'shop', 0, 280104, 0, 77, 'uploadfile', '1501、.JPG', '2010/0406/20100406124518267.jpg', 'image/pjpeg', 36841, 'jpg', '1501卧室', '', '', 1, 0, 0, 999, 0, 1270529118, '219.136.183.207', 1, 0, 1),
(264, 'shop', 0, 280104, 0, 77, 'uploadfile', '1510厅。.JPG', '2010/0406/20100406124548543.jpg', 'image/pjpeg', 46381, 'jpg', '1501厅', '', '', 1, 0, 0, 999, 0, 1270529148, '219.136.183.207', 1, 0, 1),
(265, 'shop', 0, 280104, 0, 77, 'uploadfile', '1510卧室.JPG', '2010/0406/20100406124721841.jpg', 'image/pjpeg', 46626, 'jpg', '1501卧室', '', '', 1, 0, 0, 999, 0, 1270529241, '219.136.183.207', 1, 0, 1),
(266, '', 0, 0, 0, 0, 'uploadfile', '沐3.jpg', '2010/0406/20100406050526138.jpg', 'image/pjpeg', 319031, 'jpg', '', '', '', 1, 0, 0, 999, 0, 1270544726, '219.136.183.207', 0, 0, 0),
(267, 'shop', 0, 280104, 0, 76, 'uploadfile', '行政大床房.JPG', '2010/0407/20100407094305950.jpg', 'image/pjpeg', 311081, 'jpg', '行政大床房', '', '', 1, 0, 0, 999, 0, 1270604585, '219.136.182.235', 1, 0, 1),
(268, 'dearcms', 0, 0, 0, 0, 'thumb_thumb_file', 'guangzhou_hall.jpg', '2010/0407/20100407102749647.jpg', 'image/pjpeg', 11483, 'jpg', '', '', '', 1, 0, 0, 999, 0, 1270607269, '219.136.182.235', 0, 0, 0),
(269, 'shop', 0, 280104, 0, 83, 'uploadfile', 'banner_home_05.jpg', '2010/0407/20100407104652323.jpg', 'image/pjpeg', 42557, 'jpg', '', '', '', 1, 0, 0, 999, 0, 1270608412, '219.136.182.235', 1, 0, 1),
(270, 'shop', 0, 280104, 0, 83, 'uploadfile', 'banner_home_02.jpg', '2010/0407/20100407104722224.jpg', 'image/pjpeg', 56557, 'jpg', '', '', '', 1, 0, 0, 999, 0, 1270608442, '219.136.182.235', 1, 0, 1),
(271, 'shop', 0, 280104, 0, 83, 'uploadfile', 'banner_home_03.jpg', '2010/0407/20100407104736614.jpg', 'image/pjpeg', 60976, 'jpg', '', '', '', 1, 0, 0, 999, 0, 1270608456, '219.136.182.235', 1, 0, 1),
(272, 'shop', 0, 280104, 0, 83, 'uploadfile', 'banner_home_04.jpg', '2010/0407/20100407104801288.jpg', 'image/pjpeg', 72747, 'jpg', '', '', '', 1, 0, 0, 999, 0, 1270608481, '219.136.182.235', 1, 0, 1),
(273, 'shop', 0, 280104, 0, 83, 'uploadfile', 'shenzhen_room_singal2.jpg', '2010/0407/20100407104912125.jpg', 'image/pjpeg', 11983, 'jpg', '', '', '', 1, 0, 0, 999, 0, 1270608552, '219.136.182.235', 1, 0, 1),
(274, 'dearcms', 0, 0, 0, 0, 'thumb_thumb_file', '未标题-2.jpg', '2010/0407/20100407040625471.jpg', 'image/pjpeg', 30497, 'jpg', '', '', '', 1, 0, 0, 999, 0, 1270627585, '219.136.226.98', 0, 0, 0),
(275, 'shop', 0, 280103, 0, 84, 'uploadfile', '总统套房.jpg', '2010/0407/20100407040857292.jpg', 'image/pjpeg', 40203, 'jpg', '总统套房', '', '', 1, 0, 0, 999, 0, 1270627737, '219.136.226.98', 1, 0, 1);
INSERT INTO `dc_attachment` (`aid`, `module`, `catcode`, `areacode`, `contentid`, `shopid`, `field`, `filename`, `filepath`, `filetype`, `filesize`, `fileext`, `title`, `description`, `tags`, `isimage`, `isthumb`, `downloads`, `listorder`, `userid`, `uploadtime`, `uploadip`, `type`, `hits`, `status`) VALUES
(276, 'shop', 0, 280103, 0, 84, 'uploadfile', '商务套房.jpg', '2010/0407/20100407040922329.jpg', 'image/pjpeg', 35746, 'jpg', '商务套房', '', '', 1, 0, 0, 999, 0, 1270627762, '219.136.226.98', 1, 0, 1),
(277, 'shop', 0, 280103, 0, 84, 'uploadfile', '商务房.jpg', '2010/0407/20100407040930479.jpg', 'image/pjpeg', 34610, 'jpg', '商务房', '', '', 1, 0, 0, 999, 0, 1270627770, '219.136.226.98', 1, 0, 1),
(278, 'shop', 0, 280103, 0, 84, 'uploadfile', '蜜月房.jpg', '2010/0407/20100407040939132.jpg', 'image/pjpeg', 32118, 'jpg', '蜜月房', '', '', 1, 0, 0, 999, 0, 1270627779, '219.136.226.98', 1, 0, 1),
(279, 'shop', 0, 280103, 0, 84, 'uploadfile', '豪华大房.jpg', '2010/0407/20100407040952113.jpg', 'image/pjpeg', 34160, 'jpg', '豪华大房', '', '', 1, 0, 0, 999, 0, 1270627792, '219.136.226.98', 1, 0, 1),
(280, 'shop', 0, 280103, 0, 84, 'uploadfile', '豪华标准房.jpg', '2010/0407/20100407041003787.jpg', 'image/pjpeg', 42224, 'jpg', '豪华标准房', '', '', 1, 0, 0, 999, 0, 1270627803, '219.136.226.98', 1, 0, 1),
(281, 'shop', 0, 280103, 0, 84, 'uploadfile', '沐足.jpg', '2010/0407/20100407041019993.jpg', 'image/pjpeg', 47318, 'jpg', '沐足', '', '', 1, 0, 0, 999, 0, 1270627819, '219.136.226.98', 1, 0, 1),
(282, 'shop', 0, 280103, 0, 84, 'uploadfile', '会议.jpg', '2010/0407/20100407041031988.jpg', 'image/pjpeg', 37248, 'jpg', '会议', '', '', 1, 0, 0, 999, 0, 1270627830, '219.136.226.98', 1, 0, 1),
(283, 'shop', 0, 280103, 0, 84, 'uploadfile', '西餐厅.jpg', '2010/0407/20100407041039372.jpg', 'image/pjpeg', 45709, 'jpg', '西餐厅', '', '', 1, 0, 0, 999, 0, 1270627839, '219.136.226.98', 1, 0, 1),
(284, 'shop', 0, 280103, 0, 84, 'uploadfile', '中餐厅.jpg', '2010/0407/20100407041051880.jpg', 'image/pjpeg', 48106, 'jpg', '中餐厅', '', '', 1, 0, 0, 999, 0, 1270627851, '219.136.226.98', 1, 0, 1),
(285, 'shop', 0, 280103, 0, 84, 'uploadfile', 'ktv.jpg', '2010/0407/20100407041143384.jpg', 'image/pjpeg', 53128, 'jpg', 'ktv', '', '', 1, 0, 0, 999, 0, 1270627903, '219.136.226.98', 1, 0, 1),
(286, '', 0, 0, 0, 0, 'uploadfile', 'henter.jpg', '2010/0408/20100408111533855.jpg', 'image/jpeg', 2411, 'jpg', '', '', '', 1, 0, 0, 999, 0, 1270696533, '219.136.142.224', 0, 0, 0),
(287, 'dearcms', 0, 0, 0, 0, 'thumb_thumb_file', '未标题-5.jpg', '2010/0408/20100408055456574.jpg', 'image/pjpeg', 21097, 'jpg', '', '', '', 1, 0, 0, 999, 0, 1270720496, '219.136.140.48', 0, 0, 0),
(288, 'shop', 0, 280104, 0, 85, 'uploadfile', '豪华单人房1.jpg', '2010/0409/20100409085619745.jpg', 'image/pjpeg', 341771, 'jpg', '豪华单人房', '', '', 1, 0, 0, 999, 0, 1270774579, '219.136.170.179', 1, 0, 1),
(289, 'shop', 0, 280104, 0, 85, 'uploadfile', '豪华双人房3.jpg', '2010/0409/20100409085701235.jpg', 'image/pjpeg', 317015, 'jpg', '豪华双人房', '', '', 1, 0, 0, 999, 0, 1270774621, '219.136.170.179', 1, 0, 1),
(290, 'shop', 0, 280104, 0, 85, 'uploadfile', '商务双人房1.jpg', '2010/0409/20100409085724379.jpg', 'image/pjpeg', 198755, 'jpg', '商务双人房', '', '', 1, 0, 0, 999, 0, 1270774644, '219.136.170.179', 1, 0, 1),
(291, 'shop', 0, 280104, 0, 85, 'uploadfile', '雅致房.jpg', '2010/0409/20100409085747582.jpg', 'image/pjpeg', 331665, 'jpg', '雅致房', '', '', 1, 0, 0, 999, 0, 1270774667, '219.136.170.179', 1, 0, 1),
(292, 'shop', 0, 280104, 0, 85, 'uploadfile', '商务单人房.jpg', '2010/0409/20100409090043267.jpg', 'image/pjpeg', 198755, 'jpg', '商务单人房', '', '', 1, 0, 0, 999, 0, 1270774843, '219.136.170.179', 1, 0, 1),
(293, 'dearcms', 0, 0, 0, 0, 'thumb_thumb_file', '未标题-1.jpg', '2010/0409/20100409090610824.jpg', 'image/pjpeg', 23273, 'jpg', '', '', '', 1, 0, 0, 999, 0, 1270775170, '219.136.170.179', 0, 0, 0),
(294, 'shop', 0, 280104, 0, 86, 'thumb_file', '大堂.jpg', '2010/0409/20100409095732566.jpg', 'image/pjpeg', 37849, 'jpg', '裕通大酒店', '', '', 1, 0, 0, 999, 0, 1270778252, '219.136.170.179', 1, 0, 1),
(295, 'dearcms', 0, 0, 0, 0, 'thumb_thumb_file', '未标题-1.jpg', '2010/0409/20100409095732568.jpg', 'image/pjpeg', 18561, 'jpg', '', '', '', 1, 0, 0, 999, 0, 1270778252, '219.136.170.179', 0, 0, 0),
(296, 'shop', 0, 280104, 0, 86, 'uploadfile', 'ktv.jpg', '2010/0409/20100409095814780.jpg', 'image/pjpeg', 52115, 'jpg', 'ktv', '', '', 1, 0, 0, 999, 0, 1270778294, '219.136.170.179', 1, 0, 1),
(297, 'shop', 0, 280104, 0, 86, 'uploadfile', '多功能会议室.jpg', '2010/0409/20100409095827124.jpg', 'image/pjpeg', 157377, 'jpg', '多功能会议室', '', '', 1, 0, 0, 999, 0, 1270778307, '219.136.170.179', 1, 0, 1),
(298, 'shop', 0, 280104, 0, 86, 'uploadfile', '高级行政套房.jpg', '2010/0409/20100409095839174.jpg', 'image/pjpeg', 153055, 'jpg', '高级行政套房', '', '', 1, 0, 0, 999, 0, 1270778319, '219.136.170.179', 1, 0, 1),
(299, 'shop', 0, 280104, 0, 86, 'uploadfile', '豪华大床房.jpg', '2010/0409/20100409095851719.jpg', 'image/pjpeg', 135109, 'jpg', '豪华大床房', '', '', 1, 0, 0, 999, 0, 1270778331, '219.136.170.179', 1, 0, 1),
(300, 'shop', 0, 280104, 0, 86, 'uploadfile', '豪华商务房.jpg', '2010/0409/20100409095901600.jpg', 'image/pjpeg', 30082, 'jpg', '豪华商务房', '', '', 1, 0, 0, 999, 0, 1270778341, '219.136.170.179', 1, 0, 1),
(301, 'shop', 0, 280104, 0, 86, 'uploadfile', '豪华行政套房.jpg', '2010/0409/20100409095926850.jpg', 'image/pjpeg', 166924, 'jpg', '豪华行政套房', '', '', 1, 0, 0, 999, 0, 1270778366, '219.136.170.179', 1, 0, 1),
(302, 'shop', 0, 280104, 0, 86, 'uploadfile', '棋牌.jpg', '2010/0409/20100409095940108.jpg', 'image/pjpeg', 90037, 'jpg', '棋牌', '', '', 1, 0, 0, 999, 0, 1270778380, '219.136.170.179', 1, 0, 1),
(303, 'shop', 0, 280104, 0, 86, 'uploadfile', '食府.jpg', '2010/0409/20100409095949525.jpg', 'image/pjpeg', 46581, 'jpg', '食府', '', '', 1, 0, 0, 999, 0, 1270778389, '219.136.170.179', 1, 0, 1),
(304, 'shop', 0, 0, 0, 0, 'uploadfile', '26涓獁eb development灏忓浘鏍', '2010/0410/20100410100225900.jpg', 'image/jpeg', 11942, 'jpg', '', '', '', 1, 0, 0, 999, 0, 1270864945, '219.136.143.209', 0, 0, 1),
(305, 'shop', 0, 0, 0, 0, 'uploadfile', '555.gif', '2010/0410/20100410104253799.gif', 'image/gif', 19271, 'gif', '', '', '', 1, 0, 0, 999, 0, 1270867372, '219.136.143.209', 0, 0, 1),
(306, 'shop', 0, 0, 0, 0, 'uploadfile', '555.gif', '2010/0410/20100410111532222.gif', 'image/gif', 19271, 'gif', '', '', '', 1, 0, 0, 999, 0, 1270869332, '219.136.143.209', 0, 0, 1),
(307, 'shop', 0, 0, 0, 0, 'uploadfile', '555.gif', '2010/0410/20100410111711521.gif', 'image/gif', 19271, 'gif', '', '', '', 1, 0, 0, 999, 0, 1270869431, '219.136.143.209', 0, 0, 1),
(308, 'shop', 0, 280104, 0, 87, 'thumb_file', '经贸店大图.jpg', '2010/0410/20100410114104137.jpg', 'image/pjpeg', 40429, 'jpg', '佐登妮丝', '', '', 1, 0, 0, 999, 0, 1270870864, '219.136.143.209', 1, 0, 1),
(309, 'dearcms', 0, 0, 0, 0, 'thumb_thumb_file', '略图.jpg', '2010/0410/20100410114104181.jpg', 'image/pjpeg', 42693, 'jpg', '', '', '', 1, 0, 0, 999, 0, 1270870864, '219.136.143.209', 0, 0, 0),
(310, 'dearcms', 0, 0, 0, 0, 'thumb_thumb_file', '1.jpg', '2010/0410/20100410115154141.jpg', 'image/pjpeg', 20962, 'jpg', '', '', '', 1, 0, 0, 999, 0, 1270871514, '219.136.143.209', 0, 0, 0),
(311, 'shop', 0, 280104, 0, 87, 'uploadfile', '未标题-1.jpg', '2010/0410/20100410124804991.jpg', 'image/pjpeg', 101929, 'jpg', '', '', '', 1, 0, 0, 999, 0, 1270874884, '219.136.143.209', 1, 0, 1),
(312, 'shop', 0, 280104, 0, 87, 'uploadfile', '未标题-5.jpg', '2010/0410/20100410124835565.jpg', 'image/pjpeg', 100646, 'jpg', '', '', '', 1, 0, 0, 999, 0, 1270874915, '219.136.143.209', 1, 0, 1),
(313, 'shop', 0, 280104, 0, 87, 'uploadfile', '未标题-6.jpg', '2010/0410/20100410124844560.jpg', 'image/pjpeg', 103814, 'jpg', '', '', '', 1, 0, 0, 999, 0, 1270874924, '219.136.143.209', 1, 0, 1),
(314, 'shop', 0, 280104, 0, 87, 'uploadfile', '图片4 拷贝.jpg', '2010/0410/20100410124901328.jpg', 'image/pjpeg', 69608, 'jpg', '', '', '', 1, 0, 0, 999, 0, 1270874941, '219.136.143.209', 1, 0, 1),
(315, 'dearcms', 0, 0, 0, 0, 'thumb_thumb_file', '略图.jpg', '2010/0410/20100410010019197.jpg', 'image/pjpeg', 19876, 'jpg', '', '', '', 1, 0, 0, 999, 0, 1270875619, '219.136.143.209', 0, 0, 0),
(318, 'shop', 0, 280104, 0, 88, 'uploadfile', '餐厅.jpg', '2010/0410/20100410011418656.jpg', 'image/pjpeg', 69944, 'jpg', '餐厅', '', '', 1, 0, 0, 999, 0, 1270876458, '219.136.143.209', 1, 0, 1),
(317, 'shop', 0, 280104, 0, 88, 'thumb_file', '大堂大图.jpg', '2010/0410/20100410010418140.jpg', 'image/pjpeg', 47301, 'jpg', '恒东商务酒店', '', '', 1, 0, 0, 999, 0, 1270875858, '219.136.143.209', 1, 0, 1),
(319, 'dearcms', 0, 0, 0, 0, 'thumb_thumb_file', '略图.jpg', '2010/0410/20100410012107837.jpg', 'image/pjpeg', 20822, 'jpg', '', '', '', 1, 0, 0, 999, 0, 1270876867, '219.136.143.209', 0, 0, 0),
(320, 'shop', 0, 280104, 0, 89, 'thumb_file', '大图.jpg', '2010/0410/20100410012206467.jpg', 'image/pjpeg', 43990, 'jpg', '悦尔牙科', '', '', 1, 0, 0, 999, 0, 1270876926, '219.136.143.209', 1, 0, 1),
(321, 'shop', 0, 280104, 0, 89, 'uploadfile', '未标题-1.jpg', '2010/0410/20100410012329841.jpg', 'image/pjpeg', 109679, 'jpg', '', '', '', 1, 0, 0, 999, 0, 1270877009, '219.136.143.209', 1, 0, 1),
(322, 'dearcms', 0, 0, 0, 0, 'thumb_thumb_file', '略图.jpg', '2010/0410/20100410015213431.jpg', 'image/pjpeg', 21137, 'jpg', '', '', '', 1, 0, 0, 999, 0, 1270878733, '219.136.143.209', 0, 0, 0),
(323, 'shop', 0, 280104, 0, 90, 'uploadfile', '未标题-2.jpg', '2010/0410/20100410015255140.jpg', 'image/pjpeg', 201022, 'jpg', '', '', '', 1, 0, 0, 999, 0, 1270878775, '219.136.143.209', 1, 0, 1),
(324, 'shop', 0, 280104, 0, 90, 'uploadfile', '未标题-3.jpg', '2010/0410/20100410015307466.jpg', 'image/pjpeg', 147677, 'jpg', '', '', '', 1, 0, 0, 999, 0, 1270878787, '219.136.143.209', 1, 0, 1),
(325, 'shop', 0, 280104, 0, 90, 'uploadfile', '未标题-4.jpg', '2010/0410/20100410015320841.jpg', 'image/pjpeg', 162736, 'jpg', '', '', '', 1, 0, 0, 999, 0, 1270878800, '219.136.143.209', 1, 0, 1),
(326, 'shop', 0, 280104, 0, 90, 'uploadfile', '未标题-5.jpg', '2010/0410/20100410015347388.jpg', 'image/pjpeg', 143535, 'jpg', '', '', '', 1, 0, 0, 999, 0, 1270878827, '219.136.143.209', 1, 0, 1),
(327, 'shop', 0, 280104, 0, 90, 'uploadfile', '未标题-6.jpg', '2010/0410/20100410015508498.jpg', 'image/pjpeg', 139778, 'jpg', '', '', '', 1, 0, 0, 999, 0, 1270878908, '219.136.143.209', 1, 0, 1),
(328, 'dearcms', 0, 0, 0, 0, 'thumb_thumb_file', '略图.jpg', '2010/0410/20100410020235693.jpg', 'image/pjpeg', 19727, 'jpg', '', '', '', 1, 0, 0, 999, 0, 1270879355, '219.136.143.209', 0, 0, 0),
(329, 'dearcms', 0, 0, 0, 0, 'thumb_thumb_file', '略图.jpg', '2010/0410/20100410020810797.jpg', 'image/pjpeg', 19876, 'jpg', '', '', '', 1, 0, 0, 999, 0, 1270879690, '219.136.143.209', 0, 0, 0),
(330, 'shop', 0, 280104, 0, 91, 'uploadfile', '标准单人房.JPG', '2010/0410/20100410031753264.jpg', 'image/pjpeg', 99911, 'jpg', '标准单人房', '', '', 1, 0, 0, 999, 0, 1270883873, '219.136.143.209', 1, 0, 1),
(331, 'shop', 0, 280104, 0, 91, 'uploadfile', '标准双人房.jpg', '2010/0410/20100410033320209.jpg', 'image/pjpeg', 95063, 'jpg', '标准双人房', '', '', 1, 0, 0, 999, 0, 1270884800, '219.136.143.209', 1, 0, 1),
(332, 'shop', 0, 280104, 0, 91, 'uploadfile', '大堂.jpg', '2010/0410/20100410033339567.jpg', 'image/pjpeg', 107269, 'jpg', '大堂', '', '', 1, 0, 0, 999, 0, 1270884819, '219.136.143.209', 1, 0, 1),
(333, 'shop', 0, 280104, 0, 91, 'uploadfile', '高级单人房.jpg', '2010/0410/20100410033352712.jpg', 'image/pjpeg', 93977, 'jpg', '高级单人房', '', '', 1, 0, 0, 999, 0, 1270884832, '219.136.143.209', 1, 0, 1),
(334, '', 0, 0, 0, 0, 'uploadfile', '高级双人房.jpg', '2010/0410/20100410033405315.jpg', 'image/pjpeg', 93381, 'jpg', '', '', '', 1, 0, 0, 999, 0, 1270884845, '219.136.143.209', 0, 0, 0),
(335, 'shop', 0, 280104, 0, 91, 'uploadfile', '家庭房.jpg', '2010/0410/20100410033449740.jpg', 'image/pjpeg', 106833, 'jpg', '家庭房', '', '', 1, 0, 0, 999, 0, 1270884889, '219.136.143.209', 1, 0, 1),
(336, 'shop', 0, 280104, 0, 91, 'uploadfile', '商务单人房.jpg', '2010/0410/20100410033943774.jpg', 'image/pjpeg', 95039, 'jpg', '商务单人房', '', '', 1, 0, 0, 999, 0, 1270885183, '219.136.143.209', 1, 0, 1),
(337, 'shop', 0, 280104, 0, 91, 'uploadfile', '商务双人房.jpg', '2010/0410/20100410034650728.jpg', 'image/pjpeg', 109955, 'jpg', '商务双人房', '', '', 1, 0, 0, 999, 0, 1270885610, '219.136.143.209', 1, 0, 1),
(338, 'shop', 0, 280104, 0, 91, 'uploadfile', '套房1.jpg', '2010/0410/20100410034723436.jpg', 'image/pjpeg', 102805, 'jpg', '套房1', '', '', 1, 0, 0, 999, 0, 1270885643, '219.136.143.209', 1, 0, 1),
(339, 'shop', 0, 280104, 0, 91, 'uploadfile', '套房3.jpg', '2010/0410/20100410034734780.jpg', 'image/pjpeg', 84879, 'jpg', '套房2', '', '', 1, 0, 0, 999, 0, 1270885654, '219.136.143.209', 1, 0, 1),
(340, 'dearcms', 0, 0, 0, 0, 'thumb_thumb_file', '略图.jpg', '2010/0410/20100410040256607.jpg', 'image/pjpeg', 21985, 'jpg', '', '', '', 1, 0, 0, 999, 0, 1270886576, '219.136.143.209', 0, 0, 0),
(341, 'shop', 0, 280104, 0, 92, 'uploadfile', '1.jpg', '2010/0410/20100410040752918.jpg', 'image/pjpeg', 149325, 'jpg', '', '', '', 1, 0, 0, 999, 0, 1270886872, '219.136.143.209', 1, 0, 1),
(342, 'shop', 0, 280104, 0, 92, 'uploadfile', '未标题-2.jpg', '2010/0410/20100410040803134.jpg', 'image/pjpeg', 131685, 'jpg', '', '', '', 1, 0, 0, 999, 0, 1270886883, '219.136.143.209', 1, 0, 1),
(343, 'shop', 0, 280104, 0, 92, 'uploadfile', '未标题-3.jpg', '2010/0410/20100410040821245.jpg', 'image/pjpeg', 235150, 'jpg', '', '', '', 1, 0, 0, 999, 0, 1270886901, '219.136.143.209', 1, 0, 1),
(344, 'dearcms', 0, 0, 0, 0, 'thumb_thumb_file', '略图.jpg', '2010/0410/20100410042347478.jpg', 'image/pjpeg', 18749, 'jpg', '', '', '', 1, 0, 0, 999, 0, 1270887827, '219.136.143.209', 0, 0, 0),
(345, 'shop', 0, 280104, 0, 93, 'uploadfile', '未标题-1.jpg', '2010/0410/20100410044219582.jpg', 'image/pjpeg', 96637, 'jpg', '', '', '', 1, 0, 0, 999, 0, 1270888939, '219.136.143.209', 1, 0, 1),
(346, 'shop', 0, 280104, 0, 93, 'uploadfile', '未标题-2.jpg', '2010/0410/20100410044251919.jpg', 'image/pjpeg', 93909, 'jpg', '', '', '', 1, 0, 0, 999, 0, 1270888971, '219.136.143.209', 1, 0, 1),
(347, 'shop', 0, 280104, 0, 93, 'uploadfile', '未标题-3.jpg', '2010/0410/20100410044318136.jpg', 'image/pjpeg', 94111, 'jpg', '', '', '', 1, 0, 0, 999, 0, 1270888998, '219.136.143.209', 1, 0, 1),
(348, 'shop', 0, 280104, 0, 93, 'uploadfile', '未标题-4.jpg', '2010/0410/20100410044327199.jpg', 'image/pjpeg', 88528, 'jpg', '', '', '', 1, 0, 0, 999, 0, 1270889007, '219.136.143.209', 1, 0, 1),
(349, 'shop', 0, 280104, 0, 93, 'uploadfile', '未标题-5.jpg', '2010/0410/20100410044338676.jpg', 'image/pjpeg', 97180, 'jpg', '', '', '', 1, 0, 0, 999, 0, 1270889018, '219.136.143.209', 1, 0, 1),
(350, 'shop', 0, 280104, 0, 93, 'uploadfile', '未标题-6.jpg', '2010/0410/20100410044347191.jpg', 'image/pjpeg', 93749, 'jpg', '', '', '', 1, 0, 0, 999, 0, 1270889027, '219.136.143.209', 1, 0, 1),
(351, 'shop', 0, 280104, 0, 93, 'uploadfile', '未标题-7.jpg', '2010/0410/20100410044420723.jpg', 'image/pjpeg', 85385, 'jpg', '', '', '', 1, 0, 0, 999, 0, 1270889060, '219.136.143.209', 1, 0, 1),
(352, 'shop', 0, 280104, 0, 93, 'uploadfile', '未标题-8.jpg', '2010/0410/20100410044430738.jpg', 'image/pjpeg', 97972, 'jpg', '', '', '', 1, 0, 0, 999, 0, 1270889070, '219.136.143.209', 1, 0, 1),
(353, 'dearcms', 0, 0, 0, 0, 'thumb_thumb_file', '略图.jpg', '2010/0410/20100410050914713.jpg', 'image/pjpeg', 22379, 'jpg', '', '', '', 1, 0, 0, 999, 0, 1270890554, '219.136.143.209', 0, 0, 0),
(354, 'shop', 0, 280104, 0, 95, 'uploadfile', '未标题-1.jpg', '2010/0410/20100410051523116.jpg', 'image/pjpeg', 120064, 'jpg', '', '', '', 1, 0, 0, 999, 0, 1270890923, '219.136.143.209', 1, 0, 1),
(355, 'shop', 0, 280104, 0, 95, 'uploadfile', '未标题-2.jpg', '2010/0410/20100410051533140.jpg', 'image/pjpeg', 126917, 'jpg', '', '', '', 1, 0, 0, 999, 0, 1270890933, '219.136.143.209', 1, 0, 1),
(356, 'shop', 0, 280104, 0, 95, 'uploadfile', '未标题-3.jpg', '2010/0410/20100410051546725.jpg', 'image/pjpeg', 121915, 'jpg', '', '', '', 1, 0, 0, 999, 0, 1270890946, '219.136.143.209', 1, 0, 1),
(357, 'shop', 0, 280104, 0, 95, 'uploadfile', '未标题-4.jpg', '2010/0410/20100410051553966.jpg', 'image/pjpeg', 99189, 'jpg', '', '', '', 1, 0, 0, 999, 0, 1270890953, '219.136.143.209', 1, 0, 1),
(358, 'dearcms', 0, 0, 0, 0, 'thumb_thumb_file', '略图.jpg', '2010/0412/20100412091158159.jpg', 'image/pjpeg', 18793, 'jpg', '', '', '', 1, 0, 0, 999, 0, 1271034718, '219.136.143.15', 0, 0, 0),
(359, 'shop', 0, 280104, 0, 94, 'uploadfile', '未标题-1.jpg', '2010/0412/20100412092220235.jpg', 'image/pjpeg', 62555, 'jpg', '', '', '', 1, 0, 0, 999, 0, 1271035340, '219.136.143.15', 1, 0, 1),
(360, 'shop', 0, 280104, 0, 94, 'uploadfile', '3122401916652124068.jpg', '2010/0412/20100412092512375.jpg', 'image/pjpeg', 70494, 'jpg', '', '', '', 1, 0, 0, 999, 0, 1271035512, '219.136.143.15', 1, 0, 1),
(361, 'shop', 0, 280104, 0, 94, 'uploadfile', '12.jpg', '2010/0412/20100412093431107.jpg', 'image/pjpeg', 90193, 'jpg', '', '', '', 1, 0, 0, 999, 0, 1271036071, '219.136.143.15', 1, 0, 1),
(362, 'shop', 0, 0, 0, 0, 'uploadfile', '555.gif', '2010/0413/20100413094501690.gif', 'image/gif', 19271, 'gif', '', '', '', 1, 0, 0, 999, 0, 1271123101, '219.136.180.13', 0, 0, 1),
(363, 'shop', 0, 0, 0, 0, 'uploadfile', '555.gif', '2010/0413/20100413095125713.gif', 'image/gif', 19271, 'gif', '', '', '', 1, 0, 0, 999, 0, 1271123484, '219.136.180.13', 0, 0, 1),
(364, 'shop', 0, 0, 0, 0, 'uploadfile', '555.gif', '2010/0413/20100413095158668.gif', 'image/gif', 19271, 'gif', '', '', '', 1, 0, 0, 999, 0, 1271123518, '219.136.180.13', 0, 0, 1),
(365, 'shop', 0, 0, 0, 0, 'uploadfile', '555.gif', '2010/0413/20100413095714944.gif', 'image/gif', 19271, 'gif', '', '', '', 1, 0, 0, 999, 0, 1271123834, '219.136.180.13', 0, 0, 1),
(366, 'shop', 0, 0, 0, 0, 'uploadfile', '555.gif', '2010/0413/20100413095728416.gif', 'image/gif', 19271, 'gif', '', '', '', 1, 0, 0, 999, 0, 1271123848, '219.136.180.13', 0, 0, 1),
(367, 'dearcms', 0, 0, 0, 0, 'thumb_thumb_file', '未标题-1.jpg', '2010/0413/20100413110430375.jpg', 'image/pjpeg', 22951, 'jpg', '', '', '', 1, 0, 0, 999, 0, 1271127870, '219.136.180.13', 0, 0, 0),
(368, 'shop', 0, 280104, 0, 96, 'uploadfile', '2.jpg', '2010/0413/20100413110443717.jpg', 'image/pjpeg', 96021, 'jpg', '', '', '', 1, 0, 0, 999, 0, 1271127883, '219.136.180.13', 1, 0, 1),
(369, 'shop', 0, 280104, 0, 96, 'uploadfile', '3.jpg', '2010/0413/20100413110459582.jpg', 'image/pjpeg', 74838, 'jpg', '', '', '', 1, 0, 0, 999, 0, 1271127899, '219.136.180.13', 1, 0, 1),
(370, 'shop', 0, 280104, 0, 96, 'uploadfile', '未命名.jpg', '2010/0413/20100413110512196.jpg', 'image/pjpeg', 99272, 'jpg', '', '', '', 1, 0, 0, 999, 0, 1271127912, '219.136.180.13', 1, 0, 1),
(371, 'dearcms', 0, 0, 0, 0, 'thumb_thumb_file', '未标题-2.jpg', '2010/0413/20100413112107257.jpg', 'image/pjpeg', 21480, 'jpg', '', '', '', 1, 0, 0, 999, 0, 1271128867, '219.136.180.13', 0, 0, 0),
(372, 'shop', 0, 280104, 0, 97, 'uploadfile', '未标题-3.jpg', '2010/0413/20100413112252916.jpg', 'image/pjpeg', 110920, 'jpg', '', '', '', 1, 0, 0, 999, 0, 1271128972, '219.136.180.13', 1, 0, 1),
(373, 'shop', 0, 280104, 0, 97, 'uploadfile', 'yjjkkj.jpg', '2010/0413/20100413112341664.jpg', 'image/pjpeg', 307687, 'jpg', '', '', '', 1, 0, 0, 999, 0, 1271129021, '219.136.180.13', 1, 0, 1),
(374, 'shop', 0, 280104, 0, 97, 'uploadfile', 'sdfh.jpg', '2010/0413/20100413112357990.jpg', 'image/pjpeg', 132757, 'jpg', '', '', '', 1, 0, 0, 999, 0, 1271129037, '219.136.180.13', 1, 0, 1),
(375, 'shop', 0, 280104, 0, 97, 'uploadfile', 'fr.jpg', '2010/0413/20100413112407486.jpg', 'image/pjpeg', 82210, 'jpg', '', '', '', 1, 0, 0, 999, 0, 1271129047, '219.136.180.13', 1, 0, 1),
(376, 'dearcms', 0, 0, 0, 0, 'thumb_thumb_file', '未标题-2.jpg', '2010/0413/20100413114228130.jpg', 'image/pjpeg', 20727, 'jpg', '', '', '', 1, 0, 0, 999, 0, 1271130148, '219.136.180.13', 0, 0, 0),
(377, 'shop', 0, 280104, 0, 98, 'uploadfile', '豪华商务客房（单）.jpg', '2010/0413/20100413021715330.jpg', 'image/pjpeg', 127539, 'jpg', '豪华商务客房（单）', '', '', 1, 0, 0, 999, 0, 1271139435, '219.136.202.168', 1, 0, 1),
(378, 'shop', 0, 280104, 0, 98, 'uploadfile', '豪华商务客房(双).jpg', '2010/0413/20100413021726399.jpg', 'image/pjpeg', 157107, 'jpg', '豪华商务客房(双)', '', '', 1, 0, 0, 999, 0, 1271139446, '219.136.202.168', 1, 0, 1),
(379, 'shop', 0, 280104, 0, 98, 'uploadfile', '豪华套房.jpg', '2010/0413/20100413021744943.jpg', 'image/pjpeg', 260003, 'jpg', '豪华套房', '', '', 1, 0, 0, 999, 0, 1271139464, '219.136.202.168', 1, 0, 1),
(380, 'shop', 0, 280104, 0, 98, 'uploadfile', '活力房.jpg', '2010/0413/20100413021817412.jpg', 'image/pjpeg', 153569, 'jpg', '活力房', '', '', 1, 0, 0, 999, 0, 1271139497, '219.136.202.168', 1, 0, 1),
(381, 'shop', 0, 280104, 0, 98, 'uploadfile', '行政单人房.jpg', '2010/0413/20100413021837100.jpg', 'image/pjpeg', 282402, 'jpg', '行政单人房', '', '', 1, 0, 0, 999, 0, 1271139517, '219.136.202.168', 1, 0, 1),
(382, 'shop', 0, 280104, 0, 98, 'uploadfile', '行政双人房.jpg', '2010/0413/20100413021858512.jpg', 'image/pjpeg', 244077, 'jpg', '行政套房', '', '', 1, 0, 0, 999, 0, 1271139538, '219.136.202.168', 1, 0, 1),
(383, 'shop', 0, 280104, 0, 98, 'uploadfile', '西餐厅.jpg', '2010/0413/20100413021945394.jpg', 'image/pjpeg', 186642, 'jpg', '西餐厅', '', '', 1, 0, 0, 999, 0, 1271139585, '219.136.202.168', 1, 0, 1),
(384, 'shop', 0, 280104, 0, 98, 'uploadfile', '中餐厅.jpg', '2010/0413/20100413022002244.jpg', 'image/pjpeg', 183463, 'jpg', '中餐厅', '', '', 1, 0, 0, 999, 0, 1271139602, '219.136.202.168', 1, 0, 1),
(385, 'dearcms', 0, 0, 0, 0, 'thumb_thumb_file', '略图.jpg', '2010/0413/20100413023158491.jpg', 'image/pjpeg', 20710, 'jpg', '', '', '', 1, 0, 0, 999, 0, 1271140318, '219.136.202.168', 0, 0, 0),
(386, 'shop', 0, 280104, 0, 99, 'uploadfile', '高级双人房1.jpg', '2010/0413/20100413023506295.jpg', 'image/pjpeg', 94897, 'jpg', '高级双人房', '', '', 1, 0, 0, 999, 0, 1271140506, '219.136.202.168', 1, 0, 1),
(387, 'shop', 0, 280104, 0, 99, 'uploadfile', '豪华商务双人房2.jpg', '2010/0413/20100413023551575.jpg', 'image/pjpeg', 108889, 'jpg', '豪华商务双人房', '', '', 1, 0, 0, 999, 0, 1271140551, '219.136.202.168', 1, 0, 1),
(388, 'shop', 0, 280104, 0, 99, 'uploadfile', '商务单人房1.jpg', '2010/0413/20100413023613827.jpg', 'image/pjpeg', 92985, 'jpg', '商务单人房', '', '', 1, 0, 0, 999, 0, 1271140573, '219.136.202.168', 1, 0, 1),
(389, 'shop', 0, 280104, 0, 99, 'uploadfile', '豪华商务套房1.jpg', '2010/0413/20100413023627941.jpg', 'image/pjpeg', 92453, 'jpg', '豪华商务套房', '', '', 1, 0, 0, 999, 0, 1271140587, '219.136.202.168', 1, 0, 1),
(390, 'dearcms', 0, 0, 0, 0, 'thumb_thumb_file', '未标题-1.jpg', '2010/0413/20100413032746393.jpg', 'image/pjpeg', 22999, 'jpg', '', '', '', 1, 0, 0, 999, 0, 1271143666, '219.136.202.168', 0, 0, 0),
(391, 'shop', 0, 280104, 0, 100, 'uploadfile', '标准单人房.jpg', '2010/0413/20100413033211159.jpg', 'image/pjpeg', 43963, 'jpg', '标准单人房', '', '', 1, 0, 0, 999, 0, 1271143931, '219.136.202.168', 1, 0, 1),
(392, 'shop', 0, 280104, 0, 100, 'uploadfile', '标准双人房.jpg', '2010/0413/20100413033243258.jpg', 'image/pjpeg', 50524, 'jpg', '标准双人房', '', '', 1, 0, 0, 999, 0, 1271143963, '219.136.202.168', 1, 0, 1),
(393, 'shop', 0, 280104, 0, 100, 'uploadfile', '高级大床房.jpg', '2010/0413/20100413033308780.jpg', 'image/pjpeg', 50187, 'jpg', '高级大床房', '', '', 1, 0, 0, 999, 0, 1271143988, '219.136.202.168', 1, 0, 1),
(394, 'shop', 0, 280104, 0, 100, 'uploadfile', '豪华套房.jpg', '2010/0413/20100413033333530.jpg', 'image/pjpeg', 57077, 'jpg', '豪华套房', '', '', 1, 0, 0, 999, 0, 1271144013, '219.136.202.168', 1, 0, 1),
(395, 'shop', 0, 280104, 0, 100, 'uploadfile', '商务大床房.jpg', '2010/0413/20100413033446515.jpg', 'image/pjpeg', 56529, 'jpg', '商务大床房', '', '', 1, 0, 0, 999, 0, 1271144086, '219.136.202.168', 1, 0, 1),
(396, 'shop', 0, 280104, 0, 100, 'uploadfile', '商务双床房.jpg', '2010/0413/20100413033617818.jpg', 'image/pjpeg', 148772, 'jpg', '商务双床房', '', '', 1, 0, 0, 999, 0, 1271144177, '219.136.202.168', 1, 0, 1),
(397, 'shop', 0, 280104, 0, 100, 'uploadfile', '商务套房.jpg', '2010/0413/20100413033703541.jpg', 'image/pjpeg', 57903, 'jpg', '商务套房', '', '', 1, 0, 0, 999, 0, 1271144223, '219.136.202.168', 1, 0, 1),
(398, 'dearcms', 0, 0, 0, 0, 'thumb_thumb_file', '未标题-1.jpg', '2010/0413/20100413044529975.jpg', 'image/pjpeg', 23802, 'jpg', '', '', '', 1, 0, 0, 999, 0, 1271148329, '219.136.182.210', 0, 0, 0),
(399, 'dearcms', 0, 0, 0, 0, 'thumb_thumb_file', '675541_b.jpg', '2010/0414/20100414113702582.jpg', 'image/pjpeg', 10658, 'jpg', '', '', '', 1, 0, 0, 999, 0, 1271216222, '219.136.170.135', 0, 0, 0),
(400, 'dearcms', 0, 0, 0, 0, 'thumb_thumb_file', '略图.jpg', '2010/0414/20100414022356668.jpg', 'image/pjpeg', 18757, 'jpg', '', '', '', 1, 0, 0, 999, 0, 1271226236, '219.136.170.135', 0, 0, 0),
(401, 'shop', 0, 280104, 0, 103, 'uploadfile', '大堂.jpg', '2010/0414/20100414022710915.jpg', 'image/pjpeg', 56357, 'jpg', '', '', '', 1, 0, 0, 999, 0, 1271226430, '219.136.170.135', 1, 0, 1),
(402, 'shop', 0, 280104, 0, 103, 'uploadfile', '客户.jpg', '2010/0414/20100414022728759.jpg', 'image/pjpeg', 43933, 'jpg', '', '', '', 1, 0, 0, 999, 0, 1271226448, '219.136.170.135', 1, 0, 1),
(403, 'dearcms', 0, 0, 0, 0, 'thumb_thumb_file', '外观.jpg', '2010/0414/20100414024531234.jpg', 'image/pjpeg', 27502, 'jpg', '', '', '', 1, 0, 0, 999, 0, 1271227531, '219.136.170.135', 0, 0, 0),
(404, 'shop', 0, 280104, 0, 104, 'uploadfile', '1802710_b.jpg', '2010/0414/20100414024800986.jpg', 'image/pjpeg', 42790, 'jpg', '', '', '', 1, 0, 0, 999, 0, 1271227680, '219.136.170.135', 1, 0, 1),
(405, 'shop', 0, 280104, 0, 104, 'uploadfile', '1802714_b.jpg', '2010/0414/20100414024809538.jpg', 'image/pjpeg', 46151, 'jpg', '', '', '', 1, 0, 0, 999, 0, 1271227689, '219.136.170.135', 1, 0, 1),
(406, 'shop', 0, 280104, 0, 104, 'uploadfile', '1802718_b.jpg', '2010/0414/20100414024818296.jpg', 'image/pjpeg', 59950, 'jpg', '', '', '', 1, 0, 0, 999, 0, 1271227698, '219.136.170.135', 1, 0, 1),
(407, 'shop', 0, 280104, 0, 104, 'uploadfile', '1802722_b.jpg', '2010/0414/20100414024826449.jpg', 'image/pjpeg', 33129, 'jpg', '', '', '', 1, 0, 0, 999, 0, 1271227706, '219.136.170.135', 1, 0, 1),
(408, 'shop', 0, 280104, 0, 104, 'uploadfile', '西餐厅.jpg', '2010/0414/20100414024837165.jpg', 'image/pjpeg', 87463, 'jpg', '', '', '', 1, 0, 0, 999, 0, 1271227717, '219.136.170.135', 1, 0, 1),
(409, 'dearcms', 0, 0, 0, 0, 'thumb_thumb_file', '1.jpg', '2010/0414/20100414025650766.jpg', 'image/pjpeg', 6367, 'jpg', '', '', '', 1, 0, 0, 999, 0, 1271228210, '219.136.170.135', 0, 0, 0),
(410, 'shop', 0, 280105, 0, 105, 'uploadfile', '20101171555260800.jpg', '2010/0414/20100414030551876.jpg', 'image/pjpeg', 15699, 'jpg', '', '', '', 1, 0, 0, 999, 0, 1271228751, '219.136.170.135', 1, 0, 1),
(411, 'shop', 0, 280105, 0, 105, 'uploadfile', '20101171555262795.jpg', '2010/0414/20100414030600686.jpg', 'image/pjpeg', 9886, 'jpg', '', '', '', 1, 0, 0, 999, 0, 1271228760, '219.136.170.135', 1, 0, 1),
(412, 'dearcms', 0, 0, 0, 0, 'thumb_thumb_file', '未标题-1.jpg', '2010/0414/20100414041158367.jpg', 'image/pjpeg', 17460, 'jpg', '', '', '', 1, 0, 0, 999, 0, 1271232718, '219.136.170.135', 0, 0, 0),
(413, 'dearcms', 0, 0, 0, 0, 'thumb_thumb_file', '未标题-3.jpg', '2010/0414/20100414043039409.jpg', 'image/pjpeg', 21071, 'jpg', '', '', '', 1, 0, 0, 999, 0, 1271233839, '219.136.170.135', 0, 0, 0),
(414, 'dearcms', 0, 0, 0, 0, 'thumb_thumb_file', '未标题-1.jpg', '2010/0414/20100414043329508.jpg', 'image/pjpeg', 22747, 'jpg', '', '', '', 1, 0, 0, 999, 0, 1271234009, '219.136.170.135', 0, 0, 0),
(430, 'shop', 0, 28, 0, 110, 'thumb_file', '大图.jpg', '2010/0414/20100414050750698.jpg', 'image/pjpeg', 71765, 'jpg', '如家快捷酒店', '', '', 1, 0, 0, 999, 0, 1271236070, '219.136.170.135', 1, 0, 1),
(416, 'dearcms', 0, 0, 0, 0, 'thumb_thumb_file', '未标题-1.jpg', '2010/0414/20100414044324418.jpg', 'image/pjpeg', 19576, 'jpg', '', '', '', 1, 0, 0, 999, 0, 1271234604, '219.136.170.135', 0, 0, 0),
(417, 'dearcms', 0, 0, 0, 0, 'thumb_thumb_file', '未标题-1.jpg', '2010/0414/20100414044341537.jpg', 'image/pjpeg', 19576, 'jpg', '', '', '', 1, 0, 0, 999, 0, 1271234621, '219.136.170.135', 0, 0, 0),
(418, 'dearcms', 0, 0, 0, 0, 'thumb_thumb_file', '未标题-1.jpg', '2010/0414/20100414044647979.jpg', 'image/pjpeg', 19576, 'jpg', '', '', '', 1, 0, 0, 999, 0, 1271234807, '219.136.170.135', 0, 0, 0),
(419, 'dearcms', 0, 0, 0, 0, 'thumb_thumb_file', '未标题-1.jpg', '2010/0414/20100414044705828.jpg', 'image/pjpeg', 19576, 'jpg', '', '', '', 1, 0, 0, 999, 0, 1271234825, '219.136.170.135', 0, 0, 0),
(420, 'dearcms', 0, 0, 0, 0, 'thumb_thumb_file', '未标题-1.jpg', '2010/0414/20100414044933629.jpg', 'image/pjpeg', 22747, 'jpg', '', '', '', 1, 0, 0, 999, 0, 1271234973, '219.136.170.135', 0, 0, 0),
(421, 'shop', 0, 280103, 0, 108, 'uploadfile', '2008071620031378136.jpg', '2010/0414/20100414045006928.jpg', 'image/pjpeg', 95107, 'jpg', '', '', '', 1, 0, 0, 999, 0, 1271235006, '219.136.170.135', 1, 0, 1),
(422, 'shop', 0, 280103, 0, 108, 'uploadfile', '1.jpg', '2010/0414/20100414045018884.jpg', 'image/pjpeg', 104977, 'jpg', '', '', '', 1, 0, 0, 999, 0, 1271235018, '219.136.170.135', 1, 0, 1),
(423, 'shop', 0, 280101, 0, 107, 'uploadfile', '1.jpg', '2010/0414/20100414045115979.jpg', 'image/pjpeg', 104977, 'jpg', '', '', '', 1, 0, 0, 999, 0, 1271235075, '219.136.170.135', 1, 0, 1),
(424, 'shop', 0, 280101, 0, 107, 'uploadfile', '2.jpg', '2010/0414/20100414045133940.jpg', 'image/pjpeg', 95107, 'jpg', '', '', '', 1, 0, 0, 999, 0, 1271235093, '219.136.170.135', 1, 0, 1),
(425, 'shop', 0, 280102, 0, 106, 'uploadfile', '1.jpg', '2010/0414/20100414045212439.jpg', 'image/pjpeg', 104977, 'jpg', '', '', '', 1, 0, 0, 999, 0, 1271235132, '219.136.170.135', 1, 0, 1),
(426, 'shop', 0, 280102, 0, 106, 'uploadfile', '2.jpg', '2010/0414/20100414045221118.jpg', 'image/pjpeg', 95107, 'jpg', '', '', '', 1, 0, 0, 999, 0, 1271235141, '219.136.170.135', 1, 0, 1),
(427, 'shop', 0, 280104, 0, 102, 'uploadfile', '1.jpg', '2010/0414/20100414045314209.jpg', 'image/pjpeg', 104977, 'jpg', '', '', '', 1, 0, 0, 999, 0, 1271235194, '219.136.170.135', 1, 0, 1),
(428, 'shop', 0, 280104, 0, 102, 'uploadfile', '2.jpg', '2010/0414/20100414045325217.jpg', 'image/pjpeg', 95107, 'jpg', '', '', '', 1, 0, 0, 999, 0, 1271235205, '219.136.170.135', 1, 0, 1),
(429, 'shop', 0, 280102, 0, 101, 'uploadfile', '1142535P95-1.jpg', '2010/0414/20100414045447500.jpg', 'image/pjpeg', 71765, 'jpg', '', '', '', 1, 0, 0, 999, 0, 1271235287, '219.136.170.135', 1, 0, 1),
(431, 'dearcms', 0, 0, 0, 0, 'thumb_thumb_file', '未标题-1.jpg', '2010/0414/20100414050750995.jpg', 'image/pjpeg', 22747, 'jpg', '', '', '', 1, 0, 0, 999, 0, 1271236070, '219.136.170.135', 0, 0, 0),
(432, 'shop', 0, 280105, 0, 111, 'thumb_file', '大图.jpg', '2010/0414/20100414051657230.jpg', 'image/pjpeg', 71765, 'jpg', '如家快捷酒店', '', '', 1, 0, 0, 999, 0, 1271236617, '219.136.170.135', 1, 0, 1),
(433, 'dearcms', 0, 0, 0, 0, 'thumb_thumb_file', '未标题-1.jpg', '2010/0414/20100414051657253.jpg', 'image/pjpeg', 22747, 'jpg', '', '', '', 1, 0, 0, 999, 0, 1271236617, '219.136.170.135', 0, 0, 0),
(434, 'shop', 0, 280104, 0, 112, 'thumb_file', '大图.jpg', '2010/0414/20100414052333646.jpg', 'image/pjpeg', 71765, 'jpg', '如家快捷酒店', '', '', 1, 0, 0, 999, 0, 1271237013, '219.136.170.135', 1, 0, 1),
(435, 'dearcms', 0, 0, 0, 0, 'thumb_thumb_file', '未标题-1.jpg', '2010/0414/20100414052333919.jpg', 'image/pjpeg', 22747, 'jpg', '', '', '', 1, 0, 0, 999, 0, 1271237013, '219.136.170.135', 0, 0, 0),
(436, 'shop', 0, 280101, 0, 115, 'thumb_file', '大图.jpg', '2010/0415/20100415081635698.jpg', 'image/pjpeg', 71765, 'jpg', '如家快捷酒店', '', '', 1, 0, 0, 999, 0, 1271290595, '219.135.217.98', 1, 0, 1),
(437, 'dearcms', 0, 0, 0, 0, 'thumb_thumb_file', '未标题-1.jpg', '2010/0415/20100415081635719.jpg', 'image/pjpeg', 22747, 'jpg', '', '', '', 1, 0, 0, 999, 0, 1271290595, '219.135.217.98', 0, 0, 0),
(438, 'shop', 0, 280101, 0, 116, 'thumb_file', '大图.jpg', '2010/0415/20100415081656916.jpg', 'image/pjpeg', 71765, 'jpg', '如家快捷酒店', '', '', 1, 0, 0, 999, 0, 1271290616, '219.135.217.98', 1, 0, 1),
(439, 'dearcms', 0, 0, 0, 0, 'thumb_thumb_file', '未标题-1.jpg', '2010/0415/20100415081656423.jpg', 'image/pjpeg', 22747, 'jpg', '', '', '', 1, 0, 0, 999, 0, 1271290616, '219.135.217.98', 0, 0, 0),
(440, 'shop', 0, 280101, 0, 114, 'thumb_file', '大图.jpg', '2010/0415/20100415081806219.jpg', 'image/pjpeg', 71765, 'jpg', '如家快捷酒店', '', '', 1, 0, 0, 999, 0, 1271290686, '219.135.217.98', 1, 0, 1),
(441, 'dearcms', 0, 0, 0, 0, 'thumb_thumb_file', '未标题-1.jpg', '2010/0415/20100415081806210.jpg', 'image/pjpeg', 22747, 'jpg', '', '', '', 1, 0, 0, 999, 0, 1271290686, '219.135.217.98', 0, 0, 0),
(442, 'shop', 0, 280104, 0, 113, 'thumb_file', '大图.jpg', '2010/0415/20100415081823472.jpg', 'image/pjpeg', 71765, 'jpg', '如家快捷酒店', '', '', 1, 0, 0, 999, 0, 1271290703, '219.135.217.98', 1, 0, 1),
(443, 'dearcms', 0, 0, 0, 0, 'thumb_thumb_file', '未标题-1.jpg', '2010/0415/20100415081823940.jpg', 'image/pjpeg', 22747, 'jpg', '', '', '', 1, 0, 0, 999, 0, 1271290703, '219.135.217.98', 0, 0, 0),
(444, 'shop', 0, 280103, 0, 118, 'thumb_file', '大图.jpg', '2010/0415/20100415082826695.jpg', 'image/pjpeg', 71765, 'jpg', '如家快捷酒店', '', '', 1, 0, 0, 999, 0, 1271291306, '219.135.217.98', 1, 0, 1),
(445, 'dearcms', 0, 0, 0, 0, 'thumb_thumb_file', '未标题-1.jpg', '2010/0415/20100415082826640.jpg', 'image/pjpeg', 22747, 'jpg', '', '', '', 1, 0, 0, 999, 0, 1271291306, '219.135.217.98', 0, 0, 0),
(446, 'shop', 0, 280105, 0, 119, 'thumb_file', '大图.jpg', '2010/0415/20100415082945509.jpg', 'image/pjpeg', 71765, 'jpg', '如家快捷酒店', '', '', 1, 0, 0, 999, 0, 1271291385, '219.135.217.98', 1, 0, 1),
(447, 'dearcms', 0, 0, 0, 0, 'thumb_thumb_file', '未标题-1.jpg', '2010/0415/20100415082945333.jpg', 'image/pjpeg', 22747, 'jpg', '', '', '', 1, 0, 0, 999, 0, 1271291385, '219.135.217.98', 0, 0, 0),
(448, 'shop', 0, 280105, 0, 117, 'thumb_file', '大图.jpg', '2010/0415/20100415083801246.jpg', 'image/pjpeg', 71765, 'jpg', '如家快捷酒店', '', '', 1, 0, 0, 999, 0, 1271291881, '219.135.217.98', 1, 0, 1),
(449, 'dearcms', 0, 0, 0, 0, 'thumb_thumb_file', '未标题-1.jpg', '2010/0415/20100415083801562.jpg', 'image/pjpeg', 22747, 'jpg', '', '', '', 1, 0, 0, 999, 0, 1271291881, '219.135.217.98', 0, 0, 0),
(450, 'dearcms', 0, 0, 0, 0, 'thumb_thumb_file', '未标题-1.jpg', '2010/0415/20100415112143468.jpg', 'image/pjpeg', 18765, 'jpg', '', '', '', 1, 0, 0, 999, 0, 1271301703, '219.135.217.98', 0, 0, 0),
(451, '', 0, 0, 0, 0, 'uploadfile', '未标题-2.jpg', '2010/0415/20100415112432840.jpg', 'image/pjpeg', 91292, 'jpg', '', '', '', 1, 0, 0, 999, 0, 1271301872, '219.135.217.98', 0, 0, 0),
(452, 'shop', 0, 280105, 0, 120, 'uploadfile', '未标题-2.jpg', '2010/0415/20100415112559170.jpg', 'image/pjpeg', 102098, 'jpg', '', '', '', 1, 0, 0, 999, 0, 1271301959, '219.135.217.98', 1, 0, 1),
(453, 'shop', 0, 280105, 0, 120, 'uploadfile', '未标题-3.jpg', '2010/0415/20100415113142699.jpg', 'image/pjpeg', 91402, 'jpg', '', '', '', 1, 0, 0, 999, 0, 1271302302, '219.135.217.98', 1, 0, 1),
(454, 'shop', 0, 280105, 0, 120, 'uploadfile', '未标题-4.jpg', '2010/0415/20100415113355670.jpg', 'image/pjpeg', 110905, 'jpg', '', '', '', 1, 0, 0, 999, 0, 1271302435, '219.135.217.98', 1, 0, 1),
(455, 'shop', 0, 280105, 0, 120, 'uploadfile', '未标题-5.jpg', '2010/0415/20100415113435744.jpg', 'image/pjpeg', 88195, 'jpg', '', '', '', 1, 0, 0, 999, 0, 1271302475, '219.135.217.98', 1, 0, 1),
(456, 'shop', 0, 280105, 0, 120, 'uploadfile', '未标题-6.jpg', '2010/0415/20100415113444599.jpg', 'image/pjpeg', 85883, 'jpg', '', '', '', 1, 0, 0, 999, 0, 1271302484, '219.135.217.98', 1, 0, 1),
(457, 'dearcms', 0, 0, 0, 0, 'thumb_thumb_file', '未标题-1.jpg', '2010/0416/20100416095000648.jpg', 'image/pjpeg', 21910, 'jpg', '', '', '', 1, 0, 0, 999, 0, 1271382600, '219.136.140.62', 0, 0, 0),
(458, 'dearcms', 0, 0, 0, 0, 'thumb_thumb_file', '略图.jpg', '2010/0416/20100416101950434.jpg', 'image/pjpeg', 25195, 'jpg', '', '', '', 1, 0, 0, 999, 0, 1271384390, '219.136.140.62', 0, 0, 0),
(459, 'dearcms', 0, 0, 0, 0, 'thumb_thumb_file', '略图.jpg', '2010/0416/20100416102449988.jpg', 'image/pjpeg', 25195, 'jpg', '', '', '', 1, 0, 0, 999, 0, 1271384689, '219.136.140.62', 0, 0, 0),
(460, '', 0, 0, 0, 0, 'uploadfile', '未标题-2.jpg', '2010/0416/20100416104750628.jpg', 'image/jpeg', 430385, 'jpg', '', '', '', 1, 0, 0, 999, 0, 1271386070, '219.136.140.62', 0, 0, 0),
(461, '', 0, 0, 0, 0, 'uploadfile', '未标题-2.jpg', '2010/0416/20100416104940289.jpg', 'image/jpeg', 430385, 'jpg', '', '', '', 1, 0, 0, 999, 0, 1271386180, '219.136.140.62', 0, 0, 0),
(462, 'shop', 0, 280103, 0, 123, 'uploadfile', '未标题-2.jpg', '2010/0416/20100416105029613.jpg', 'image/pjpeg', 430385, 'jpg', '', '', '', 1, 0, 0, 999, 0, 1271386229, '219.136.140.62', 1, 0, 1),
(463, 'shop', 0, 280104, 0, 122, 'uploadfile', '未标题-2.jpg', '2010/0416/20100416105053189.jpg', 'image/pjpeg', 430385, 'jpg', '', '', '', 1, 0, 0, 999, 0, 1271386253, '219.136.140.62', 1, 0, 1),
(464, 'shop', 0, 280104, 0, 109, 'uploadfile', '酒店大堂门口0.jpg', '2010/0417/20100417110400629.jpg', 'image/pjpeg', 27900, 'jpg', '', '', '', 1, 0, 0, 999, 0, 1271473440, '219.136.170.110', 1, 0, 1),
(465, 'shop', 0, 280104, 0, 109, 'uploadfile', '未标题-1.jpg', '2010/0417/20100417110413130.jpg', 'image/pjpeg', 282800, 'jpg', '', '', '', 1, 0, 0, 999, 0, 1271473453, '219.136.170.110', 1, 0, 1),
(466, 'shop', 0, 280104, 0, 109, 'uploadfile', '未标题-2.jpg', '2010/0417/20100417110425805.jpg', 'image/pjpeg', 271898, 'jpg', '', '', '', 1, 0, 0, 999, 0, 1271473465, '219.136.170.110', 1, 0, 1),
(467, 'shop', 0, 280104, 0, 109, 'uploadfile', '未标题-3.jpg', '2010/0417/20100417110435128.jpg', 'image/pjpeg', 213993, 'jpg', '', '', '', 1, 0, 0, 999, 0, 1271473475, '219.136.170.110', 1, 0, 1),
(468, 'shop', 0, 280104, 0, 109, 'uploadfile', '未标题-4.jpg', '2010/0417/20100417110449291.jpg', 'image/pjpeg', 242435, 'jpg', '', '', '', 1, 0, 0, 999, 0, 1271473489, '219.136.170.110', 1, 0, 1),
(469, 'shop', 0, 280104, 0, 109, 'uploadfile', '未标题-5.jpg', '2010/0417/20100417110502404.jpg', 'image/pjpeg', 312969, 'jpg', '', '', '', 1, 0, 0, 999, 0, 1271473502, '219.136.170.110', 1, 0, 1),
(470, 'shop', 0, 280104, 0, 109, 'uploadfile', '未标题-6.jpg', '2010/0417/20100417110518238.jpg', 'image/pjpeg', 440598, 'jpg', '', '', '', 1, 0, 0, 999, 0, 1271473518, '219.136.170.110', 1, 0, 1),
(471, 'shop', 0, 0, 0, 0, 'uploadfile', '26涓獁eb development灏忓浘鏍', '2010/0417/20100417025443704.jpg', 'image/jpeg', 11942, 'jpg', '', '', '', 1, 0, 0, 999, 0, 1271487283, '219.136.170.110', 0, 0, 1),
(472, 'dearcms', 0, 0, 0, 0, 'thumb_thumb_file', '2.jpg', '2010/0417/20100417042234243.jpg', 'image/pjpeg', 31625, 'jpg', '', '', '', 1, 0, 0, 999, 0, 1271492554, '219.136.170.110', 0, 0, 0),
(473, 'dearcms', 0, 0, 0, 0, 'thumb_thumb_file', '2.jpg', '2010/0417/20100417043340754.jpg', 'image/pjpeg', 31625, 'jpg', '', '', '', 1, 0, 0, 999, 0, 1271493220, '219.136.170.110', 0, 0, 0),
(474, 'dearcms', 0, 0, 0, 0, 'thumb_thumb_file', '2.jpg', '2010/0417/20100417043837198.jpg', 'image/pjpeg', 31625, 'jpg', '', '', '', 1, 0, 0, 999, 0, 1271493517, '219.136.170.110', 0, 0, 0),
(475, 'shop', 0, 280105, 0, 133, 'uploadfile', '豪华单人房.jpg', '2010/0419/20100419105959413.jpg', 'image/pjpeg', 86411, 'jpg', '豪华单人房', '', '', 1, 0, 0, 999, 0, 1271645999, '219.136.170.215', 1, 0, 1),
(476, 'shop', 0, 280105, 0, 133, 'uploadfile', '豪华行政套房.jpg', '2010/0419/20100419110029887.jpg', 'image/pjpeg', 84716, 'jpg', '豪华行政套房', '', '', 1, 0, 0, 999, 0, 1271646029, '219.136.170.215', 1, 0, 1),
(477, 'shop', 0, 280105, 0, 133, 'uploadfile', '酒店大堂.jpg', '2010/0419/20100419110038367.jpg', 'image/pjpeg', 95446, 'jpg', '酒店大堂', '', '', 1, 0, 0, 999, 0, 1271646038, '219.136.170.215', 1, 0, 1),
(478, 'shop', 0, 280105, 0, 133, 'uploadfile', '舒适双人房.jpg', '2010/0419/20100419110050743.jpg', 'image/pjpeg', 74754, 'jpg', '舒适双人房', '', '', 1, 0, 0, 999, 0, 1271646050, '219.136.170.215', 1, 0, 1),
(479, 'shop', 0, 280105, 0, 133, 'uploadfile', '浴室.jpg', '2010/0419/20100419110059387.jpg', 'image/pjpeg', 79024, 'jpg', '浴室', '', '', 1, 0, 0, 999, 0, 1271646059, '219.136.170.215', 1, 0, 1),
(480, 'shop', 0, 280103, 0, 123, 'uploadfile', 'L-O-V-E (2).jpg', '2010/0419/20100419110255765.jpg', 'image/pjpeg', 183429, 'jpg', '', '', '', 1, 0, 0, 999, 0, 1271646175, '219.136.170.215', 1, 0, 1),
(481, 'shop', 0, 280103, 0, 123, 'uploadfile', '爱在旅途 (3).jpg', '2010/0419/20100419110309337.jpg', 'image/pjpeg', 120879, 'jpg', '', '', '', 1, 0, 0, 999, 0, 1271646189, '219.136.170.215', 1, 0, 1),
(482, 'shop', 0, 280103, 0, 123, 'uploadfile', '粉兰映画 (7).jpg', '2010/0419/20100419110323166.jpg', 'image/pjpeg', 186963, 'jpg', '', '', '', 1, 0, 0, 999, 0, 1271646203, '219.136.170.215', 1, 0, 1),
(483, 'shop', 0, 280103, 0, 123, 'uploadfile', '浪漫午后 (6).jpg', '2010/0419/20100419110345839.jpg', 'image/pjpeg', 131539, 'jpg', '', '', '', 1, 0, 0, 999, 0, 1271646225, '219.136.170.215', 1, 0, 1),
(484, 'shop', 0, 280103, 0, 123, 'uploadfile', '淑女村 (3).jpg', '2010/0419/20100419110404621.jpg', 'image/pjpeg', 156859, 'jpg', '', '', '', 1, 0, 0, 999, 0, 1271646244, '219.136.170.215', 1, 0, 1),
(485, 'shop', 0, 280103, 0, 123, 'uploadfile', '天鹅帷曼 (1).jpg', '2010/0419/20100419110423101.jpg', 'image/pjpeg', 113156, 'jpg', '', '', '', 1, 0, 0, 999, 0, 1271646263, '219.136.170.215', 1, 0, 1),
(486, '', 0, 0, 0, 0, 'uploadfile', '紫衣熏香 (3).jpg', '2010/0419/20100419110458234.jpg', 'image/pjpeg', 109437, 'jpg', '', '', '', 1, 0, 0, 999, 0, 1271646298, '219.136.170.215', 0, 0, 0),
(487, '', 0, 0, 0, 0, 'uploadfile', '绚蓝写意 (6).jpg', '2010/0419/20100419110512580.jpg', 'image/pjpeg', 159401, 'jpg', '', '', '', 1, 0, 0, 999, 0, 1271646312, '219.136.170.215', 0, 0, 0),
(488, '', 0, 0, 0, 0, 'uploadfile', '天鹅帷曼 (7).jpg', '2010/0419/20100419110525814.jpg', 'image/pjpeg', 109850, 'jpg', '', '', '', 1, 0, 0, 999, 0, 1271646325, '219.136.170.215', 0, 0, 0),
(489, '', 0, 0, 0, 0, 'uploadfile', '苏格兰小镇 (3).jpg', '2010/0419/20100419110547127.jpg', 'image/pjpeg', 161783, 'jpg', '', '', '', 1, 0, 0, 999, 0, 1271646347, '219.136.170.215', 0, 0, 0),
(490, '', 0, 0, 0, 0, 'uploadfile', '古典门 (5).jpg', '2010/0419/20100419110609235.jpg', 'image/pjpeg', 117540, 'jpg', '', '', '', 1, 0, 0, 999, 0, 1271646369, '219.136.170.215', 0, 0, 0),
(491, '', 0, 0, 0, 0, 'uploadfile', 'L-O-V-E (8).jpg', '2010/0419/20100419110629975.jpg', 'image/pjpeg', 141273, 'jpg', '', '', '', 1, 0, 0, 999, 0, 1271646389, '219.136.170.215', 0, 0, 0),
(492, 'dearcms', 0, 0, 0, 0, 'thumb_thumb_file', '略图.jpg', '2010/0419/20100419111341801.jpg', 'image/pjpeg', 20870, 'jpg', '', '', '', 1, 0, 0, 999, 0, 1271646821, '219.136.170.215', 0, 0, 0),
(493, 'shop', 0, 280104, 0, 139, 'uploadfile', 'ktv.jpg', '2010/0419/20100419112048154.jpg', 'image/pjpeg', 151451, 'jpg', 'ktv', '', '', 1, 0, 0, 999, 0, 1271647248, '219.136.170.215', 1, 0, 1),
(494, 'shop', 0, 280104, 0, 139, 'uploadfile', '标准间.jpg', '2010/0419/20100419112201185.jpg', 'image/pjpeg', 221117, 'jpg', '标准间', '', '', 1, 0, 0, 999, 0, 1271647321, '219.136.170.215', 1, 0, 1),
(495, 'shop', 0, 280104, 0, 139, 'uploadfile', '国际会议厅.jpg', '2010/0419/20100419112216130.jpg', 'image/pjpeg', 333789, 'jpg', '国际会议厅', '', '', 1, 0, 0, 999, 0, 1271647336, '219.136.170.215', 1, 0, 1),
(496, 'shop', 0, 280104, 0, 139, 'uploadfile', '豪华房.jpg', '2010/0419/20100419112226996.jpg', 'image/pjpeg', 209672, 'jpg', '豪华房', '', '', 1, 0, 0, 999, 0, 1271647346, '219.136.170.215', 1, 0, 1),
(497, 'shop', 0, 280104, 0, 139, 'uploadfile', '豪华套房.jpg', '2010/0419/20100419112237575.jpg', 'image/pjpeg', 216363, 'jpg', '豪华套房', '', '', 1, 0, 0, 999, 0, 1271647357, '219.136.170.215', 1, 0, 1),
(498, 'shop', 0, 280104, 0, 139, 'uploadfile', '酒家.jpg', '2010/0419/20100419112253336.jpg', 'image/pjpeg', 321660, 'jpg', '酒家', '', '', 1, 0, 0, 999, 0, 1271647373, '219.136.170.215', 1, 0, 1),
(499, 'shop', 0, 280104, 0, 139, 'uploadfile', '沐足.jpg', '2010/0419/20100419112307260.jpg', 'image/pjpeg', 175855, 'jpg', '沐足', '', '', 1, 0, 0, 999, 0, 1271647387, '219.136.170.215', 1, 0, 1),
(500, 'shop', 0, 280104, 0, 139, 'uploadfile', '商务房.jpg', '2010/0419/20100419112323429.jpg', 'image/pjpeg', 214584, 'jpg', '商务房', '', '', 1, 0, 0, 999, 0, 1271647403, '219.136.170.215', 1, 0, 1),
(501, 'shop', 0, 280104, 0, 139, 'uploadfile', '桑拿.jpg', '2010/0419/20100419112511113.jpg', 'image/pjpeg', 125217, 'jpg', '桑拿', '', '', 1, 0, 0, 999, 0, 1271647511, '219.136.170.215', 1, 0, 1),
(504, 'shop', 0, 280105, 0, 134, 'uploadfile', '大堂.jpg', '2010/0419/20100419040610848.jpg', 'image/pjpeg', 372439, 'jpg', '', '', '', 1, 0, 0, 999, 0, 1271664370, '219.136.170.215', 1, 0, 1),
(503, 'shop', 0, 280104, 0, 139, 'uploadfile', '未标题1.jpg', '2010/0419/20100419112853859.jpg', 'image/pjpeg', 321682, 'jpg', '大堂', '', '', 1, 0, 0, 999, 0, 1271647733, '219.136.170.215', 1, 0, 1),
(505, 'shop', 0, 280105, 0, 134, 'uploadfile', '豪华.jpg', '2010/0419/20100419040620473.jpg', 'image/pjpeg', 284860, 'jpg', '', '', '', 1, 0, 0, 999, 0, 1271664380, '219.136.170.215', 1, 0, 1),
(506, 'shop', 0, 280105, 0, 134, 'uploadfile', '三人房.jpg', '2010/0419/20100419040631320.jpg', 'image/pjpeg', 298946, 'jpg', '', '', '', 1, 0, 0, 999, 0, 1271664391, '219.136.170.215', 1, 0, 1),
(507, 'shop', 0, 280105, 0, 134, 'uploadfile', '双间.jpg', '2010/0419/20100419040641306.jpg', 'image/pjpeg', 301385, 'jpg', '', '', '', 1, 0, 0, 999, 0, 1271664401, '219.136.170.215', 1, 0, 1),
(508, 'dearcms', 0, 0, 0, 0, 'thumb_thumb_file', '略图.jpg', '2010/0419/20100419041726804.jpg', 'image/pjpeg', 28853, 'jpg', '', '', '', 1, 0, 0, 999, 0, 1271665046, '219.136.170.215', 0, 0, 0),
(509, 'shop', 0, 280105, 0, 132, 'uploadfile', '大堂.jpg', '2010/0419/20100419041932445.jpg', 'image/pjpeg', 172536, 'jpg', '', '', '', 1, 0, 0, 999, 0, 1271665172, '219.136.170.215', 1, 0, 1),
(510, 'shop', 0, 280105, 0, 132, 'uploadfile', '3.jpg', '2010/0419/20100419041942307.jpg', 'image/pjpeg', 7659, 'jpg', '', '', '', 1, 0, 0, 999, 0, 1271665182, '219.136.170.215', 1, 0, 1),
(511, 'shop', 0, 280105, 0, 132, 'uploadfile', '4.jpg', '2010/0419/20100419042009942.jpg', 'image/pjpeg', 176254, 'jpg', '', '', '', 1, 0, 0, 999, 0, 1271665209, '219.136.170.215', 1, 0, 1),
(512, 'shop', 0, 280105, 0, 132, 'uploadfile', 'Q6]NPHR@8_CNM{F@RXH@[DI.jpg', '2010/0419/20100419042031755.jpg', 'image/pjpeg', 35438, 'jpg', '', '', '', 1, 0, 0, 999, 0, 1271665231, '219.136.170.215', 1, 0, 1),
(513, 'shop', 0, 280105, 0, 132, 'uploadfile', 'CHWZH`)1X(C1@3[ZS@BUZHB.jpg', '2010/0419/20100419042051788.jpg', 'image/pjpeg', 76330, 'jpg', '', '', '', 1, 0, 0, 999, 0, 1271665251, '219.136.170.215', 1, 0, 1),
(514, 'dearcms', 0, 0, 0, 0, 'thumb_thumb_file', '未标题-1.jpg', '2010/0419/20100419042537932.jpg', 'image/pjpeg', 28596, 'jpg', '', '', '', 1, 0, 0, 999, 0, 1271665537, '219.136.170.215', 0, 0, 0),
(515, 'shop', 0, 280104, 0, 140, 'uploadfile', '大堂.jpg', '2010/0419/20100419042601708.jpg', 'image/pjpeg', 61826, 'jpg', '', '', '', 1, 0, 0, 999, 0, 1271665561, '219.136.170.215', 1, 0, 1),
(516, 'shop', 0, 280104, 0, 140, 'uploadfile', '双.jpg', '2010/0419/20100419042609877.jpg', 'image/pjpeg', 47719, 'jpg', '', '', '', 1, 0, 0, 999, 0, 1271665569, '219.136.170.215', 1, 0, 1),
(517, 'shop', 0, 280104, 0, 140, 'uploadfile', '未命名.jpg', '2010/0419/20100419042619756.jpg', 'image/pjpeg', 76968, 'jpg', '', '', '', 1, 0, 0, 999, 0, 1271665579, '219.136.170.215', 1, 0, 1),
(518, 'dearcms', 0, 0, 0, 0, 'thumb_thumb_file', '略图.jpg', '2010/0419/20100419045410742.jpg', 'image/pjpeg', 26881, 'jpg', '', '', '', 1, 0, 0, 999, 0, 1271667250, '219.136.170.215', 0, 0, 0),
(519, 'shop', 0, 280104, 0, 141, 'uploadfile', '170632.jpg', '2010/0419/20100419045427883.jpg', 'image/pjpeg', 42727, 'jpg', '', '', '', 1, 0, 0, 999, 0, 1271667267, '219.136.170.215', 1, 0, 1),
(520, 'shop', 0, 280104, 0, 141, 'uploadfile', '大堂.jpg', '2010/0419/20100419045434571.jpg', 'image/pjpeg', 65654, 'jpg', '', '', '', 1, 0, 0, 999, 0, 1271667274, '219.136.170.215', 1, 0, 1),
(521, 'shop', 0, 280104, 0, 141, 'uploadfile', '皇.jpg', '2010/0419/20100419045443973.jpg', 'image/pjpeg', 48331, 'jpg', '', '', '', 1, 0, 0, 999, 0, 1271667283, '219.136.170.215', 1, 0, 1),
(522, 'dearcms', 0, 0, 0, 0, 'thumb_thumb_file', '13.jpg', '2010/0419/20100419050143861.jpg', 'image/pjpeg', 30057, 'jpg', '', '', '', 1, 0, 0, 999, 0, 1271667703, '219.136.170.215', 0, 0, 0),
(523, 'shop', 0, 280104, 0, 122, 'uploadfile', '紫衣熏香 (2).jpg', '2010/0419/20100419054013227.jpg', 'image/pjpeg', 114657, 'jpg', '', '', '', 1, 0, 0, 999, 0, 1271670013, '219.136.170.215', 1, 0, 1),
(524, 'shop', 0, 280104, 0, 122, 'uploadfile', '绚蓝写意 (6).jpg', '2010/0419/20100419054033956.jpg', 'image/pjpeg', 159401, 'jpg', '', '', '', 1, 0, 0, 999, 0, 1271670033, '219.136.170.215', 1, 0, 1),
(525, 'shop', 0, 280104, 0, 122, 'uploadfile', '天鹅帷曼 (1).jpg', '2010/0419/20100419054043778.jpg', 'image/pjpeg', 113156, 'jpg', '', '', '', 1, 0, 0, 999, 0, 1271670043, '219.136.170.215', 1, 0, 1);
INSERT INTO `dc_attachment` (`aid`, `module`, `catcode`, `areacode`, `contentid`, `shopid`, `field`, `filename`, `filepath`, `filetype`, `filesize`, `fileext`, `title`, `description`, `tags`, `isimage`, `isthumb`, `downloads`, `listorder`, `userid`, `uploadtime`, `uploadip`, `type`, `hits`, `status`) VALUES
(526, 'shop', 0, 280104, 0, 122, 'uploadfile', '苏格兰小镇 (3).jpg', '2010/0419/20100419054123711.jpg', 'image/pjpeg', 161783, 'jpg', '', '', '', 1, 0, 0, 999, 0, 1271670083, '219.136.170.215', 1, 0, 1),
(527, 'shop', 0, 280104, 0, 122, 'uploadfile', 'L-O-V-E (2).jpg', '2010/0419/20100419054139587.jpg', 'image/pjpeg', 183429, 'jpg', '', '', '', 1, 0, 0, 999, 0, 1271670099, '219.136.170.215', 1, 0, 1),
(528, 'shop', 0, 280104, 0, 122, 'uploadfile', '爱在旅途 (4).jpg', '2010/0419/20100419054200981.jpg', 'image/pjpeg', 135933, 'jpg', '', '', '', 1, 0, 0, 999, 0, 1271670120, '219.136.170.215', 1, 0, 1),
(529, 'shop', 0, 280104, 0, 122, 'uploadfile', '粉兰映画 (8).jpg', '2010/0419/20100419054225756.jpg', 'image/pjpeg', 150217, 'jpg', '', '', '', 1, 0, 0, 999, 0, 1271670145, '219.136.170.215', 1, 0, 1),
(530, 'dearcms', 0, 0, 0, 0, 'thumb_thumb_file', '外观.jpg', '2010/0420/20100420112453818.jpg', 'image/pjpeg', 9835, 'jpg', '', '', '', 1, 0, 0, 999, 0, 1271733893, '219.136.171.222', 0, 0, 0),
(531, 'shop', 0, 280104, 0, 142, 'uploadfile', '1753096051720.jpg', '2010/0420/20100420112504452.jpg', 'image/pjpeg', 9439, 'jpg', '', '', '', 1, 0, 0, 999, 0, 1271733904, '219.136.171.222', 1, 0, 1),
(532, 'shop', 0, 280104, 0, 142, 'uploadfile', '3563093051720.jpg', '2010/0420/20100420112509200.jpg', 'image/pjpeg', 20191, 'jpg', '', '', '', 1, 0, 0, 999, 0, 1271733909, '219.136.171.222', 1, 0, 1),
(533, 'shop', 0, 280104, 0, 142, 'uploadfile', '3863101051722.jpg', '2010/0420/20100420112514643.jpg', 'image/pjpeg', 22629, 'jpg', '', '', '', 1, 0, 0, 999, 0, 1271733914, '219.136.171.222', 1, 0, 1),
(534, 'shop', 0, 280104, 0, 142, 'uploadfile', '4623089051719.jpg', '2010/0420/20100420112520426.jpg', 'image/pjpeg', 44629, 'jpg', '', '', '', 1, 0, 0, 999, 0, 1271733920, '219.136.171.222', 1, 0, 1),
(535, 'shop', 0, 280104, 0, 142, 'uploadfile', '7793092051719.jpg', '2010/0420/20100420112525193.jpg', 'image/pjpeg', 25415, 'jpg', '', '', '', 1, 0, 0, 999, 0, 1271733925, '219.136.171.222', 1, 0, 1),
(536, 'shop', 0, 280104, 0, 142, 'uploadfile', '9933097051721.jpg', '2010/0420/20100420112531661.jpg', 'image/pjpeg', 74496, 'jpg', '', '', '', 1, 0, 0, 999, 0, 1271733931, '219.136.171.222', 1, 0, 1),
(537, 'dearcms', 0, 0, 0, 0, 'thumb_thumb_file', '略图.jpg', '2010/0420/20100420114329714.jpg', 'image/pjpeg', 62507, 'jpg', '', '', '', 1, 0, 0, 999, 0, 1271735009, '219.136.171.222', 0, 0, 0),
(538, 'shop', 0, 280104, 0, 143, 'uploadfile', '1.jpg', '2010/0420/20100420114341334.jpg', 'image/pjpeg', 39603, 'jpg', '', '', '', 1, 0, 0, 999, 0, 1271735021, '219.136.171.222', 1, 0, 1),
(539, 'shop', 0, 280104, 0, 143, 'uploadfile', 'd.jpg', '2010/0420/20100420114347113.jpg', 'image/pjpeg', 19474, 'jpg', '', '', '', 1, 0, 0, 999, 0, 1271735027, '219.136.171.222', 1, 0, 1),
(540, 'shop', 0, 280104, 0, 143, 'uploadfile', 'e3.jpg', '2010/0420/20100420114551709.jpg', 'image/pjpeg', 20577, 'jpg', '', '', '', 1, 0, 0, 999, 0, 1271735151, '219.136.171.222', 1, 0, 1),
(541, 'shop', 0, 280104, 0, 143, 'uploadfile', '大堂.jpg', '2010/0420/20100420114653381.jpg', 'image/pjpeg', 7641, 'jpg', '', '', '', 1, 0, 0, 999, 0, 1271735213, '219.136.171.222', 1, 0, 1),
(542, 'shop', 0, 280105, 0, 144, 'thumb_file', '大堂.jpg', '2010/0420/20100420034614667.jpg', 'image/pjpeg', 150129, 'jpg', '中央海航商务酒店', '', '', 1, 0, 0, 999, 0, 1271749574, '219.136.140.212', 1, 0, 1),
(543, 'shop', 0, 280105, 0, 144, 'uploadfile', '未标题-2.jpg', '2010/0420/20100420035026730.jpg', 'image/pjpeg', 322723, 'jpg', '', '', '', 1, 0, 0, 999, 0, 1271749826, '219.136.140.212', 1, 0, 1),
(544, 'shop', 0, 280105, 0, 144, 'uploadfile', '未标题-3.jpg', '2010/0420/20100420035046765.jpg', 'image/pjpeg', 251436, 'jpg', '', '', '', 1, 0, 0, 999, 0, 1271749846, '219.136.140.212', 1, 0, 1),
(545, 'shop', 0, 280105, 0, 144, 'uploadfile', '未标题-4.jpg', '2010/0420/20100420035111237.jpg', 'image/pjpeg', 238755, 'jpg', '', '', '', 1, 0, 0, 999, 0, 1271749871, '219.136.140.212', 1, 0, 1),
(546, 'shop', 0, 280105, 0, 144, 'uploadfile', '未标题-5.jpg', '2010/0420/20100420035217945.jpg', 'image/pjpeg', 227012, 'jpg', '', '', '', 1, 0, 0, 999, 0, 1271749937, '219.136.140.212', 1, 0, 1),
(547, 'dearcms', 0, 0, 0, 0, 'thumb_thumb_file', '200708292206100.jpg', '2010/0420/20100420041130896.jpg', 'image/pjpeg', 9513, 'jpg', '', '', '', 1, 0, 0, 999, 0, 1271751090, '219.136.140.212', 0, 0, 0),
(549, 'shop', 0, 280104, 0, 145, 'uploadfile', '200941644238625.jpg', '2010/0421/20100421100833414.jpg', 'image/pjpeg', 27899, 'jpg', '', '', '', 1, 0, 0, 999, 0, 1271815713, '219.136.200.206', 1, 0, 1),
(550, 'shop', 0, 280104, 0, 145, 'uploadfile', '8e88f10f-1a35-4be3-8ad4-e8ea5cc7e2b2.jpg', '2010/0421/20100421100941660.jpg', 'image/pjpeg', 56064, 'jpg', '', '', '', 1, 0, 0, 999, 0, 1271815781, '219.136.200.206', 1, 0, 1),
(551, 'shop', 0, 280104, 0, 145, 'uploadfile', '123.jpg', '2010/0421/20100421101528885.jpg', 'image/pjpeg', 150314, 'jpg', '', '', '', 1, 0, 0, 999, 0, 1271816128, '219.136.200.206', 1, 0, 1),
(552, 'shop', 0, 280104, 0, 145, 'uploadfile', '3703642E02.jpg', '2010/0421/20100421101552301.jpg', 'image/pjpeg', 45713, 'jpg', '', '', '', 1, 0, 0, 999, 0, 1271816152, '219.136.200.206', 1, 0, 1),
(553, 'shop', 0, 280104, 0, 145, 'uploadfile', '200804301728336fcb.jpg', '2010/0421/20100421101613179.jpg', 'image/pjpeg', 46132, 'jpg', '', '', '', 1, 0, 0, 999, 0, 1271816173, '219.136.200.206', 1, 0, 1),
(554, 'dearcms', 0, 0, 0, 0, 'thumb_thumb_file', '略图.jpg', '2010/0421/20100421101731628.jpg', 'image/pjpeg', 28427, 'jpg', '', '', '', 1, 0, 0, 999, 0, 1271816251, '219.136.200.206', 0, 0, 0),
(555, 'dearcms', 0, 0, 0, 0, 'thumb_thumb_file', '未标题-1.jpg', '2010/0421/20100421113200581.jpg', 'image/pjpeg', 24713, 'jpg', '', '', '', 1, 0, 0, 999, 0, 1271820720, '219.136.200.206', 0, 0, 0),
(556, 'shop', 0, 280104, 0, 146, 'uploadfile', '大堂.jpg', '2010/0421/20100421113222228.jpg', 'image/pjpeg', 23723, 'jpg', '', '', '', 1, 0, 0, 999, 0, 1271820742, '219.136.200.206', 1, 0, 1),
(557, 'shop', 0, 280104, 0, 147, 'uploadfile', '大图.jpg', '2010/0421/20100421030555927.jpg', 'image/pjpeg', 328776, 'jpg', '', '', '', 1, 0, 0, 999, 0, 1271833555, '219.136.38.226', 1, 0, 1),
(558, 'shop', 0, 280104, 0, 147, 'uploadfile', '未标题-4.jpg', '2010/0421/20100421030622937.jpg', 'image/pjpeg', 301650, 'jpg', '', '', '', 1, 0, 0, 999, 0, 1271833582, '219.136.38.226', 1, 0, 1),
(559, 'shop', 0, 280104, 0, 147, 'uploadfile', '未标题-3.jpg', '2010/0421/20100421030646614.jpg', 'image/pjpeg', 244614, 'jpg', '', '', '', 1, 0, 0, 999, 0, 1271833606, '219.136.38.226', 1, 0, 1),
(560, 'shop', 0, 280104, 0, 147, 'uploadfile', '未标题-5.jpg', '2010/0421/20100421030709849.jpg', 'image/pjpeg', 263162, 'jpg', '', '', '', 1, 0, 0, 999, 0, 1271833629, '219.136.38.226', 1, 0, 1),
(561, 'shop', 0, 280104, 0, 147, 'uploadfile', '未标题-6.jpg', '2010/0421/20100421030739822.jpg', 'image/pjpeg', 271643, 'jpg', '', '', '', 1, 0, 0, 999, 0, 1271833659, '219.136.38.226', 1, 0, 1),
(562, 'dearcms', 0, 0, 0, 0, 'thumb_thumb_file', '略图.jpg', '2010/0421/20100421030755992.jpg', 'image/pjpeg', 32149, 'jpg', '', '', '', 1, 0, 0, 999, 0, 1271833675, '219.136.38.226', 0, 0, 0),
(563, 'dearcms', 0, 0, 0, 0, 'thumb_thumb_file', '未标题-1.jpg', '2010/0421/20100421032011757.jpg', 'image/pjpeg', 31385, 'jpg', '', '', '', 1, 0, 0, 999, 0, 1271834411, '219.136.38.226', 0, 0, 0),
(564, 'shop', 0, 280104, 0, 148, 'uploadfile', '大堂.jpg', '2010/0421/20100421032140967.jpg', 'image/pjpeg', 54655, 'jpg', '', '', '', 1, 0, 0, 999, 0, 1271834500, '219.136.38.226', 1, 0, 1),
(565, 'shop', 0, 280104, 0, 148, 'uploadfile', '1.jpg', '2010/0421/20100421032149396.jpg', 'image/pjpeg', 24975, 'jpg', '', '', '', 1, 0, 0, 999, 0, 1271834509, '219.136.38.226', 1, 0, 1),
(566, 'shop', 0, 280104, 0, 148, 'uploadfile', '2.jpg', '2010/0421/20100421032157233.jpg', 'image/pjpeg', 28682, 'jpg', '', '', '', 1, 0, 0, 999, 0, 1271834517, '219.136.38.226', 1, 0, 1),
(567, 'shop', 0, 280104, 0, 148, 'uploadfile', '4.jpg', '2010/0421/20100421032213264.jpg', 'image/pjpeg', 53942, 'jpg', '', '', '', 1, 0, 0, 999, 0, 1271834533, '219.136.38.226', 1, 0, 1),
(568, 'shop', 0, 280104, 0, 148, 'uploadfile', '棋牌室.jpg', '2010/0421/20100421032225388.jpg', 'image/pjpeg', 41446, 'jpg', '', '', '', 1, 0, 0, 999, 0, 1271834545, '219.136.38.226', 1, 0, 1),
(569, 'dearcms', 0, 0, 0, 0, 'thumb_thumb_file', '未标题-1.jpg', '2010/0421/20100421032648120.jpg', 'image/pjpeg', 31385, 'jpg', '', '', '', 1, 0, 0, 999, 0, 1271834808, '219.136.38.226', 0, 0, 0),
(570, 'shop', 0, 280104, 0, 149, 'uploadfile', '1.jpg', '2010/0421/20100421032710525.jpg', 'image/pjpeg', 25967, 'jpg', '', '', '', 1, 0, 0, 999, 0, 1271834830, '219.136.38.226', 1, 0, 1),
(571, 'shop', 0, 280104, 0, 149, 'uploadfile', '2.jpg', '2010/0421/20100421032717607.jpg', 'image/pjpeg', 28397, 'jpg', '', '', '', 1, 0, 0, 999, 0, 1271834837, '219.136.38.226', 1, 0, 1),
(572, 'shop', 0, 280104, 0, 149, 'uploadfile', '3.jpg', '2010/0421/20100421032733767.jpg', 'image/pjpeg', 32467, 'jpg', '', '', '', 1, 0, 0, 999, 0, 1271834853, '219.136.38.226', 1, 0, 1),
(573, 'shop', 0, 280104, 0, 149, 'uploadfile', '4.jpg', '2010/0421/20100421032817669.jpg', 'image/pjpeg', 27128, 'jpg', '', '', '', 1, 0, 0, 999, 0, 1271834897, '219.136.38.226', 1, 0, 1),
(574, 'shop', 0, 280104, 0, 149, 'uploadfile', '5.jpg', '2010/0421/20100421032823812.jpg', 'image/pjpeg', 29083, 'jpg', '', '', '', 1, 0, 0, 999, 0, 1271834903, '219.136.38.226', 1, 0, 1),
(581, 'dearcms', 0, 0, 0, 0, 'thumb_thumb_file', '未标题-1.jpg', '2010/0421/20100421034331550.jpg', 'image/pjpeg', 30350, 'jpg', '', '', '', 1, 0, 0, 999, 0, 1271835811, '219.136.38.226', 0, 0, 0),
(576, 'shop', 0, 280104, 0, 149, 'uploadfile', '6.jpg', '2010/0421/20100421033217604.jpg', 'image/pjpeg', 34396, 'jpg', '', '', '', 1, 0, 0, 999, 0, 1271835137, '219.136.38.226', 1, 0, 1),
(577, 'shop', 0, 280104, 0, 149, 'uploadfile', '7.jpg', '2010/0421/20100421033235225.jpg', 'image/pjpeg', 41446, 'jpg', '', '', '', 1, 0, 0, 999, 0, 1271835155, '219.136.38.226', 1, 0, 1),
(578, 'shop', 0, 280104, 0, 149, 'uploadfile', '8.jpg', '2010/0421/20100421033247170.jpg', 'image/pjpeg', 32227, 'jpg', '', '', '', 1, 0, 0, 999, 0, 1271835167, '219.136.38.226', 1, 0, 1),
(579, 'shop', 0, 280104, 0, 149, 'uploadfile', '9.jpg', '2010/0421/20100421033303586.jpg', 'image/pjpeg', 35504, 'jpg', '', '', '', 1, 0, 0, 999, 0, 1271835183, '219.136.38.226', 1, 0, 1),
(580, 'shop', 0, 280104, 0, 149, 'uploadfile', '10.jpg', '2010/0421/20100421033324223.jpg', 'image/pjpeg', 44016, 'jpg', '', '', '', 1, 0, 0, 999, 0, 1271835204, '219.136.38.226', 1, 0, 1),
(582, 'shop', 0, 280105, 0, 150, 'uploadfile', '标准房.jpg', '2010/0421/20100421034349116.jpg', 'image/pjpeg', 27703, 'jpg', '', '', '', 1, 0, 0, 999, 0, 1271835829, '219.136.38.226', 1, 0, 1),
(583, 'shop', 0, 280105, 0, 150, 'uploadfile', '大堂.jpg', '2010/0421/20100421034405433.jpg', 'image/pjpeg', 47536, 'jpg', '', '', '', 1, 0, 0, 999, 0, 1271835845, '219.136.38.226', 1, 0, 1),
(584, 'shop', 0, 280105, 0, 150, 'uploadfile', '稻香中餐厅.jpg', '2010/0421/20100421034423687.jpg', 'image/pjpeg', 36917, 'jpg', '', '', '', 1, 0, 0, 999, 0, 1271835863, '219.136.38.226', 1, 0, 1),
(585, 'shop', 0, 280105, 0, 150, 'uploadfile', '豪华套房.jpg', '2010/0421/20100421034452176.jpg', 'image/pjpeg', 27651, 'jpg', '', '', '', 1, 0, 0, 999, 0, 1271835892, '219.136.38.226', 1, 0, 1),
(586, 'shop', 0, 280105, 0, 150, 'uploadfile', '豪门夜总会.jpg', '2010/0421/20100421034511307.jpg', 'image/pjpeg', 50444, 'jpg', '', '', '', 1, 0, 0, 999, 0, 1271835911, '219.136.38.226', 1, 0, 1),
(587, 'shop', 0, 280105, 0, 150, 'uploadfile', '商务房.jpg', '2010/0421/20100421034532883.jpg', 'image/pjpeg', 25506, 'jpg', '', '', '', 1, 0, 0, 999, 0, 1271835932, '219.136.38.226', 1, 0, 1),
(588, 'shop', 0, 280105, 0, 150, 'uploadfile', '行政房.jpg', '2010/0421/20100421034554694.jpg', 'image/pjpeg', 21808, 'jpg', '', '', '', 1, 0, 0, 999, 0, 1271835954, '219.136.38.226', 1, 0, 1),
(589, 'dearcms', 0, 0, 0, 0, 'thumb_thumb_file', '未标题-1.jpg', '2010/0421/20100421042212589.jpg', 'image/pjpeg', 20838, 'jpg', '', '', '', 1, 0, 0, 999, 0, 1271838132, '219.136.38.226', 0, 0, 0),
(590, 'shop', 0, 280104, 0, 151, 'uploadfile', '大堂.jpg', '2010/0421/20100421042252768.jpg', 'image/pjpeg', 145645, 'jpg', '大堂', '', '', 1, 0, 0, 999, 0, 1271838172, '219.136.38.226', 1, 0, 1),
(591, 'shop', 0, 280104, 0, 151, 'uploadfile', 'KTV.jpg', '2010/0421/20100421042340167.jpg', 'image/pjpeg', 131531, 'jpg', 'KTV', '', '', 1, 0, 0, 999, 0, 1271838220, '219.136.38.226', 1, 0, 1),
(592, 'shop', 0, 280104, 0, 151, 'uploadfile', 'SPA1.jpg', '2010/0421/20100421042353672.jpg', 'image/pjpeg', 115274, 'jpg', 'SPA1', '', '', 1, 0, 0, 999, 0, 1271838233, '219.136.38.226', 1, 0, 1),
(593, 'shop', 0, 280104, 0, 151, 'uploadfile', '高级客房.jpg', '2010/0421/20100421042406544.jpg', 'image/pjpeg', 82577, 'jpg', '高级客房', '', '', 1, 0, 0, 999, 0, 1271838246, '219.136.38.226', 1, 0, 1),
(594, '', 0, 0, 0, 0, 'uploadfile', '高级套房.jpg', '2010/0421/20100421042422183.jpg', 'image/pjpeg', 113446, 'jpg', '', '', '', 1, 0, 0, 999, 0, 1271838262, '219.136.38.226', 0, 0, 0),
(595, 'shop', 0, 280104, 0, 151, 'uploadfile', '豪华客房.jpg', '2010/0421/20100421042519305.jpg', 'image/pjpeg', 361664, 'jpg', '豪华客房', '', '', 1, 0, 0, 999, 0, 1271838319, '219.136.38.226', 1, 0, 1),
(596, 'shop', 0, 280104, 0, 151, 'uploadfile', '高级套房.jpg', '2010/0421/20100421042531839.jpg', 'image/pjpeg', 113446, 'jpg', '高级套房', '', '', 1, 0, 0, 999, 0, 1271838331, '219.136.38.226', 1, 0, 1),
(597, 'shop', 0, 280104, 0, 151, 'uploadfile', '美发.jpg', '2010/0421/20100421042543981.jpg', 'image/pjpeg', 116815, 'jpg', '美发', '', '', 1, 0, 0, 999, 0, 1271838343, '219.136.38.226', 1, 0, 1),
(598, 'shop', 0, 280104, 0, 151, 'uploadfile', '沐足.jpg', '2010/0421/20100421042556105.jpg', 'image/pjpeg', 99213, 'jpg', '沐足', '', '', 1, 0, 0, 999, 0, 1271838356, '219.136.38.226', 1, 0, 1),
(599, 'shop', 0, 280104, 0, 151, 'uploadfile', '推拿中心.jpg', '2010/0421/20100421042626364.jpg', 'image/pjpeg', 87776, 'jpg', '推拿中心', '', '', 1, 0, 0, 999, 0, 1271838386, '219.136.38.226', 1, 0, 1),
(600, 'shop', 0, 280104, 0, 151, 'uploadfile', '行政客房.jpg', '2010/0421/20100421042653820.jpg', 'image/pjpeg', 113701, 'jpg', '行政客房', '', '', 1, 0, 0, 999, 0, 1271838413, '219.136.38.226', 1, 0, 1),
(601, 'shop', 0, 280104, 0, 151, 'uploadfile', '行政套房1房.jpg', '2010/0421/20100421042729219.jpg', 'image/pjpeg', 138136, 'jpg', '行政套房  行政套房1房 行政套房2房', '', '', 1, 0, 0, 999, 0, 1271838449, '219.136.38.226', 1, 0, 1),
(602, 'dearcms', 0, 0, 0, 0, 'thumb_thumb_file', '未标题-1.jpg', '2010/0421/20100421044327827.jpg', 'image/pjpeg', 20838, 'jpg', '', '', '', 1, 0, 0, 999, 0, 1271839407, '219.136.38.226', 0, 0, 0),
(603, 'shop', 0, 280108, 0, 154, 'thumb_file', '3-2.jpg', '2010/0422/20100422105941607.jpg', 'image/pjpeg', 157762, 'jpg', '山水时尚酒店', '', '', 1, 0, 0, 999, 0, 1271905181, '219.135.161.32', 1, 0, 1),
(604, 'shop', 0, 280108, 0, 154, 'uploadfile', '标准单人房.jpg', '2010/0422/20100422110023809.jpg', 'image/pjpeg', 52531, 'jpg', '', '', '', 1, 0, 0, 999, 0, 1271905223, '219.135.161.32', 1, 0, 1),
(605, 'shop', 0, 280108, 0, 154, 'uploadfile', '标准双人房.jpg', '2010/0422/20100422110029204.jpg', 'image/pjpeg', 60339, 'jpg', '', '', '', 1, 0, 0, 999, 0, 1271905229, '219.135.161.32', 1, 0, 1),
(606, 'shop', 0, 280108, 0, 154, 'uploadfile', '豪华单人房.jpg', '2010/0422/20100422110034105.jpg', 'image/pjpeg', 54041, 'jpg', '', '', '', 1, 0, 0, 999, 0, 1271905234, '219.135.161.32', 1, 0, 1),
(607, 'shop', 0, 280108, 0, 154, 'uploadfile', '豪华双人房.jpg', '2010/0422/20100422110046775.jpg', 'image/pjpeg', 59679, 'jpg', '', '', '', 1, 0, 0, 999, 0, 1271905246, '219.135.161.32', 1, 0, 1),
(608, 'shop', 0, 280108, 0, 154, 'uploadfile', '时尚单人房.jpg', '2010/0422/20100422110109919.jpg', 'image/pjpeg', 384503, 'jpg', '', '', '', 1, 0, 0, 999, 0, 1271905269, '219.135.161.32', 1, 0, 1),
(609, 'shop', 0, 280108, 0, 154, 'uploadfile', '休闲棋牌房.jpg', '2010/0422/20100422110119383.jpg', 'image/pjpeg', 69828, 'jpg', '', '', '', 1, 0, 0, 999, 0, 1271905279, '219.135.161.32', 1, 0, 1),
(610, 'shop', 0, 280106, 0, 155, 'uploadfile', '标准单人房.jpg', '2010/0422/20100422114459414.jpg', 'image/pjpeg', 58398, 'jpg', '', '', '', 1, 0, 0, 999, 0, 1271907899, '219.135.161.32', 1, 0, 1),
(611, 'shop', 0, 280106, 0, 155, 'uploadfile', '标准双人房.jpg', '2010/0422/20100422114523774.jpg', 'image/pjpeg', 54957, 'jpg', '', '', '', 1, 0, 0, 999, 0, 1271907923, '219.135.161.32', 1, 0, 1),
(612, 'shop', 0, 280106, 0, 155, 'uploadfile', '豪华单人房.jpg', '2010/0422/20100422114542483.jpg', 'image/pjpeg', 67914, 'jpg', '', '', '', 1, 0, 0, 999, 0, 1271907942, '219.135.161.32', 1, 0, 1),
(613, 'shop', 0, 280106, 0, 155, 'uploadfile', '豪华双人房.jpg', '2010/0422/20100422114549338.jpg', 'image/pjpeg', 51873, 'jpg', '', '', '', 1, 0, 0, 999, 0, 1271907949, '219.135.161.32', 1, 0, 1),
(614, 'shop', 0, 280106, 0, 155, 'uploadfile', '浪漫时尚房.jpg', '2010/0422/20100422114556534.jpg', 'image/pjpeg', 54349, 'jpg', '', '', '', 1, 0, 0, 999, 0, 1271907956, '219.135.161.32', 1, 0, 1),
(615, 'shop', 0, 280106, 0, 155, 'uploadfile', '日式时尚房.jpg', '2010/0422/20100422114622313.jpg', 'image/pjpeg', 49329, 'jpg', '', '', '', 1, 0, 0, 999, 0, 1271907982, '219.135.161.32', 1, 0, 1),
(616, 'shop', 0, 280106, 0, 155, 'uploadfile', '商务套房.jpg', '2010/0422/20100422114656370.jpg', 'image/pjpeg', 55966, 'jpg', '', '', '', 1, 0, 0, 999, 0, 1271908016, '219.135.161.32', 1, 0, 1),
(617, 'shop', 0, 280106, 0, 155, 'uploadfile', '行政套房.jpg', '2010/0422/20100422114708615.jpg', 'image/pjpeg', 48841, 'jpg', '', '', '', 1, 0, 0, 999, 0, 1271908028, '219.135.161.32', 1, 0, 1),
(618, 'shop', 0, 280104, 0, 156, 'thumb_file', '1.jpg', '2010/0422/20100422114920435.jpg', 'image/pjpeg', 37715, 'jpg', '山水时尚酒店', '', '', 1, 0, 0, 999, 0, 1271908160, '219.135.161.32', 1, 0, 1),
(619, 'shop', 0, 280104, 0, 156, 'uploadfile', '标准单人房.jpg', '2010/0422/20100422115126725.jpg', 'image/pjpeg', 234288, 'jpg', '', '', '', 1, 0, 0, 999, 0, 1271908286, '219.135.161.32', 1, 0, 1),
(620, 'shop', 0, 280104, 0, 156, 'uploadfile', '标准双人房.jpg', '2010/0422/20100422115141366.jpg', 'image/pjpeg', 259169, 'jpg', '', '', '', 1, 0, 0, 999, 0, 1271908301, '219.135.161.32', 1, 0, 1),
(621, 'shop', 0, 280104, 0, 156, 'uploadfile', '浪漫时尚房.jpg', '2010/0422/20100422115150165.jpg', 'image/pjpeg', 272885, 'jpg', '', '', '', 1, 0, 0, 999, 0, 1271908310, '219.135.161.32', 1, 0, 1),
(622, 'shop', 0, 280104, 0, 156, 'uploadfile', '日式时尚房.jpg', '2010/0422/20100422115201186.jpg', 'image/pjpeg', 240322, 'jpg', '', '', '', 1, 0, 0, 999, 0, 1271908321, '219.135.161.32', 1, 0, 1),
(623, 'shop', 0, 280104, 0, 156, 'uploadfile', '日式套房.jpg', '2010/0422/20100422115215990.jpg', 'image/pjpeg', 96147, 'jpg', '', '', '', 1, 0, 0, 999, 0, 1271908335, '219.135.161.32', 1, 0, 1),
(624, 'shop', 0, 280104, 0, 156, 'uploadfile', '山水套房.jpg', '2010/0422/20100422115226629.jpg', 'image/pjpeg', 113720, 'jpg', '', '', '', 1, 0, 0, 999, 0, 1271908346, '219.135.161.32', 1, 0, 1),
(625, 'shop', 0, 280104, 0, 156, 'uploadfile', '行政套房.jpg', '2010/0422/20100422115233464.jpg', 'image/pjpeg', 131142, 'jpg', '', '', '', 1, 0, 0, 999, 0, 1271908353, '219.135.161.32', 1, 0, 1),
(626, 'shop', 0, 280106, 0, 155, 'thumb_file', '2.jpg', '2010/0422/20100422115301508.jpg', 'image/pjpeg', 37854, 'jpg', '山水时尚酒店', '', '', 1, 0, 0, 999, 0, 1271908381, '219.135.161.32', 1, 0, 1),
(627, 'shop', 0, 280104, 0, 152, 'thumb_file', '大堂.jpg', '2010/0422/20100422022626101.jpg', 'image/pjpeg', 138928, 'jpg', '嘉逸皇冠酒店', '', '', 1, 0, 0, 999, 0, 1271917586, '219.135.161.32', 1, 0, 1),
(628, 'shop', 0, 280104, 0, 152, 'uploadfile', '标准双床房.jpg', '2010/0422/20100422023058465.jpg', 'image/pjpeg', 65236, 'jpg', '', '', '', 1, 0, 0, 999, 0, 1271917858, '219.135.161.32', 1, 0, 1),
(629, 'shop', 0, 280104, 0, 152, 'uploadfile', '标准套房.jpg', '2010/0422/20100422023102490.jpg', 'image/pjpeg', 61552, 'jpg', '', '', '', 1, 0, 0, 999, 0, 1271917862, '219.135.161.32', 1, 0, 1),
(630, 'shop', 0, 280104, 0, 152, 'uploadfile', '高级大床房.jpg', '2010/0422/20100422023107715.jpg', 'image/pjpeg', 67148, 'jpg', '', '', '', 1, 0, 0, 999, 0, 1271917867, '219.135.161.32', 1, 0, 1),
(631, 'shop', 0, 280104, 0, 152, 'uploadfile', '高级双床房.jpg', '2010/0422/20100422023113443.jpg', 'image/pjpeg', 85387, 'jpg', '', '', '', 1, 0, 0, 999, 0, 1271917873, '219.135.161.32', 1, 0, 1),
(632, 'shop', 0, 280104, 0, 152, 'uploadfile', '高级套房.jpg', '2010/0422/20100422023122508.jpg', 'image/pjpeg', 79021, 'jpg', '', '', '', 1, 0, 0, 999, 0, 1271917882, '219.135.161.32', 1, 0, 1),
(633, 'shop', 0, 280104, 0, 152, 'uploadfile', '豪华客房.jpg', '2010/0422/20100422023141633.jpg', 'image/pjpeg', 74884, 'jpg', '', '', '', 1, 0, 0, 999, 0, 1271917901, '219.135.161.32', 1, 0, 1),
(634, 'shop', 0, 280104, 0, 152, 'uploadfile', '行政客房.jpg', '2010/0422/20100422023147923.jpg', 'image/pjpeg', 90560, 'jpg', '', '', '', 1, 0, 0, 999, 0, 1271917907, '219.135.161.32', 1, 0, 1),
(635, 'shop', 0, 280104, 0, 152, 'uploadfile', '行政套房.jpg', '2010/0422/20100422023153100.jpg', 'image/pjpeg', 95528, 'jpg', '', '', '', 1, 0, 0, 999, 0, 1271917913, '219.135.161.32', 1, 0, 1),
(636, 'shop', 0, 280104, 0, 153, 'thumb_file', '1.jpg', '2010/0422/20100422023744619.jpg', 'image/pjpeg', 31923, 'jpg', '嘉逸豪庭酒店', '', '', 1, 0, 0, 999, 0, 1271918264, '219.135.161.32', 1, 0, 1),
(637, 'shop', 0, 280104, 0, 153, 'uploadfile', '标准双床房.jpg', '2010/0422/20100422025314533.jpg', 'image/pjpeg', 65236, 'jpg', '', '', '', 1, 0, 0, 999, 0, 1271919194, '219.135.161.32', 1, 0, 1),
(638, 'shop', 0, 280104, 0, 153, 'uploadfile', '标准套房.jpg', '2010/0422/20100422025319618.jpg', 'image/pjpeg', 61552, 'jpg', '', '', '', 1, 0, 0, 999, 0, 1271919199, '219.135.161.32', 1, 0, 1),
(639, 'shop', 0, 280104, 0, 153, 'uploadfile', '高级大床房.jpg', '2010/0422/20100422025325420.jpg', 'image/pjpeg', 67148, 'jpg', '', '', '', 1, 0, 0, 999, 0, 1271919205, '219.135.161.32', 1, 0, 1),
(640, 'shop', 0, 280104, 0, 153, 'uploadfile', '高级双床房.jpg', '2010/0422/20100422025333870.jpg', 'image/pjpeg', 85387, 'jpg', '', '', '', 1, 0, 0, 999, 0, 1271919213, '219.135.161.32', 1, 0, 1),
(641, 'shop', 0, 280104, 0, 153, 'uploadfile', '高级套房.jpg', '2010/0422/20100422025353934.jpg', 'image/pjpeg', 79021, 'jpg', '', '', '', 1, 0, 0, 999, 0, 1271919233, '219.135.161.32', 1, 0, 1),
(642, 'shop', 0, 280104, 0, 153, 'uploadfile', '豪华客房.jpg', '2010/0422/20100422025420240.jpg', 'image/pjpeg', 74884, 'jpg', '', '', '', 1, 0, 0, 999, 0, 1271919260, '219.135.161.32', 1, 0, 1),
(643, 'shop', 0, 280104, 0, 153, 'uploadfile', '行政客房.jpg', '2010/0422/20100422025435822.jpg', 'image/pjpeg', 90560, 'jpg', '', '', '', 1, 0, 0, 999, 0, 1271919275, '219.135.161.32', 1, 0, 1),
(644, 'shop', 0, 280104, 0, 153, 'uploadfile', '行政套房.jpg', '2010/0422/20100422025441412.jpg', 'image/pjpeg', 95528, 'jpg', '', '', '', 1, 0, 0, 999, 0, 1271919281, '219.135.161.32', 1, 0, 1),
(645, 'shop', 0, 280104, 0, 157, 'thumb_file', '未命名.jpg', '2010/0422/20100422030636687.jpg', 'image/pjpeg', 94880, 'jpg', '礼顿酒店', '', '', 1, 0, 0, 999, 0, 1271919996, '219.135.161.32', 1, 0, 1),
(646, 'shop', 0, 280104, 0, 157, 'uploadfile', '1.jpg', '2010/0422/20100422030705907.jpg', 'image/pjpeg', 241036, 'jpg', '', '', '', 1, 0, 0, 999, 0, 1271920025, '219.135.161.32', 1, 0, 1),
(647, 'shop', 0, 280104, 0, 157, 'uploadfile', '2.jpg', '2010/0422/20100422030715715.jpg', 'image/pjpeg', 268220, 'jpg', '', '', '', 1, 0, 0, 999, 0, 1271920035, '219.135.161.32', 1, 0, 1),
(648, 'shop', 0, 280104, 0, 157, 'uploadfile', '3.jpg', '2010/0422/20100422030726914.jpg', 'image/pjpeg', 254326, 'jpg', '', '', '', 1, 0, 0, 999, 0, 1271920046, '219.135.161.32', 1, 0, 1),
(649, 'shop', 0, 280104, 0, 157, 'uploadfile', '4.jpg', '2010/0422/20100422030746240.jpg', 'image/pjpeg', 256437, 'jpg', '', '', '', 1, 0, 0, 999, 0, 1271920066, '219.135.161.32', 1, 0, 1),
(650, 'shop', 0, 280104, 0, 157, 'uploadfile', '5.jpg', '2010/0422/20100422030757502.jpg', 'image/pjpeg', 157002, 'jpg', '', '', '', 1, 0, 0, 999, 0, 1271920077, '219.135.161.32', 1, 0, 1),
(651, 'shop', 0, 280104, 0, 157, 'uploadfile', '6.jpg', '2010/0422/20100422030804890.jpg', 'image/pjpeg', 79738, 'jpg', '', '', '', 1, 0, 0, 999, 0, 1271920084, '219.135.161.32', 1, 0, 1),
(652, 'dearcms', 0, 0, 0, 0, 'thumb_thumb_file', '未标题-1.jpg', '2010/0422/20100422031917692.jpg', 'image/pjpeg', 19617, 'jpg', '', '', '', 1, 0, 0, 999, 0, 1271920757, '219.135.161.32', 0, 0, 0),
(653, 'shop', 0, 280104, 0, 158, 'uploadfile', '高级商务房.jpg', '2010/0422/20100422031939512.jpg', 'image/pjpeg', 27398, 'jpg', '', '', '', 1, 0, 0, 999, 0, 1271920779, '219.135.161.32', 1, 0, 1),
(654, 'shop', 0, 280104, 0, 158, 'uploadfile', '高级双床房.jpg', '2010/0422/20100422031957183.jpg', 'image/pjpeg', 537033, 'jpg', '', '', '', 1, 0, 0, 999, 0, 1271920797, '219.135.161.32', 1, 0, 1),
(655, 'shop', 0, 280104, 0, 158, 'uploadfile', '豪华大床房.jpg', '2010/0422/20100422032004599.jpg', 'image/pjpeg', 54380, 'jpg', '', '', '', 1, 0, 0, 999, 0, 1271920804, '219.135.161.32', 1, 0, 1),
(656, 'shop', 0, 280104, 0, 158, 'uploadfile', '豪华商务套房.jpg', '2010/0422/20100422032012667.jpg', 'image/pjpeg', 48201, 'jpg', '', '', '', 1, 0, 0, 999, 0, 1271920812, '219.135.161.32', 1, 0, 1),
(657, 'shop', 0, 280104, 0, 158, 'uploadfile', '日韩风情屋.jpg', '2010/0422/20100422032020969.jpg', 'image/pjpeg', 41800, 'jpg', '', '', '', 1, 0, 0, 999, 0, 1271920820, '219.135.161.32', 1, 0, 1),
(658, 'dearcms', 0, 0, 0, 0, 'thumb_thumb_file', '未标题-1.jpg', '2010/0422/20100422035400617.jpg', 'image/pjpeg', 21793, 'jpg', '', '', '', 1, 0, 0, 999, 0, 1271922840, '219.135.161.32', 0, 0, 0),
(659, 'shop', 0, 280104, 0, 159, 'uploadfile', '洒店大堂.jpg', '2010/0422/20100422035412770.jpg', 'image/pjpeg', 23869, 'jpg', '', '', '', 1, 0, 0, 999, 0, 1271922852, '219.135.161.32', 1, 0, 1),
(660, 'shop', 0, 280104, 0, 159, 'uploadfile', '1.jpg', '2010/0422/20100422035418320.jpg', 'image/pjpeg', 17458, 'jpg', '', '', '', 1, 0, 0, 999, 0, 1271922858, '219.135.161.32', 1, 0, 1),
(661, 'shop', 0, 280104, 0, 159, 'uploadfile', '2.jpg', '2010/0422/20100422035428973.jpg', 'image/pjpeg', 15534, 'jpg', '', '', '', 1, 0, 0, 999, 0, 1271922868, '219.135.161.32', 1, 0, 1),
(662, 'shop', 0, 280104, 0, 159, 'uploadfile', '3.jpg', '2010/0422/20100422035432625.jpg', 'image/pjpeg', 16621, 'jpg', '', '', '', 1, 0, 0, 999, 0, 1271922872, '219.135.161.32', 1, 0, 1),
(663, 'shop', 0, 280104, 0, 159, 'uploadfile', '4.jpg', '2010/0422/20100422035437661.jpg', 'image/pjpeg', 13495, 'jpg', '', '', '', 1, 0, 0, 999, 0, 1271922877, '219.135.161.32', 1, 0, 1),
(666, 'shop', 0, 280104, 0, 160, 'uploadfile', '单人房.jpg', '2010/0422/20100422042053128.jpg', 'image/pjpeg', 15433, 'jpg', '', '', '', 1, 0, 0, 999, 0, 1271924453, '219.135.161.32', 1, 0, 1),
(665, 'shop', 0, 280104, 0, 160, 'thumb_file', '大堂.jpg', '2010/0422/20100422042029124.jpg', 'image/pjpeg', 144554, 'jpg', '中怡商务酒店', '', '', 1, 0, 0, 999, 0, 1271924429, '219.135.161.32', 1, 0, 1),
(667, 'shop', 0, 280104, 0, 160, 'uploadfile', '双人房.jpg', '2010/0422/20100422042057874.jpg', 'image/pjpeg', 22264, 'jpg', '', '', '', 1, 0, 0, 999, 0, 1271924457, '219.135.161.32', 1, 0, 1),
(668, 'shop', 0, 280104, 0, 160, 'uploadfile', '酒店环境.jpg', '2010/0422/20100422042104156.jpg', 'image/pjpeg', 125985, 'jpg', '', '', '', 1, 0, 0, 999, 0, 1271924464, '219.135.161.32', 1, 0, 1),
(669, 'shop', 0, 280104, 0, 160, 'uploadfile', '豪华房.jpg', '2010/0422/20100422042132621.jpg', 'image/pjpeg', 18099, 'jpg', '', '', '', 1, 0, 0, 999, 0, 1271924492, '219.135.161.32', 1, 0, 1),
(670, 'shop', 0, 280104, 0, 160, 'uploadfile', '豪华商务房.jpg', '2010/0422/20100422042136802.jpg', 'image/pjpeg', 19124, 'jpg', '', '', '', 1, 0, 0, 999, 0, 1271924496, '219.135.161.32', 1, 0, 1),
(671, 'shop', 0, 280104, 0, 160, 'uploadfile', '豪华商务房.jpg', '2010/0422/20100422042145104.jpg', 'image/pjpeg', 19124, 'jpg', '', '', '', 1, 0, 0, 999, 0, 1271924505, '219.135.161.32', 1, 0, 1),
(672, 'shop', 0, 280102, 0, 161, 'thumb_file', '经贸店大图.jpg', '2010/0423/20100423091709480.jpg', 'image/pjpeg', 40429, 'jpg', '佐登妮丝美容SPA生活馆', '', '', 1, 0, 0, 999, 0, 1271985429, '219.135.161.32', 1, 0, 1),
(673, 'shop', 0, 280102, 0, 161, 'uploadfile', '未标题-1.jpg', '2010/0423/20100423091735205.jpg', 'image/pjpeg', 101929, 'jpg', '', '', '', 1, 0, 0, 999, 0, 1271985455, '219.135.161.32', 1, 0, 1),
(674, 'shop', 0, 280102, 0, 161, 'uploadfile', '未标题-5.jpg', '2010/0423/20100423091742831.jpg', 'image/pjpeg', 100646, 'jpg', '', '', '', 1, 0, 0, 999, 0, 1271985462, '219.135.161.32', 1, 0, 1),
(675, 'shop', 0, 280102, 0, 161, 'uploadfile', '未标题-6.jpg', '2010/0423/20100423091753668.jpg', 'image/pjpeg', 103814, 'jpg', '', '', '', 1, 0, 0, 999, 0, 1271985473, '219.135.161.32', 1, 0, 1),
(676, 'dearcms', 0, 0, 0, 0, 'thumb_thumb_file', '略图.jpg', '2010/0423/20100423092032358.jpg', 'image/pjpeg', 18517, 'jpg', '', '', '', 1, 0, 0, 999, 0, 1271985632, '219.135.161.32', 0, 0, 0),
(677, 'shop', 0, 280102, 0, 162, 'thumb_file', '经贸店大图.jpg', '2010/0423/20100423093748490.jpg', 'image/pjpeg', 40429, 'jpg', '佐登妮丝美容SPA生活馆', '', '', 1, 0, 0, 999, 0, 1271986668, '219.135.161.32', 1, 0, 1),
(678, 'dearcms', 0, 0, 0, 0, 'thumb_thumb_file', '略图.jpg', '2010/0423/20100423093748764.jpg', 'image/pjpeg', 18517, 'jpg', '', '', '', 1, 0, 0, 999, 0, 1271986668, '219.135.161.32', 0, 0, 0),
(679, 'dearcms', 0, 0, 0, 0, 'thumb_file', '经贸店大图.jpg', '2010/0423/20100423094149806.jpg', 'image/pjpeg', 40429, 'jpg', '', '', '', 1, 0, 0, 999, 0, 1271986909, '219.135.161.32', 0, 0, 0),
(680, 'dearcms', 0, 0, 0, 0, 'thumb_thumb_file', '略图.jpg', '2010/0423/20100423094149490.jpg', 'image/pjpeg', 18517, 'jpg', '', '', '', 1, 0, 0, 999, 0, 1271986909, '219.135.161.32', 0, 0, 0),
(681, 'shop', 0, 280107, 0, 163, 'thumb_file', '经贸店大图.jpg', '2010/0423/20100423094325133.jpg', 'image/pjpeg', 40429, 'jpg', '佐登妮丝美容SPA生活馆', '', '', 1, 0, 0, 999, 0, 1271987005, '219.135.161.32', 1, 0, 1),
(682, 'dearcms', 0, 0, 0, 0, 'thumb_thumb_file', '略图.jpg', '2010/0423/20100423094325575.jpg', 'image/pjpeg', 18517, 'jpg', '', '', '', 1, 0, 0, 999, 0, 1271987005, '219.135.161.32', 0, 0, 0),
(683, 'dearcms', 0, 0, 0, 0, 'thumb_thumb_file', '略图.jpg', '2010/0423/20100423094345529.jpg', 'image/pjpeg', 18517, 'jpg', '', '', '', 1, 0, 0, 999, 0, 1271987025, '219.135.161.32', 0, 0, 0),
(684, 'shop', 0, 280105, 0, 164, 'thumb_file', '经贸店大图.jpg', '2010/0423/20100423094631207.jpg', 'image/pjpeg', 40429, 'jpg', '佐登妮丝美容SPA生活馆', '', '', 1, 0, 0, 999, 0, 1271987191, '219.135.161.32', 1, 0, 1),
(685, 'dearcms', 0, 0, 0, 0, 'thumb_thumb_file', '略图.jpg', '2010/0423/20100423094631298.jpg', 'image/pjpeg', 18517, 'jpg', '', '', '', 1, 0, 0, 999, 0, 1271987191, '219.135.161.32', 0, 0, 0),
(686, 'shop', 0, 280103, 0, 162, 'uploadfile', '未标题-1.jpg', '2010/0423/20100423095325480.jpg', 'image/pjpeg', 101929, 'jpg', '', '', '', 1, 0, 0, 999, 0, 1271987605, '219.135.161.32', 1, 0, 1),
(687, 'shop', 0, 280103, 0, 162, 'uploadfile', '未标题-5.jpg', '2010/0423/20100423095331137.jpg', 'image/pjpeg', 100646, 'jpg', '', '', '', 1, 0, 0, 999, 0, 1271987611, '219.135.161.32', 1, 0, 1),
(688, 'shop', 0, 280103, 0, 162, 'uploadfile', '未标题-6.jpg', '2010/0423/20100423095349824.jpg', 'image/pjpeg', 103814, 'jpg', '', '', '', 1, 0, 0, 999, 0, 1271987629, '219.135.161.32', 1, 0, 1),
(689, 'shop', 0, 280107, 0, 163, 'uploadfile', '未标题-1.jpg', '2010/0423/20100423095407624.jpg', 'image/pjpeg', 101929, 'jpg', '', '', '', 1, 0, 0, 999, 0, 1271987647, '219.135.161.32', 1, 0, 1),
(690, 'shop', 0, 280107, 0, 163, 'uploadfile', '未标题-5.jpg', '2010/0423/20100423095413458.jpg', 'image/pjpeg', 100646, 'jpg', '', '', '', 1, 0, 0, 999, 0, 1271987653, '219.135.161.32', 1, 0, 1),
(691, 'shop', 0, 280107, 0, 163, 'uploadfile', '未标题-6.jpg', '2010/0423/20100423095420331.jpg', 'image/pjpeg', 103814, 'jpg', '', '', '', 1, 0, 0, 999, 0, 1271987660, '219.135.161.32', 1, 0, 1),
(692, 'shop', 0, 280105, 0, 164, 'uploadfile', '未标题-1.jpg', '2010/0423/20100423095450770.jpg', 'image/pjpeg', 101929, 'jpg', '', '', '', 1, 0, 0, 999, 0, 1271987690, '219.135.161.32', 1, 0, 1),
(693, 'shop', 0, 280105, 0, 164, 'uploadfile', '未标题-5.jpg', '2010/0423/20100423095457917.jpg', 'image/pjpeg', 100646, 'jpg', '', '', '', 1, 0, 0, 999, 0, 1271987697, '219.135.161.32', 1, 0, 1),
(694, 'shop', 0, 280105, 0, 164, 'uploadfile', '未标题-6.jpg', '2010/0423/20100423095504825.jpg', 'image/pjpeg', 103814, 'jpg', '', '', '', 1, 0, 0, 999, 0, 1271987704, '219.135.161.32', 1, 0, 1),
(695, 'dearcms', 0, 0, 0, 0, 'thumb_thumb_file', '略图.jpg', '2010/0423/20100423095546188.jpg', 'image/pjpeg', 18517, 'jpg', '', '', '', 1, 0, 0, 999, 0, 1271987746, '219.135.161.32', 0, 0, 0),
(696, 'shop', 0, 280101, 0, 165, 'uploadfile', '未标题-1.jpg', '2010/0423/20100423095621537.jpg', 'image/pjpeg', 101929, 'jpg', '', '', '', 1, 0, 0, 999, 0, 1271987781, '219.135.161.32', 1, 0, 1),
(697, 'shop', 0, 280101, 0, 165, 'uploadfile', '未标题-5.jpg', '2010/0423/20100423095629879.jpg', 'image/pjpeg', 100646, 'jpg', '', '', '', 1, 0, 0, 999, 0, 1271987789, '219.135.161.32', 1, 0, 1),
(698, 'shop', 0, 280101, 0, 165, 'uploadfile', '未标题-6.jpg', '2010/0423/20100423095639792.jpg', 'image/pjpeg', 103814, 'jpg', '', '', '', 1, 0, 0, 999, 0, 1271987799, '219.135.161.32', 1, 0, 1),
(699, 'shop', 0, 280107, 0, 166, 'thumb_file', '2.jpg', '2010/0423/20100423100212264.jpg', 'image/pjpeg', 95107, 'jpg', '英姿跆拳道俱乐部', '', '', 1, 0, 0, 999, 0, 1271988132, '219.135.161.32', 1, 0, 1),
(700, 'dearcms', 0, 0, 0, 0, 'thumb_thumb_file', '未标题-1.jpg', '2010/0423/20100423100212695.jpg', 'image/pjpeg', 19576, 'jpg', '', '', '', 1, 0, 0, 999, 0, 1271988132, '219.135.161.32', 0, 0, 0),
(701, 'shop', 0, 280107, 0, 166, 'uploadfile', '2.jpg', '2010/0423/20100423100226848.jpg', 'image/pjpeg', 95107, 'jpg', '', '', '', 1, 0, 0, 999, 0, 1271988146, '219.135.161.32', 1, 0, 1),
(702, '', 0, 0, 0, 0, 'uploadfile', 'henter.jpg', '2010/0424/20100424105242650.jpg', 'image/pjpeg', 2411, 'jpg', '', '', '', 1, 0, 0, 999, 0, 1272077562, '219.136.142.69', 0, 0, 0),
(703, 'shop', 0, 280104, 0, 167, 'uploadfile', '1.gif', '2010/0424/20100424125509397.gif', 'image/gif', 41772, 'gif', '', '', '', 1, 0, 0, 999, 0, 1272084909, '219.136.142.69', 1, 0, 1),
(704, 'shop', 0, 280104, 0, 167, 'uploadfile', '2.gif', '2010/0424/20100424125515446.gif', 'image/gif', 36676, 'gif', '', '', '', 1, 0, 0, 999, 0, 1272084915, '219.136.142.69', 1, 0, 1),
(705, 'shop', 0, 280104, 0, 167, 'uploadfile', '3.gif', '2010/0424/20100424125523587.gif', 'image/gif', 52196, 'gif', '', '', '', 1, 0, 0, 999, 0, 1272084923, '219.136.142.69', 1, 0, 1),
(706, 'shop', 0, 280104, 0, 167, 'uploadfile', '4.gif', '2010/0424/20100424125530856.gif', 'image/gif', 36337, 'gif', '', '', '', 1, 0, 0, 999, 0, 1272084930, '219.136.142.69', 1, 0, 1),
(707, 'shop', 0, 280104, 0, 167, 'uploadfile', '5.gif', '2010/0424/20100424125539394.gif', 'image/gif', 33081, 'gif', '', '', '', 1, 0, 0, 999, 0, 1272084939, '219.136.142.69', 1, 0, 1),
(708, 'dearcms', 0, 0, 0, 0, 'thumb_thumb_file', '未标题-1.jpg', '2010/0424/20100424125741343.jpg', 'image/pjpeg', 20242, 'jpg', '', '', '', 1, 0, 0, 999, 0, 1272085061, '219.136.142.69', 0, 0, 0),
(709, 'dearcms', 0, 0, 0, 0, 'thumb_thumb_file', '未标题-1.jpg', '2010/0424/20100424024405454.jpg', 'image/pjpeg', 21386, 'jpg', '', '', '', 1, 0, 0, 999, 0, 1272091445, '219.136.142.69', 0, 0, 0),
(710, '', 0, 0, 0, 0, 'uploadfile', '2.gif', '2010/0424/20100424024419157.gif', 'image/gif', 45686, 'gif', '', '', '', 1, 0, 0, 999, 0, 1272091459, '219.136.142.69', 0, 0, 0),
(711, '', 0, 0, 0, 0, 'uploadfile', '3.gif', '2010/0424/20100424024427532.gif', 'image/gif', 53767, 'gif', '', '', '', 1, 0, 0, 999, 0, 1272091467, '219.136.142.69', 0, 0, 0),
(712, '', 0, 0, 0, 0, 'uploadfile', '4.gif', '2010/0424/20100424024431174.gif', 'image/gif', 42809, 'gif', '', '', '', 1, 0, 0, 999, 0, 1272091471, '219.136.142.69', 0, 0, 0),
(713, '', 0, 0, 0, 0, 'uploadfile', '5.gif', '2010/0424/20100424024435397.gif', 'image/gif', 39191, 'gif', '', '', '', 1, 0, 0, 999, 0, 1272091475, '219.136.142.69', 0, 0, 0),
(714, 'shop', 0, 280102, 0, 168, 'uploadfile', '2.gif', '2010/0424/20100424024504327.gif', 'image/gif', 45686, 'gif', '', '', '', 1, 0, 0, 999, 0, 1272091504, '219.136.142.69', 1, 0, 1),
(715, 'shop', 0, 280102, 0, 168, 'uploadfile', '3.gif', '2010/0424/20100424024509197.gif', 'image/gif', 53767, 'gif', '', '', '', 1, 0, 0, 999, 0, 1272091509, '219.136.142.69', 1, 0, 1),
(716, 'shop', 0, 280102, 0, 168, 'uploadfile', '4.gif', '2010/0424/20100424024514957.gif', 'image/gif', 42809, 'gif', '', '', '', 1, 0, 0, 999, 0, 1272091514, '219.136.142.69', 1, 0, 1),
(717, 'shop', 0, 280102, 0, 168, 'uploadfile', '5.gif', '2010/0424/20100424024520343.gif', 'image/gif', 39191, 'gif', '', '', '', 1, 0, 0, 999, 0, 1272091520, '219.136.142.69', 1, 0, 1),
(718, 'dearcms', 0, 0, 0, 0, 'thumb_thumb_file', '未标题-1.jpg', '2010/0424/20100424025628786.jpg', 'image/pjpeg', 19824, 'jpg', '', '', '', 1, 0, 0, 999, 0, 1272092188, '219.136.142.69', 0, 0, 0),
(719, 'shop', 0, 280107, 0, 169, 'uploadfile', '2.gif', '2010/0424/20100424025656314.gif', 'image/gif', 46467, 'gif', '', '', '', 1, 0, 0, 999, 0, 1272092216, '219.136.142.69', 1, 0, 1),
(720, 'shop', 0, 280107, 0, 169, 'uploadfile', '3.gif', '2010/0424/20100424025701951.gif', 'image/gif', 50865, 'gif', '', '', '', 1, 0, 0, 999, 0, 1272092221, '219.136.142.69', 1, 0, 1),
(721, 'shop', 0, 280107, 0, 169, 'uploadfile', '4.gif', '2010/0424/20100424025710556.gif', 'image/gif', 43059, 'gif', '', '', '', 1, 0, 0, 999, 0, 1272092230, '219.136.142.69', 1, 0, 1),
(722, 'shop', 0, 280107, 0, 169, 'uploadfile', '5.gif', '2010/0424/20100424025717585.gif', 'image/gif', 40216, 'gif', '', '', '', 1, 0, 0, 999, 0, 1272092237, '219.136.142.69', 1, 0, 1),
(723, 'shop', 0, 280108, 0, 170, 'uploadfile', '2.gif', '2010/0424/20100424030108949.gif', 'image/gif', 57667, 'gif', '', '', '', 1, 0, 0, 999, 0, 1272092468, '219.136.142.69', 1, 0, 1),
(724, 'shop', 0, 280108, 0, 170, 'uploadfile', '3.gif', '2010/0424/20100424030115292.gif', 'image/gif', 58341, 'gif', '', '', '', 1, 0, 0, 999, 0, 1272092475, '219.136.142.69', 1, 0, 1),
(725, 'shop', 0, 280108, 0, 170, 'uploadfile', '4.gif', '2010/0424/20100424030123779.gif', 'image/gif', 35624, 'gif', '', '', '', 1, 0, 0, 999, 0, 1272092483, '219.136.142.69', 1, 0, 1),
(726, 'shop', 0, 280108, 0, 170, 'uploadfile', '5.gif', '2010/0424/20100424030128613.gif', 'image/gif', 37386, 'gif', '', '', '', 1, 0, 0, 999, 0, 1272092488, '219.136.142.69', 1, 0, 1),
(727, 'dearcms', 0, 0, 0, 0, 'thumb_thumb_file', '未标题-1.jpg', '2010/0424/20100424030359101.jpg', 'image/pjpeg', 20929, 'jpg', '', '', '', 1, 0, 0, 999, 0, 1272092639, '219.136.142.69', 0, 0, 0),
(728, 'shop', 0, 280105, 0, 171, 'uploadfile', '2.gif', '2010/0424/20100424030756242.gif', 'image/gif', 47416, 'gif', '', '', '', 1, 0, 0, 999, 0, 1272092876, '219.136.142.69', 1, 0, 1),
(729, 'shop', 0, 280105, 0, 171, 'uploadfile', '3.gif', '2010/0424/20100424030802152.gif', 'image/gif', 40996, 'gif', '', '', '', 1, 0, 0, 999, 0, 1272092882, '219.136.142.69', 1, 0, 1),
(730, 'shop', 0, 280105, 0, 171, 'uploadfile', '4.gif', '2010/0424/20100424030806265.gif', 'image/gif', 37721, 'gif', '', '', '', 1, 0, 0, 999, 0, 1272092886, '219.136.142.69', 1, 0, 1),
(731, 'shop', 0, 280105, 0, 171, 'uploadfile', '5.gif', '2010/0424/20100424030820629.gif', 'image/gif', 43747, 'gif', '', '', '', 1, 0, 0, 999, 0, 1272092900, '219.136.142.69', 1, 0, 1),
(732, 'dearcms', 0, 0, 0, 0, 'thumb_thumb_file', '未标题-1.jpg', '2010/0424/20100424030851861.jpg', 'image/pjpeg', 21110, 'jpg', '', '', '', 1, 0, 0, 999, 0, 1272092931, '219.136.142.69', 0, 0, 0),
(733, 'dearcms', 0, 0, 0, 0, 'thumb_thumb_file', '未标题-1.jpg', '2010/0424/20100424031319491.jpg', 'image/pjpeg', 19786, 'jpg', '', '', '', 1, 0, 0, 999, 0, 1272093199, '219.136.142.69', 0, 0, 0),
(734, 'shop', 0, 280107, 0, 172, 'uploadfile', '2.gif', '2010/0424/20100424031331380.gif', 'image/gif', 46264, 'gif', '', '', '', 1, 0, 0, 999, 0, 1272093211, '219.136.142.69', 1, 0, 1),
(735, 'shop', 0, 280107, 0, 172, 'uploadfile', '3.gif', '2010/0424/20100424031340529.gif', 'image/gif', 57850, 'gif', '', '', '', 1, 0, 0, 999, 0, 1272093220, '219.136.142.69', 1, 0, 1),
(736, 'shop', 0, 280107, 0, 172, 'uploadfile', '4.gif', '2010/0424/20100424031345110.gif', 'image/gif', 37350, 'gif', '', '', '', 1, 0, 0, 999, 0, 1272093225, '219.136.142.69', 1, 0, 1),
(737, 'shop', 0, 280107, 0, 172, 'uploadfile', '5.gif', '2010/0424/20100424031351716.gif', 'image/gif', 39907, 'gif', '', '', '', 1, 0, 0, 999, 0, 1272093231, '219.136.142.69', 1, 0, 1),
(738, '', 0, 0, 0, 0, 'uploadfile', '1.gif', '2010/0424/20100424031859866.gif', 'image/gif', 25943, 'gif', '', '', '', 1, 0, 0, 999, 0, 1272093539, '219.136.142.69', 0, 0, 0),
(739, '', 0, 0, 0, 0, 'uploadfile', '2.gif', '2010/0424/20100424032008702.gif', 'image/gif', 33210, 'gif', '', '', '', 1, 0, 0, 999, 0, 1272093608, '219.136.142.69', 0, 0, 0),
(740, '', 0, 0, 0, 0, 'uploadfile', '1.gif', '2010/0424/20100424032433765.gif', 'image/gif', 25943, 'gif', '', '', '', 1, 0, 0, 999, 0, 1272093873, '219.136.142.69', 0, 0, 0),
(741, '', 0, 0, 0, 0, 'uploadfile', '2.gif', '2010/0424/20100424032439364.gif', 'image/gif', 33210, 'gif', '', '', '', 1, 0, 0, 999, 0, 1272093879, '219.136.142.69', 0, 0, 0),
(742, '', 0, 0, 0, 0, 'uploadfile', '未标题-2.gif', '2010/0424/20100424040137800.gif', 'image/gif', 34934, 'gif', '', '', '', 1, 0, 0, 999, 0, 1272096097, '219.136.142.69', 0, 0, 0),
(743, '', 0, 0, 0, 0, 'uploadfile', '未标题-2.gif', '2010/0424/20100424040852456.gif', 'image/gif', 34934, 'gif', '', '', '', 1, 0, 0, 999, 0, 1272096532, '219.136.137.47', 0, 0, 0),
(744, '', 0, 0, 0, 0, 'uploadfile', '04.gif', '2010/0424/20100424041038769.gif', 'image/gif', 6379, 'gif', '', '', '', 1, 0, 0, 999, 0, 1272096638, '219.136.137.47', 0, 0, 0),
(745, '', 0, 0, 0, 0, 'uploadfile', '05.gif', '2010/0424/20100424041121929.gif', 'image/gif', 5939, 'gif', '', '', '', 1, 0, 0, 999, 0, 1272096681, '219.136.137.47', 0, 0, 0),
(746, '', 0, 0, 0, 0, 'uploadfile', '06.gif', '2010/0424/20100424041226816.gif', 'image/gif', 6207, 'gif', '', '', '', 1, 0, 0, 999, 0, 1272096746, '219.136.137.47', 0, 0, 0),
(747, '', 0, 0, 0, 0, 'uploadfile', '未标题-2.gif', '2010/0424/20100424041530725.gif', 'image/gif', 34934, 'gif', '', '', '', 1, 0, 0, 999, 0, 1272096930, '219.136.137.47', 0, 0, 0),
(748, '', 0, 0, 0, 0, 'uploadfile', '04.gif', '2010/0424/20100424041613957.gif', 'image/gif', 6379, 'gif', '', '', '', 1, 0, 0, 999, 0, 1272096973, '219.136.137.47', 0, 0, 0),
(749, '', 0, 0, 0, 0, 'uploadfile', '05.gif', '2010/0424/20100424041705510.gif', 'image/gif', 5939, 'gif', '', '', '', 1, 0, 0, 999, 0, 1272097025, '219.136.137.47', 0, 0, 0),
(750, '', 0, 0, 0, 0, 'uploadfile', '01.gif', '2010/0424/20100424044051121.gif', 'image/gif', 5375, 'gif', '', '', '', 1, 0, 0, 999, 0, 1272098451, '219.136.137.47', 0, 0, 0),
(751, '', 0, 0, 0, 0, 'uploadfile', '03.gif', '2010/0424/20100424044146507.gif', 'image/gif', 7964, 'gif', '', '', '', 1, 0, 0, 999, 0, 1272098506, '219.136.137.47', 0, 0, 0),
(752, '', 0, 0, 0, 0, 'uploadfile', '06.gif', '2010/0424/20100424044300946.gif', 'image/gif', 6207, 'gif', '', '', '', 1, 0, 0, 999, 0, 1272098580, '219.136.137.47', 0, 0, 0),
(753, '', 0, 0, 0, 0, 'uploadfile', '07.gif', '2010/0424/20100424044336260.gif', 'image/gif', 7114, 'gif', '', '', '', 1, 0, 0, 999, 0, 1272098616, '219.136.137.47', 0, 0, 0),
(754, '', 0, 0, 0, 0, 'uploadfile', '02.gif', '2010/0424/20100424044512464.gif', 'image/gif', 6008, 'gif', '', '', '', 1, 0, 0, 999, 0, 1272098712, '219.136.137.47', 0, 0, 0),
(755, '', 0, 0, 0, 0, 'uploadfile', '08.gif', '2010/0424/20100424044542432.gif', 'image/gif', 7696, 'gif', '', '', '', 1, 0, 0, 999, 0, 1272098742, '219.136.137.47', 0, 0, 0),
(756, '', 0, 0, 0, 0, 'uploadfile', '09.gif', '2010/0424/20100424044612486.gif', 'image/gif', 7078, 'gif', '', '', '', 1, 0, 0, 999, 0, 1272098772, '219.136.137.47', 0, 0, 0),
(757, '', 0, 0, 0, 0, 'uploadfile', '未标题-2.gif', '2010/0424/20100424044926593.gif', 'image/gif', 34934, 'gif', '', '', '', 1, 0, 0, 999, 0, 1272098966, '219.136.137.47', 0, 0, 0),
(758, 'dearcms', 0, 0, 0, 0, 'thumb_thumb_file', '未命名.jpg', '2010/0424/20100424053119257.jpg', 'image/pjpeg', 19698, 'jpg', '', '', '', 1, 0, 0, 999, 0, 1272101479, '219.136.137.47', 0, 0, 0),
(759, '', 0, 0, 0, 0, 'uploadfile', 'x.PNG', '2010/0424/20100424055625825.png', 'image/x-png', 12320, 'png', '', '', '', 1, 0, 0, 999, 0, 1272102985, '219.136.137.47', 0, 0, 0),
(760, '', 0, 0, 0, 0, 'uploadfile', '1.gif', '2010/0425/20100425093213532.gif', 'image/gif', 5375, 'gif', '', '', '', 1, 0, 0, 999, 0, 1272159133, '202.105.78.96', 0, 0, 0),
(761, '', 0, 0, 0, 0, 'uploadfile', '2.gif', '2010/0425/20100425093230235.gif', 'image/gif', 6008, 'gif', '', '', '', 1, 0, 0, 999, 0, 1272159150, '202.105.78.96', 0, 0, 0),
(762, '', 0, 0, 0, 0, 'uploadfile', '3.gif', '2010/0425/20100425093313653.gif', 'image/gif', 5939, 'gif', '', '', '', 1, 0, 0, 999, 0, 1272159193, '202.105.78.96', 0, 0, 0),
(763, '', 0, 0, 0, 0, 'uploadfile', '4.gif', '2010/0425/20100425093324678.gif', 'image/gif', 7964, 'gif', '', '', '', 1, 0, 0, 999, 0, 1272159204, '202.105.78.96', 0, 0, 0),
(764, '', 0, 0, 0, 0, 'uploadfile', '5.gif', '2010/0425/20100425093343863.gif', 'image/gif', 6207, 'gif', '', '', '', 1, 0, 0, 999, 0, 1272159223, '202.105.78.96', 0, 0, 0),
(765, '', 0, 0, 0, 0, 'uploadfile', '6.gif', '2010/0425/20100425093405110.gif', 'image/gif', 6379, 'gif', '', '', '', 1, 0, 0, 999, 0, 1272159245, '202.105.78.96', 0, 0, 0),
(766, '', 0, 0, 0, 0, 'uploadfile', '7.gif', '2010/0425/20100425093456799.gif', 'image/gif', 7114, 'gif', '', '', '', 1, 0, 0, 999, 0, 1272159296, '202.105.78.96', 0, 0, 0),
(767, '', 0, 0, 0, 0, 'uploadfile', '8.gif', '2010/0425/20100425093522515.gif', 'image/gif', 7696, 'gif', '', '', '', 1, 0, 0, 999, 0, 1272159322, '202.105.78.96', 0, 0, 0),
(768, '', 0, 0, 0, 0, 'uploadfile', '9.gif', '2010/0425/20100425093535658.gif', 'image/gif', 7078, 'gif', '', '', '', 1, 0, 0, 999, 0, 1272159335, '202.105.78.96', 0, 0, 0),
(769, '', 0, 0, 0, 0, 'uploadfile', 'x.PNG', '2010/0426/20100426091922518.png', 'image/x-png', 12320, 'png', '', '', '', 1, 0, 0, 999, 0, 1272244762, '219.136.140.152', 0, 0, 0),
(770, '', 0, 0, 0, 0, 'uploadfile', 'x.PNG', '2010/0426/20100426092143670.png', 'image/x-png', 12320, 'png', '', '', '', 1, 0, 0, 999, 0, 1272244903, '219.136.140.152', 0, 0, 0),
(771, 'shop', 0, 280104, 0, 173, 'uploadfile', '标准城市景客房.jpg', '2010/0426/20100426094116312.jpg', 'image/pjpeg', 369887, 'jpg', '标准城市景客房', '', '', 1, 0, 0, 999, 0, 1272246076, '219.136.140.152', 1, 0, 1),
(772, 'shop', 0, 280104, 0, 173, 'uploadfile', '大堂.jpg', '2010/0426/20100426094142784.jpg', 'image/pjpeg', 29877, 'jpg', '大堂', '', '', 1, 0, 0, 999, 0, 1272246102, '219.136.140.152', 1, 0, 1),
(773, 'shop', 0, 280104, 0, 173, 'uploadfile', '高级广场景客房.jpg', '2010/0426/20100426094156832.jpg', 'image/pjpeg', 263401, 'jpg', '高级广场景客房', '', '', 1, 0, 0, 999, 0, 1272246116, '219.136.140.152', 1, 0, 1),
(774, 'shop', 0, 280104, 0, 173, 'uploadfile', '豪华广场景客房.jpg', '2010/0426/20100426094207448.jpg', 'image/pjpeg', 269547, 'jpg', '豪华广场景客房', '', '', 1, 0, 0, 999, 0, 1272246127, '219.136.140.152', 1, 0, 1),
(775, 'shop', 0, 280104, 0, 173, 'uploadfile', '豪华套房.jpg', '2010/0426/20100426094218298.jpg', 'image/pjpeg', 283948, 'jpg', '豪华套房', '', '', 1, 0, 0, 999, 0, 1272246138, '219.136.140.152', 1, 0, 1),
(776, 'shop', 0, 280104, 0, 173, 'uploadfile', '商务套房.jpg', '2010/0426/20100426094246702.jpg', 'image/pjpeg', 397083, 'jpg', '商务套房', '', '', 1, 0, 0, 999, 0, 1272246166, '219.136.140.152', 1, 0, 1),
(777, 'shop', 0, 280104, 0, 173, 'uploadfile', '行政标准城市景客房.jpg', '2010/0426/20100426094253881.jpg', 'image/pjpeg', 23851, 'jpg', '行政标准城市景客房', '', '', 1, 0, 0, 999, 0, 1272246173, '219.136.140.152', 1, 0, 1),
(778, 'shop', 0, 280104, 0, 173, 'uploadfile', '行政高级广场景客房.jpg', '2010/0426/20100426094301588.jpg', 'image/pjpeg', 22724, 'jpg', '行政高级广场景客房', '', '', 1, 0, 0, 999, 0, 1272246181, '219.136.140.152', 1, 0, 1),
(779, 'shop', 0, 280104, 0, 173, 'uploadfile', '行政商务套房.jpg', '2010/0426/20100426094321369.jpg', 'image/pjpeg', 397083, 'jpg', '行政商务套房', '', '', 1, 0, 0, 999, 0, 1272246201, '219.136.140.152', 1, 0, 1),
(780, 'shop', 0, 280104, 0, 173, 'uploadfile', '主席套房.jpg', '2010/0426/20100426094339433.jpg', 'image/pjpeg', 399679, 'jpg', '主席套房', '', '', 1, 0, 0, 999, 0, 1272246219, '219.136.140.152', 1, 0, 1),
(781, 'dearcms', 0, 0, 0, 0, 'thumb_thumb_file', '未标题-1.jpg', '2010/0426/20100426094526492.jpg', 'image/pjpeg', 17422, 'jpg', '', '', '', 1, 0, 0, 999, 0, 1272246326, '219.136.140.152', 0, 0, 0),
(782, 'shop', 0, 280104, 0, 174, 'thumb_file', '外观.jpg', '2010/0426/20100426101903382.jpg', 'image/pjpeg', 25423, 'jpg', '天河大厦', '', '', 1, 0, 0, 999, 0, 1272248343, '219.136.140.152', 1, 0, 1);
INSERT INTO `dc_attachment` (`aid`, `module`, `catcode`, `areacode`, `contentid`, `shopid`, `field`, `filename`, `filepath`, `filetype`, `filesize`, `fileext`, `title`, `description`, `tags`, `isimage`, `isthumb`, `downloads`, `listorder`, `userid`, `uploadtime`, `uploadip`, `type`, `hits`, `status`) VALUES
(783, 'shop', 0, 280104, 0, 174, 'uploadfile', '1.jpg', '2010/0426/20100426102010881.jpg', 'image/pjpeg', 58721, 'jpg', '', '', '', 1, 0, 0, 999, 0, 1272248410, '219.136.140.152', 1, 0, 1),
(784, 'shop', 0, 280104, 0, 174, 'uploadfile', '2.jpg', '2010/0426/20100426102016122.jpg', 'image/pjpeg', 67505, 'jpg', '', '', '', 1, 0, 0, 999, 0, 1272248416, '219.136.140.152', 1, 0, 1),
(785, 'shop', 0, 280104, 0, 175, 'thumb_file', '外观.jpg', '2010/0426/20100426103720479.jpg', 'image/pjpeg', 18029, 'jpg', '华厦国际商务酒店', '', '', 1, 0, 0, 999, 0, 1272249440, '219.136.140.152', 1, 0, 1),
(786, 'dearcms', 0, 0, 0, 0, 'thumb_thumb_file', '未标题-1.jpg', '2010/0426/20100426103846734.jpg', 'image/pjpeg', 20806, 'jpg', '', '', '', 1, 0, 0, 999, 0, 1272249526, '219.136.140.152', 0, 0, 0),
(787, 'shop', 0, 280104, 0, 176, 'thumb_file', '外观.jpg', '2010/0426/20100426110304486.jpg', 'image/pjpeg', 30940, 'jpg', '大舜晶华酒店', '', '', 1, 0, 0, 999, 0, 1272250984, '219.136.140.152', 1, 0, 1),
(788, 'shop', 0, 280104, 0, 176, 'thumb_file', '大堂.jpg', '2010/0426/20100426110842297.jpg', 'image/pjpeg', 26001, 'jpg', '大舜晶华酒店', '', '', 1, 0, 0, 999, 0, 1272251322, '219.136.140.152', 1, 0, 1),
(789, 'shop', 0, 280104, 0, 176, 'uploadfile', '爱自己养身会所.jpg', '2010/0426/20100426111540490.jpg', 'image/pjpeg', 79795, 'jpg', '爱自己养身会所', '', '', 1, 0, 0, 999, 0, 1272251740, '219.136.140.152', 1, 0, 1),
(790, 'shop', 0, 280104, 0, 176, 'uploadfile', '高级大床房.jpg', '2010/0426/20100426111553318.jpg', 'image/pjpeg', 229044, 'jpg', '高级大床房', '', '', 1, 0, 0, 999, 0, 1272251753, '219.136.140.152', 1, 0, 1),
(791, 'shop', 0, 280104, 0, 176, 'uploadfile', '高级双床房.jpg', '2010/0426/20100426111600514.jpg', 'image/pjpeg', 89679, 'jpg', '高级双床房', '', '', 1, 0, 0, 999, 0, 1272251760, '219.136.140.152', 1, 0, 1),
(792, 'shop', 0, 280104, 0, 176, 'uploadfile', '华贵套房.jpg', '2010/0426/20100426111612879.jpg', 'image/pjpeg', 233123, 'jpg', '华贵套房', '', '', 1, 0, 0, 999, 0, 1272251772, '219.136.140.152', 1, 0, 1),
(793, 'shop', 0, 280104, 0, 176, 'uploadfile', '会议.jpg', '2010/0426/20100426111658622.jpg', 'image/pjpeg', 112746, 'jpg', '会议', '', '', 1, 0, 0, 999, 0, 1272251818, '219.136.140.152', 1, 0, 1),
(794, 'shop', 0, 280104, 0, 176, 'uploadfile', '健身房.jpg', '2010/0426/20100426111705140.jpg', 'image/pjpeg', 64704, 'jpg', '健身房', '', '', 1, 0, 0, 999, 0, 1272251825, '219.136.140.152', 1, 0, 1),
(795, 'shop', 0, 280104, 0, 176, 'uploadfile', '沐足.jpg', '2010/0426/20100426111717994.jpg', 'image/pjpeg', 86750, 'jpg', '沐足', '', '', 1, 0, 0, 999, 0, 1272251837, '219.136.140.152', 1, 0, 1),
(796, 'shop', 0, 280104, 0, 176, 'uploadfile', '商务客房.jpg', '2010/0426/20100426111730740.jpg', 'image/pjpeg', 215698, 'jpg', '商务客房', '', '', 1, 0, 0, 999, 0, 1272251850, '219.136.140.152', 1, 0, 1),
(797, 'shop', 0, 280104, 0, 176, 'uploadfile', '商务套房.jpg', '2010/0426/20100426111737607.jpg', 'image/pjpeg', 78385, 'jpg', '商务套房', '', '', 1, 0, 0, 999, 0, 1272251857, '219.136.140.152', 1, 0, 1),
(798, 'shop', 0, 280104, 0, 176, 'uploadfile', '特价房.jpg', '2010/0426/20100426111751806.jpg', 'image/pjpeg', 89679, 'jpg', '特价房', '', '', 1, 0, 0, 999, 0, 1272251871, '219.136.140.152', 1, 0, 1),
(799, 'shop', 0, 280104, 0, 176, 'uploadfile', '逸鑫棋牌.jpg', '2010/0426/20100426111758216.jpg', 'image/pjpeg', 75359, 'jpg', '逸鑫棋牌', '', '', 1, 0, 0, 999, 0, 1272251878, '219.136.140.152', 1, 0, 1),
(800, 'shop', 0, 280104, 0, 176, 'uploadfile', '西餐厅.jpg', '2010/0426/20100426111817564.jpg', 'image/pjpeg', 92932, 'jpg', '', '', '', 1, 0, 0, 999, 0, 1272251897, '219.136.140.152', 1, 0, 1),
(801, 'shop', 0, 280104, 0, 176, 'uploadfile', '湘州源中餐厅.jpg', '2010/0426/20100426111824384.jpg', 'image/pjpeg', 76940, 'jpg', '湘州源中餐厅', '', '', 1, 0, 0, 999, 0, 1272251904, '219.136.140.152', 1, 0, 1),
(802, 'shop', 0, 280104, 0, 176, 'thumb_file', '外观.jpg', '2010/0426/20100426111857235.jpg', 'image/pjpeg', 30940, 'jpg', '大舜晶华酒店', '', '', 1, 0, 0, 999, 0, 1272251937, '219.136.140.152', 1, 0, 1),
(803, '', 0, 0, 0, 0, 'uploadfile', 'middle_ad.png', '2010/0426/20100426113942912.png', 'image/x-png', 96261, 'png', '', '', '', 1, 0, 0, 999, 0, 1272253182, '219.136.140.152', 0, 0, 0),
(804, '', 0, 0, 0, 0, 'uploadfile', 'middle_ad.png', '2010/0426/20100426114114169.png', 'image/x-png', 96261, 'png', '', '', '', 1, 0, 0, 999, 0, 1272253274, '219.136.140.152', 0, 0, 0),
(805, 'dearcms', 0, 0, 0, 0, 'thumb_thumb_file', '1.jpg', '2010/0426/20100426024038204.jpg', 'image/pjpeg', 18530, 'jpg', '', '', '', 1, 0, 0, 999, 0, 1272264038, '219.136.180.96', 0, 0, 0),
(806, 'dearcms', 0, 0, 0, 0, 'thumb_thumb_file', '1.jpg', '2010/0426/20100426024056993.jpg', 'image/pjpeg', 18530, 'jpg', '', '', '', 1, 0, 0, 999, 0, 1272264056, '219.136.180.96', 0, 0, 0),
(807, 'dearcms', 0, 0, 0, 0, 'thumb_thumb_file', '1.jpg', '2010/0426/20100426024122251.jpg', 'image/pjpeg', 18530, 'jpg', '', '', '', 1, 0, 0, 999, 0, 1272264082, '219.136.180.96', 0, 0, 0),
(808, 'dearcms', 0, 0, 0, 0, 'thumb_thumb_file', '1.jpg', '2010/0426/20100426024138906.jpg', 'image/pjpeg', 18530, 'jpg', '', '', '', 1, 0, 0, 999, 0, 1272264098, '219.136.180.96', 0, 0, 0),
(809, 'dearcms', 0, 0, 0, 0, 'thumb_thumb_file', '1.jpg', '2010/0426/20100426024152788.jpg', 'image/pjpeg', 18530, 'jpg', '', '', '', 1, 0, 0, 999, 0, 1272264112, '219.136.180.96', 0, 0, 0),
(810, 'dearcms', 0, 0, 0, 0, 'thumb_thumb_file', '1.jpg', '2010/0426/20100426024205550.jpg', 'image/pjpeg', 18530, 'jpg', '', '', '', 1, 0, 0, 999, 0, 1272264125, '219.136.180.96', 0, 0, 0),
(811, 'dearcms', 0, 0, 0, 0, 'thumb_thumb_file', '1.jpg', '2010/0426/20100426024223164.jpg', 'image/pjpeg', 18530, 'jpg', '', '', '', 1, 0, 0, 999, 0, 1272264143, '219.136.180.96', 0, 0, 0),
(812, 'dearcms', 0, 0, 0, 0, 'thumb_thumb_file', '1.jpg', '2010/0426/20100426024238477.jpg', 'image/pjpeg', 18530, 'jpg', '', '', '', 1, 0, 0, 999, 0, 1272264158, '219.136.180.96', 0, 0, 0),
(813, 'shop', 0, 280110, 0, 131, 'uploadfile', '3.jpg', '2010/0426/20100426024350693.jpg', 'image/pjpeg', 29341, 'jpg', '', '', '', 1, 0, 0, 999, 0, 1272264230, '219.136.180.96', 1, 0, 1),
(814, 'shop', 0, 280110, 0, 131, 'uploadfile', '4349_2.jpg', '2010/0426/20100426024357779.jpg', 'image/pjpeg', 84517, 'jpg', '', '', '', 1, 0, 0, 999, 0, 1272264237, '219.136.180.96', 1, 0, 1),
(815, 'shop', 0, 280110, 0, 131, 'uploadfile', '200581371918_2.jpg', '2010/0426/20100426024403335.jpg', 'image/pjpeg', 101302, 'jpg', '', '', '', 1, 0, 0, 999, 0, 1272264243, '219.136.180.96', 1, 0, 1),
(816, 'shop', 0, 280110, 0, 131, 'uploadfile', '20094617300283.gif', '2010/0426/20100426024413301.gif', 'image/gif', 96114, 'gif', '', '', '', 1, 0, 0, 999, 0, 1272264253, '219.136.180.96', 1, 0, 1),
(817, 'shop', 0, 280110, 0, 131, 'uploadfile', '2008712134556777.jpg', '2010/0426/20100426024422154.jpg', 'image/pjpeg', 29719, 'jpg', '', '', '', 1, 0, 0, 999, 0, 1272264262, '219.136.180.96', 1, 0, 1),
(818, 'shop', 0, 280110, 0, 131, 'uploadfile', '2008731101239961.gif', '2010/0426/20100426024450749.gif', 'image/gif', 130301, 'gif', '', '', '', 1, 0, 0, 999, 0, 1272264290, '219.136.180.96', 1, 0, 1),
(819, 'shop', 0, 280110, 0, 131, 'uploadfile', '200951610315773850.jpg', '2010/0426/20100426024502409.jpg', 'image/pjpeg', 101226, 'jpg', '', '', '', 1, 0, 0, 999, 0, 1272264302, '219.136.180.96', 1, 0, 1),
(820, 'shop', 0, 280107, 0, 130, 'uploadfile', '2.jpg', '2010/0426/20100426024631461.jpg', 'image/pjpeg', 29341, 'jpg', '', '', '', 1, 0, 0, 999, 0, 1272264391, '219.136.180.96', 1, 0, 1),
(821, 'shop', 0, 280107, 0, 130, 'uploadfile', '3.jpg', '2010/0426/20100426024637392.jpg', 'image/pjpeg', 84517, 'jpg', '', '', '', 1, 0, 0, 999, 0, 1272264397, '219.136.180.96', 1, 0, 1),
(822, 'shop', 0, 280107, 0, 130, 'uploadfile', '5.gif', '2010/0426/20100426024644318.gif', 'image/gif', 96114, 'gif', '', '', '', 1, 0, 0, 999, 0, 1272264404, '219.136.180.96', 1, 0, 1),
(823, '', 0, 0, 0, 0, 'uploadfile', '5.gif', '2010/0426/20100426024654216.gif', 'image/gif', 96114, 'gif', '', '', '', 1, 0, 0, 999, 0, 1272264414, '219.136.180.96', 0, 0, 0),
(824, 'shop', 0, 280107, 0, 130, 'uploadfile', '6.jpg', '2010/0426/20100426024701557.jpg', 'image/pjpeg', 29719, 'jpg', '', '', '', 1, 0, 0, 999, 0, 1272264421, '219.136.180.96', 1, 0, 1),
(825, 'shop', 0, 280107, 0, 130, 'uploadfile', '7.jpg', '2010/0426/20100426024710231.jpg', 'image/pjpeg', 101226, 'jpg', '', '', '', 1, 0, 0, 999, 0, 1272264430, '219.136.180.96', 1, 0, 1),
(826, 'shop', 0, 280105, 0, 129, 'uploadfile', '2.jpg', '2010/0426/20100426024749183.jpg', 'image/pjpeg', 29341, 'jpg', '', '', '', 1, 0, 0, 999, 0, 1272264469, '219.136.180.96', 1, 0, 1),
(827, 'shop', 0, 280105, 0, 129, 'uploadfile', '3.jpg', '2010/0426/20100426024756169.jpg', 'image/pjpeg', 84517, 'jpg', '', '', '', 1, 0, 0, 999, 0, 1272264476, '219.136.180.96', 1, 0, 1),
(828, 'shop', 0, 280105, 0, 129, 'uploadfile', '5.gif', '2010/0426/20100426024804144.gif', 'image/gif', 96114, 'gif', '', '', '', 1, 0, 0, 999, 0, 1272264484, '219.136.180.96', 1, 0, 1),
(829, 'shop', 0, 280105, 0, 129, 'uploadfile', '6.jpg', '2010/0426/20100426024808416.jpg', 'image/pjpeg', 29719, 'jpg', '', '', '', 1, 0, 0, 999, 0, 1272264488, '219.136.180.96', 1, 0, 1),
(830, 'shop', 0, 280105, 0, 129, 'uploadfile', '7.jpg', '2010/0426/20100426024815452.jpg', 'image/pjpeg', 101226, 'jpg', '', '', '', 1, 0, 0, 999, 0, 1272264495, '219.136.180.96', 1, 0, 1),
(831, 'shop', 0, 280104, 0, 124, 'uploadfile', '2.jpg', '2010/0426/20100426024832973.jpg', 'image/pjpeg', 29341, 'jpg', '', '', '', 1, 0, 0, 999, 0, 1272264512, '219.136.180.96', 1, 0, 1),
(832, 'shop', 0, 280104, 0, 124, 'uploadfile', '3.jpg', '2010/0426/20100426024841138.jpg', 'image/pjpeg', 84517, 'jpg', '', '', '', 1, 0, 0, 999, 0, 1272264521, '219.136.180.96', 1, 0, 1),
(833, 'shop', 0, 280104, 0, 124, 'uploadfile', '5.gif', '2010/0426/20100426024850661.gif', 'image/gif', 96114, 'gif', '', '', '', 1, 0, 0, 999, 0, 1272264530, '219.136.180.96', 1, 0, 1),
(834, 'shop', 0, 280104, 0, 124, 'uploadfile', '6.jpg', '2010/0426/20100426024901861.jpg', 'image/pjpeg', 29719, 'jpg', '', '', '', 1, 0, 0, 999, 0, 1272264541, '219.136.180.96', 1, 0, 1),
(835, 'shop', 0, 280104, 0, 124, 'uploadfile', '7.jpg', '2010/0426/20100426024908369.jpg', 'image/pjpeg', 101226, 'jpg', '', '', '', 1, 0, 0, 999, 0, 1272264548, '219.136.180.96', 1, 0, 1),
(836, 'shop', 0, 280104, 0, 125, 'uploadfile', '2.jpg', '2010/0426/20100426025121410.jpg', 'image/pjpeg', 29341, 'jpg', '', '', '', 1, 0, 0, 999, 0, 1272264681, '219.136.180.96', 1, 0, 1),
(837, 'shop', 0, 280104, 0, 125, 'uploadfile', '3.jpg', '2010/0426/20100426025128893.jpg', 'image/pjpeg', 84517, 'jpg', '', '', '', 1, 0, 0, 999, 0, 1272264688, '219.136.180.96', 1, 0, 1),
(838, 'shop', 0, 280104, 0, 125, 'uploadfile', '5.gif', '2010/0426/20100426025133788.gif', 'image/gif', 96114, 'gif', '', '', '', 1, 0, 0, 999, 0, 1272264693, '219.136.180.96', 1, 0, 1),
(839, 'shop', 0, 280104, 0, 125, 'uploadfile', '6.jpg', '2010/0426/20100426025139700.jpg', 'image/pjpeg', 29719, 'jpg', '', '', '', 1, 0, 0, 999, 0, 1272264699, '219.136.180.96', 1, 0, 1),
(840, 'shop', 0, 280104, 0, 125, 'uploadfile', '7.jpg', '2010/0426/20100426025147501.jpg', 'image/pjpeg', 101226, 'jpg', '', '', '', 1, 0, 0, 999, 0, 1272264707, '219.136.180.96', 1, 0, 1),
(846, 'shop', 0, 280104, 0, 126, 'uploadfile', '4.gif', '2010/0426/20100426025418180.gif', 'image/gif', 96114, 'gif', '', '', '', 1, 0, 0, 999, 0, 1272264858, '219.136.180.96', 1, 0, 1),
(842, 'shop', 0, 280104, 0, 126, 'uploadfile', '2.jpg', '2010/0426/20100426025220977.jpg', 'image/pjpeg', 29341, 'jpg', '', '', '', 1, 0, 0, 999, 0, 1272264740, '219.136.180.96', 1, 0, 1),
(843, 'shop', 0, 280104, 0, 126, 'uploadfile', '3.jpg', '2010/0426/20100426025226635.jpg', 'image/pjpeg', 84517, 'jpg', '', '', '', 1, 0, 0, 999, 0, 1272264746, '219.136.180.96', 1, 0, 1),
(844, 'shop', 0, 280104, 0, 126, 'uploadfile', '6.jpg', '2010/0426/20100426025233811.jpg', 'image/pjpeg', 29719, 'jpg', '', '', '', 1, 0, 0, 999, 0, 1272264753, '219.136.180.96', 1, 0, 1),
(845, 'shop', 0, 280104, 0, 126, 'uploadfile', '7.jpg', '2010/0426/20100426025242993.jpg', 'image/pjpeg', 101226, 'jpg', '', '', '', 1, 0, 0, 999, 0, 1272264762, '219.136.180.96', 1, 0, 1),
(847, 'shop', 0, 280102, 0, 127, 'uploadfile', '2.jpg', '2010/0426/20100426025443295.jpg', 'image/pjpeg', 84517, 'jpg', '', '', '', 1, 0, 0, 999, 0, 1272264883, '219.136.180.96', 1, 0, 1),
(848, 'shop', 0, 280102, 0, 127, 'uploadfile', '3.jpg', '2010/0426/20100426025448232.jpg', 'image/pjpeg', 29341, 'jpg', '', '', '', 1, 0, 0, 999, 0, 1272264888, '219.136.180.96', 1, 0, 1),
(849, 'shop', 0, 280102, 0, 127, 'uploadfile', '4.gif', '2010/0426/20100426025457670.gif', 'image/gif', 96114, 'gif', '', '', '', 1, 0, 0, 999, 0, 1272264897, '219.136.180.96', 1, 0, 1),
(850, 'shop', 0, 280102, 0, 127, 'uploadfile', '5.jpg', '2010/0426/20100426025502901.jpg', 'image/pjpeg', 29719, 'jpg', '', '', '', 1, 0, 0, 999, 0, 1272264902, '219.136.180.96', 1, 0, 1),
(851, 'shop', 0, 280102, 0, 127, 'uploadfile', '6.jpg', '2010/0426/20100426025509162.jpg', 'image/pjpeg', 101226, 'jpg', '', '', '', 1, 0, 0, 999, 0, 1272264909, '219.136.180.96', 1, 0, 1),
(862, 'shop', 0, 280104, 0, 177, 'uploadfile', '大.jpg', '2010/0427/20100427104534972.jpg', 'image/pjpeg', 112529, 'jpg', '大堂', '', '', 1, 0, 0, 999, 0, 1272336334, '219.136.169.22', 1, 0, 1),
(863, 'shop', 0, 280104, 0, 177, 'uploadfile', '标准双床房.jpg', '2010/0427/20100427104552352.jpg', 'image/pjpeg', 60757, 'jpg', '标准双床房', '', '', 1, 0, 0, 999, 0, 1272336351, '219.136.169.22', 1, 0, 1),
(864, 'shop', 0, 280104, 0, 177, 'uploadfile', '商务双床房.jpg', '2010/0427/20100427104559592.jpg', 'image/pjpeg', 61374, 'jpg', '商务双床房', '', '', 1, 0, 0, 999, 0, 1272336359, '219.136.169.22', 1, 0, 1),
(865, 'shop', 0, 280104, 0, 177, 'uploadfile', '夜景商务大床房.jpg', '2010/0427/20100427104610433.jpg', 'image/pjpeg', 80975, 'jpg', '夜景商务大床房', '', '', 1, 0, 0, 999, 0, 1272336370, '219.136.169.22', 1, 0, 1),
(866, 'shop', 0, 280104, 0, 177, 'uploadfile', '园景商务大床房1.jpg', '2010/0427/20100427104626755.jpg', 'image/pjpeg', 140447, 'jpg', '园景商务大床房1', '', '', 1, 0, 0, 999, 0, 1272336386, '219.136.169.22', 1, 0, 1),
(857, 'shop', 0, 280101, 0, 128, 'uploadfile', '2.jpg', '2010/0426/20100426025727827.jpg', 'image/pjpeg', 84517, 'jpg', '', '', '', 1, 0, 0, 999, 0, 1272265047, '219.136.180.96', 1, 0, 1),
(858, 'shop', 0, 280101, 0, 128, 'uploadfile', '3.jpg', '2010/0426/20100426025732581.jpg', 'image/pjpeg', 29341, 'jpg', '', '', '', 1, 0, 0, 999, 0, 1272265052, '219.136.180.96', 1, 0, 1),
(859, 'shop', 0, 280101, 0, 128, 'uploadfile', '4.gif', '2010/0426/20100426025739869.gif', 'image/gif', 96114, 'gif', '', '', '', 1, 0, 0, 999, 0, 1272265059, '219.136.180.96', 1, 0, 1),
(860, 'shop', 0, 280101, 0, 128, 'uploadfile', '5.jpg', '2010/0426/20100426025743932.jpg', 'image/pjpeg', 29719, 'jpg', '', '', '', 1, 0, 0, 999, 0, 1272265063, '219.136.180.96', 1, 0, 1),
(861, 'shop', 0, 280101, 0, 128, 'uploadfile', '6.jpg', '2010/0426/20100426025750645.jpg', 'image/pjpeg', 101226, 'jpg', '', '', '', 1, 0, 0, 999, 0, 1272265070, '219.136.180.96', 1, 0, 1),
(867, 'shop', 0, 280104, 0, 177, 'uploadfile', '园景商务大床房.jpg', '2010/0427/20100427104811190.jpg', 'image/pjpeg', 137836, 'jpg', '园景商务大床房', '', '', 1, 0, 0, 999, 0, 1272336491, '219.136.169.22', 1, 0, 1),
(868, 'dearcms', 0, 0, 0, 0, 'thumb_thumb_file', '未标题-1.jpg', '2010/0427/20100427105251193.jpg', 'image/pjpeg', 16995, 'jpg', '', '', '', 1, 0, 0, 999, 0, 1272336771, '219.136.169.22', 0, 0, 0),
(869, 'dearcms', 0, 0, 0, 0, 'thumb_thumb_file', '未标题-1.jpg', '2010/0427/20100427105346307.jpg', 'image/pjpeg', 16995, 'jpg', '', '', '', 1, 0, 0, 999, 0, 1272336826, '219.136.169.22', 0, 0, 0),
(870, 'dearcms', 0, 0, 0, 0, 'thumb_thumb_file', '未标题-1.jpg', '2010/0427/20100427105505167.jpg', 'image/pjpeg', 20340, 'jpg', '', '', '', 1, 0, 0, 999, 0, 1272336905, '219.136.169.22', 0, 0, 0),
(871, 'dearcms', 0, 0, 0, 0, 'thumb_thumb_file', '略图.jpg', '2010/0427/20100427110854187.jpg', 'image/pjpeg', 21651, 'jpg', '', '', '', 1, 0, 0, 999, 0, 1272337734, '219.136.169.22', 0, 0, 0),
(874, 'shop', 0, 280104, 0, 179, 'uploadfile', 'longkou_room1.jpg', '2010/0427/20100427112518496.jpg', 'image/pjpeg', 11959, 'jpg', '', '', '', 1, 0, 0, 999, 0, 1272338718, '219.136.169.22', 1, 0, 1),
(873, 'shop', 0, 280104, 0, 179, 'uploadfile', '未标题-5.jpg', '2010/0427/20100427111800281.jpg', 'image/pjpeg', 38086, 'jpg', '', '', '', 1, 0, 0, 999, 0, 1272338280, '219.136.169.22', 1, 0, 1),
(875, 'shop', 0, 280104, 0, 179, 'uploadfile', 'longkou_room2.jpg', '2010/0427/20100427112523958.jpg', 'image/pjpeg', 12927, 'jpg', '', '', '', 1, 0, 0, 999, 0, 1272338723, '219.136.169.22', 1, 0, 1),
(876, 'shop', 0, 280104, 0, 179, 'uploadfile', 'longkou_room3.jpg', '2010/0427/20100427112528328.jpg', 'image/pjpeg', 10529, 'jpg', '', '', '', 1, 0, 0, 999, 0, 1272338728, '219.136.169.22', 1, 0, 1),
(877, 'shop', 0, 280104, 0, 180, 'thumb_file', '未标题-5.jpg', '2010/0427/20100427112853924.jpg', 'image/pjpeg', 38086, 'jpg', '文星连锁酒店', '', '', 1, 0, 0, 999, 0, 1272338933, '219.136.169.22', 1, 0, 1),
(878, 'dearcms', 0, 0, 0, 0, 'thumb_thumb_file', '略图.jpg', '2010/0427/20100427112853829.jpg', 'image/pjpeg', 21651, 'jpg', '', '', '', 1, 0, 0, 999, 0, 1272338933, '219.136.169.22', 0, 0, 0),
(879, 'shop', 0, 280104, 0, 180, 'uploadfile', 'shipai_room1.jpg', '2010/0427/20100427112912530.jpg', 'image/pjpeg', 15233, 'jpg', '', '', '', 1, 0, 0, 999, 0, 1272338952, '219.136.169.22', 1, 0, 1),
(880, 'shop', 0, 280104, 0, 180, 'uploadfile', 'shipai_room2.jpg', '2010/0427/20100427112917739.jpg', 'image/pjpeg', 14956, 'jpg', '', '', '', 1, 0, 0, 999, 0, 1272338957, '219.136.169.22', 1, 0, 1),
(881, 'shop', 0, 280104, 0, 180, 'uploadfile', 'shipai_room3.jpg', '2010/0427/20100427112921666.jpg', 'image/pjpeg', 10053, 'jpg', '', '', '', 1, 0, 0, 999, 0, 1272338961, '219.136.169.22', 1, 0, 1),
(882, 'shop', 0, 280104, 0, 181, 'thumb_file', '未标题-5.jpg', '2010/0427/20100427113815194.jpg', 'image/pjpeg', 38086, 'jpg', '文星连锁酒店', '', '', 1, 0, 0, 999, 0, 1272339495, '219.136.169.22', 1, 0, 1),
(883, 'dearcms', 0, 0, 0, 0, 'thumb_thumb_file', '略图.jpg', '2010/0427/20100427113815432.jpg', 'image/pjpeg', 21651, 'jpg', '', '', '', 1, 0, 0, 999, 0, 1272339495, '219.136.169.22', 0, 0, 0),
(884, 'shop', 0, 280104, 0, 181, 'uploadfile', 'guangzhou_room1.jpg', '2010/0427/20100427113830161.jpg', 'image/pjpeg', 10550, 'jpg', '', '', '', 1, 0, 0, 999, 0, 1272339510, '219.136.169.22', 1, 0, 1),
(885, 'shop', 0, 280104, 0, 181, 'uploadfile', 'guangzhou_room2.jpg', '2010/0427/20100427113836596.jpg', 'image/pjpeg', 10385, 'jpg', '', '', '', 1, 0, 0, 999, 0, 1272339516, '219.136.169.22', 1, 0, 1),
(886, 'shop', 0, 280104, 0, 181, 'uploadfile', 'guangzhou_room3.jpg', '2010/0427/20100427113841620.jpg', 'image/pjpeg', 12012, 'jpg', '', '', '', 1, 0, 0, 999, 0, 1272339521, '219.136.169.22', 1, 0, 1),
(887, 'dearcms', 0, 0, 0, 0, 'thumb_thumb_file', '未标题-5.jpg', '2010/0427/20100427114410351.jpg', 'image/pjpeg', 38086, 'jpg', '', '', '', 1, 0, 0, 999, 0, 1272339850, '219.136.169.22', 0, 0, 0),
(888, 'shop', 0, 280104, 0, 182, 'uploadfile', 'huangpu_room1.jpg', '2010/0427/20100427114424655.jpg', 'image/pjpeg', 10792, 'jpg', '', '', '', 1, 0, 0, 999, 0, 1272339864, '219.136.169.22', 1, 0, 1),
(889, 'shop', 0, 280104, 0, 182, 'uploadfile', 'huangpu_room2.jpg', '2010/0427/20100427114431743.jpg', 'image/pjpeg', 13353, 'jpg', '', '', '', 1, 0, 0, 999, 0, 1272339871, '219.136.169.22', 1, 0, 1),
(890, 'shop', 0, 280104, 0, 182, 'uploadfile', 'huangpu_room3.jpg', '2010/0427/20100427114437653.jpg', 'image/pjpeg', 16614, 'jpg', '', '', '', 1, 0, 0, 999, 0, 1272339877, '219.136.169.22', 1, 0, 1),
(891, 'dearcms', 0, 0, 0, 0, 'thumb_thumb_file', '略图.jpg', '2010/0427/20100427114515504.jpg', 'image/pjpeg', 21651, 'jpg', '', '', '', 1, 0, 0, 999, 0, 1272339915, '219.136.169.22', 0, 0, 0),
(892, 'dearcms', 0, 0, 0, 0, 'thumb_thumb_file', '略图.jpg', '2010/0427/20100427114814646.jpg', 'image/pjpeg', 21651, 'jpg', '', '', '', 1, 0, 0, 999, 0, 1272340094, '219.136.169.22', 0, 0, 0),
(893, 'shop', 0, 280104, 0, 183, 'uploadfile', 'huajing_room1.jpg', '2010/0427/20100427114829930.jpg', 'image/pjpeg', 12728, 'jpg', '', '', '', 1, 0, 0, 999, 0, 1272340109, '219.136.169.22', 1, 0, 1),
(894, 'shop', 0, 280104, 0, 183, 'uploadfile', 'huajing_room2.jpg', '2010/0427/20100427114836270.jpg', 'image/pjpeg', 16217, 'jpg', '', '', '', 1, 0, 0, 999, 0, 1272340116, '219.136.169.22', 1, 0, 1),
(895, 'shop', 0, 280104, 0, 183, 'uploadfile', 'huajing_room3.jpg', '2010/0427/20100427114843290.jpg', 'image/pjpeg', 14785, 'jpg', '', '', '', 1, 0, 0, 999, 0, 1272340123, '219.136.169.22', 1, 0, 1),
(896, 'dearcms', 0, 0, 0, 0, 'thumb_thumb_file', '略图.jpg', '2010/0427/20100427115032537.jpg', 'image/pjpeg', 21651, 'jpg', '', '', '', 1, 0, 0, 999, 0, 1272340232, '219.136.169.22', 0, 0, 0),
(897, 'shop', 0, 280104, 0, 184, 'uploadfile', 'guangzhou_room2.jpg', '2010/0427/20100427115108349.jpg', 'image/pjpeg', 10385, 'jpg', '', '', '', 1, 0, 0, 999, 0, 1272340268, '219.136.169.22', 1, 0, 1),
(898, 'shop', 0, 280104, 0, 184, 'uploadfile', 'huangpu_room1.jpg', '2010/0427/20100427115113176.jpg', 'image/pjpeg', 10792, 'jpg', '', '', '', 1, 0, 0, 999, 0, 1272340273, '219.136.169.22', 1, 0, 1),
(899, 'shop', 0, 280104, 0, 184, 'uploadfile', 'shipai_room1.jpg', '2010/0427/20100427115117552.jpg', 'image/pjpeg', 15233, 'jpg', '', '', '', 1, 0, 0, 999, 0, 1272340277, '219.136.169.22', 1, 0, 1),
(900, 'dearcms', 0, 0, 0, 0, 'thumb_thumb_file', '略图.jpg', '2010/0428/20100428102645830.jpg', 'image/pjpeg', 21651, 'jpg', '', '', '', 1, 0, 0, 999, 0, 1272421605, '219.136.171.128', 0, 0, 0),
(901, 'shop', 0, 280102, 0, 185, 'uploadfile', 'huajing_room1.jpg', '2010/0428/20100428103453368.jpg', 'image/pjpeg', 12728, 'jpg', '', '', '', 1, 0, 0, 999, 0, 1272422093, '219.136.171.128', 1, 0, 1),
(902, 'shop', 0, 280102, 0, 185, 'uploadfile', 'huajing_room2.jpg', '2010/0428/20100428103506660.jpg', 'image/pjpeg', 16217, 'jpg', '', '', '', 1, 0, 0, 999, 0, 1272422106, '219.136.171.128', 1, 0, 1),
(903, 'shop', 0, 280102, 0, 185, 'uploadfile', 'huajing_room3.jpg', '2010/0428/20100428103522917.jpg', 'image/pjpeg', 14785, 'jpg', '', '', '', 1, 0, 0, 999, 0, 1272422122, '219.136.171.128', 1, 0, 1),
(908, 'dearcms', 0, 0, 0, 0, 'thumb_thumb_file', '未标题-1.jpg', '2010/0428/20100428110423953.jpg', 'image/pjpeg', 20678, 'jpg', '', '', '', 1, 0, 0, 999, 0, 1272423863, '219.136.170.186', 0, 0, 0),
(905, 'shop', 0, 280104, 0, 186, 'uploadfile', 'DSC_0595-ok.JPG', '2010/0428/20100428110302847.jpg', 'image/pjpeg', 301003, 'jpg', '', '', '', 1, 0, 0, 999, 0, 1272423782, '219.136.170.186', 1, 0, 1),
(906, 'shop', 0, 280104, 0, 186, 'uploadfile', 'DSC_0599.JPG', '2010/0428/20100428110316385.jpg', 'image/pjpeg', 508421, 'jpg', '', '', '', 1, 0, 0, 999, 0, 1272423796, '219.136.170.186', 1, 0, 1),
(907, 'shop', 0, 280104, 0, 186, 'uploadfile', '复件 DSC_0597.JPG', '2010/0428/20100428110335884.jpg', 'image/pjpeg', 328686, 'jpg', '', '', '', 1, 0, 0, 999, 0, 1272423815, '219.136.170.186', 1, 0, 1),
(910, 'shop', 0, 280104, 0, 187, 'thumb_file', '1.jpg', '2010/0428/20100428023609588.jpg', 'image/pjpeg', 37381, 'jpg', '凯旋龙连锁酒店', '', '', 1, 0, 0, 999, 0, 1272436569, '219.136.170.186', 1, 0, 1),
(911, 'shop', 0, 280104, 0, 188, 'thumb_file', '华凯酒店.jpg', '2010/0428/20100428023952464.jpg', 'image/pjpeg', 231628, 'jpg', '凯旋龙连锁酒店', '', '', 1, 0, 0, 999, 0, 1272436792, '219.136.170.186', 1, 0, 1),
(912, 'shop', 0, 280104, 0, 189, 'thumb_file', '齐鲁酒店.jpg', '2010/0428/20100428024754433.jpg', 'image/pjpeg', 178879, 'jpg', '凯旋龙连锁酒店', '', '', 1, 0, 0, 999, 0, 1272437274, '219.136.170.186', 1, 0, 1),
(913, 'dearcms', 0, 0, 0, 0, 'thumb_file', '凯旋店.jpg', '2010/0428/20100428025001600.jpg', 'image/pjpeg', 147847, 'jpg', '', '', '', 1, 0, 0, 999, 0, 1272437401, '219.136.170.186', 0, 0, 0),
(914, 'shop', 0, 280104, 0, 192, 'thumb_file', '中成酒店.jpg', '2010/0428/20100428025353908.jpg', 'image/pjpeg', 165843, 'jpg', '凯旋龙连锁酒店', '', '', 1, 0, 0, 999, 0, 1272437633, '219.136.170.186', 1, 0, 1),
(915, 'shop', 0, 280102, 0, 193, 'thumb_file', '华建酒店.jpg', '2010/0428/20100428025641956.jpg', 'image/pjpeg', 100161, 'jpg', '凯旋龙连锁酒店', '', '', 1, 0, 0, 999, 0, 1272437801, '219.136.170.186', 1, 0, 1),
(916, 'shop', 0, 280104, 0, 190, 'thumb_file', '凯旋店.jpg', '2010/0428/20100428032809986.jpg', 'image/pjpeg', 147847, 'jpg', '凯旋龙连锁酒店', '', '', 1, 0, 0, 999, 0, 1272439689, '219.136.170.186', 1, 0, 1),
(987, 'shop', 0, 280109, 0, 194, 'uploadfile', '20100428033354913.jpg', '2010/0505/20100505111159393.jpg', 'image/pjpeg', 35087, 'jpg', '', '', '', 1, 0, 0, 999, 0, 1273029119, '219.136.138.226', 1, 0, 1),
(918, 'shop', 0, 280102, 0, 191, 'thumb_file', '翔云楼.jpg', '2010/0428/20100428034008536.jpg', 'image/pjpeg', 37149, 'jpg', '凯旋龙连锁酒店', '', '', 1, 0, 0, 999, 0, 1272440408, '219.136.170.186', 1, 0, 1),
(919, 'shop', 0, 280102, 0, 191, 'uploadfile', '标准双人房.jpg', '2010/0428/20100428034116955.jpg', 'image/pjpeg', 32583, 'jpg', '标准双人房', '', '', 1, 0, 0, 999, 0, 1272440476, '219.136.170.186', 1, 0, 1),
(920, 'shop', 0, 280102, 0, 191, 'uploadfile', '商务客房.jpg', '2010/0428/20100428034137121.jpg', 'image/pjpeg', 27259, 'jpg', '商务客房', '', '', 1, 0, 0, 999, 0, 1272440497, '219.136.170.186', 1, 0, 1),
(921, 'shop', 0, 280102, 0, 191, 'uploadfile', '商务套房.jpg', '2010/0428/20100428034150454.jpg', 'image/pjpeg', 25239, 'jpg', '商务套房', '', '', 1, 0, 0, 999, 0, 1272440510, '219.136.170.186', 1, 0, 1),
(922, 'dearcms', 0, 0, 0, 0, 'thumb_thumb_file', '未标题-1.jpg', '2010/0428/20100428034215114.jpg', 'image/pjpeg', 18067, 'jpg', '', '', '', 1, 0, 0, 999, 0, 1272440535, '219.136.170.186', 0, 0, 0),
(939, '', 0, 0, 0, 0, 'uploadfile', '广州洛溪店.jpg', '2010/0428/20100428042725675.jpg', 'image/pjpeg', 47247, 'jpg', '', '', '', 1, 0, 0, 999, 0, 1272443244, '219.136.170.186', 0, 0, 0),
(924, 'dearcms', 0, 0, 0, 0, 'thumb_thumb_file', '略图1.jpg', '2010/0428/20100428035436265.jpg', 'image/pjpeg', 23500, 'jpg', '', '', '', 1, 0, 0, 999, 0, 1272441276, '219.136.170.186', 0, 0, 0),
(940, 'shop', 0, 280104, 0, 200, 'thumb_file', '13.jpg', '2010/0428/20100428043304789.jpg', 'image/pjpeg', 38206, 'jpg', '佳园连锁酒店', '', '', 1, 0, 0, 999, 0, 1272443584, '219.136.170.186', 1, 0, 1),
(926, 'dearcms', 0, 0, 0, 0, 'thumb_thumb_file', '略图1.jpg', '2010/0428/20100428035647540.jpg', 'image/pjpeg', 23500, 'jpg', '', '', '', 1, 0, 0, 999, 0, 1272441407, '219.136.170.186', 0, 0, 0),
(941, 'dearcms', 0, 0, 0, 0, 'thumb_thumb_file', '略图1.jpg', '2010/0428/20100428043304582.jpg', 'image/pjpeg', 23500, 'jpg', '', '', '', 1, 0, 0, 999, 0, 1272443584, '219.136.170.186', 0, 0, 0),
(928, 'dearcms', 0, 0, 0, 0, 'thumb_thumb_file', '略图1.jpg', '2010/0428/20100428040234574.jpg', 'image/pjpeg', 23500, 'jpg', '', '', '', 1, 0, 0, 999, 0, 1272441754, '219.136.170.186', 0, 0, 0),
(943, 'dearcms', 0, 0, 0, 0, 'thumb_thumb_file', '略图1.jpg', '2010/0428/20100428043439128.jpg', 'image/pjpeg', 23500, 'jpg', '', '', '', 1, 0, 0, 999, 0, 1272443679, '219.136.170.186', 0, 0, 0),
(930, 'dearcms', 0, 0, 0, 0, 'thumb_thumb_file', '略图1.jpg', '2010/0428/20100428040803280.jpg', 'image/pjpeg', 23500, 'jpg', '', '', '', 1, 0, 0, 999, 0, 1272442083, '219.136.170.186', 0, 0, 0),
(944, 'shop', 0, 280108, 0, 202, 'thumb_file', '020008.jpg', '2010/0428/20100428043609315.jpg', 'image/pjpeg', 80118, 'jpg', '佳园连锁酒店', '', '', 1, 0, 0, 999, 0, 1272443769, '219.136.170.186', 1, 0, 1),
(932, 'dearcms', 0, 0, 0, 0, 'thumb_thumb_file', '略图1.jpg', '2010/0428/20100428041155699.jpg', 'image/pjpeg', 23500, 'jpg', '', '', '', 1, 0, 0, 999, 0, 1272442315, '219.136.170.186', 0, 0, 0),
(933, 'shop', 0, 280102, 0, 199, 'thumb_file', '广州流花湖店.jpg', '2010/0428/20100428041438443.jpg', 'image/pjpeg', 31834, 'jpg', '佳园连锁酒店', '', '', 1, 0, 0, 999, 0, 1272442478, '219.136.170.186', 1, 0, 1),
(934, 'shop', 0, 280101, 0, 198, 'thumb_file', '广州荔湾湖店.jpg', '2010/0428/20100428041518976.jpg', 'image/pjpeg', 40552, 'jpg', '佳园连锁酒店', '', '', 1, 0, 0, 999, 0, 1272442518, '219.136.170.186', 1, 0, 1),
(935, 'shop', 0, 280107, 0, 195, 'thumb_file', '广州洛溪店.jpg', '2010/0428/20100428042725675.jpg', 'image/pjpeg', 47247, 'jpg', '佳园连锁酒店', '', '', 1, 0, 0, 999, 0, 1272442588, '219.136.170.186', 1, 0, 1),
(936, 'shop', 0, 280103, 0, 196, 'thumb_file', '广州怡乐路店）.jpg', '2010/0428/20100428041711551.jpg', 'image/pjpeg', 34124, 'jpg', '佳园连锁酒店', '', '', 1, 0, 0, 999, 0, 1272442631, '219.136.170.186', 1, 0, 1),
(942, 'shop', 0, 280102, 0, 201, 'thumb_file', '21.jpg', '2010/0428/20100428043439109.jpg', 'image/pjpeg', 30901, 'jpg', '佳园连锁酒店', '', '', 1, 0, 0, 999, 0, 1272443679, '219.136.170.186', 1, 0, 1),
(938, 'shop', 0, 280103, 0, 197, 'thumb_file', '广州沿江店.jpg', '2010/0428/20100428041852119.jpg', 'image/pjpeg', 206780, 'jpg', '佳园连锁酒店', '', '', 1, 0, 0, 999, 0, 1272442732, '219.136.170.186', 1, 0, 1),
(945, 'dearcms', 0, 0, 0, 0, 'thumb_thumb_file', '略图1.jpg', '2010/0428/20100428043609160.jpg', 'image/pjpeg', 23500, 'jpg', '', '', '', 1, 0, 0, 999, 0, 1272443769, '219.136.170.186', 0, 0, 0),
(946, 'shop', 0, 280104, 0, 204, 'uploadfile', 'DSC04812.jpg', '2010/0430/20100430051839464.jpg', 'image/pjpeg', 87770, 'jpg', '外观', '', '', 1, 0, 0, 999, 0, 1272619119, '219.136.142.243', 1, 0, 1),
(947, 'shop', 0, 280104, 0, 204, 'uploadfile', 'DSC0476111.jpg', '2010/0430/20100430051851717.jpg', 'image/pjpeg', 49630, 'jpg', '', '', '', 1, 0, 0, 999, 0, 1272619131, '219.136.142.243', 1, 0, 1),
(948, 'dearcms', 0, 0, 0, 0, 'thumb_thumb_file', '未标题-1.jpg', '2010/0430/20100430052200293.jpg', 'image/pjpeg', 19523, 'jpg', '', '', '', 1, 0, 0, 999, 0, 1272619320, '219.136.142.243', 0, 0, 0),
(949, 'shop', 0, 280104, 0, 204, 'uploadfile', 'DSC04805111.jpg', '2010/0430/20100430052215538.jpg', 'image/pjpeg', 72016, 'jpg', '', '', '', 1, 0, 0, 999, 0, 1272619335, '219.136.142.243', 1, 0, 1),
(950, 'shop', 0, 0, 0, 0, 'uploadfile', 'Desert.jpg', '2010/0501/20100501032454249.jpg', 'image/pjpeg', 845941, 'jpg', '', '', '', 1, 0, 0, 999, 0, 1272698694, '113.111.207.97', 0, 0, 1),
(951, 'shop', 0, 280102, 0, 205, 'uploadfile', 'gzlhzg02.jpg', '2010/0504/20100504092147408.jpg', 'image/pjpeg', 21484, 'jpg', '', '', '', 1, 0, 0, 999, 0, 1272936107, '219.136.136.109', 1, 0, 1),
(952, 'shop', 0, 280102, 0, 205, 'uploadfile', 'gzlhzg01.jpg', '2010/0504/20100504092153314.jpg', 'image/pjpeg', 17727, 'jpg', '', '', '', 1, 0, 0, 999, 0, 1272936113, '219.136.136.109', 1, 0, 1),
(953, 'dearcms', 0, 0, 0, 0, 'thumb_thumb_file', '未标题-1.jpg', '2010/0504/20100504092214631.jpg', 'image/pjpeg', 19523, 'jpg', '', '', '', 1, 0, 0, 999, 0, 1272936133, '219.136.136.109', 0, 0, 0),
(954, 'shop', 0, 280104, 0, 207, 'uploadfile', 'gzzsyl01.jpg', '2010/0504/20100504092702337.jpg', 'image/pjpeg', 17641, 'jpg', '', '', '', 1, 0, 0, 999, 0, 1272936422, '219.136.136.109', 1, 0, 1),
(955, 'shop', 0, 280104, 0, 207, 'uploadfile', 'gzzsyl02.jpg', '2010/0504/20100504092707613.jpg', 'image/pjpeg', 19122, 'jpg', '', '', '', 1, 0, 0, 999, 0, 1272936427, '219.136.136.109', 1, 0, 1),
(956, 'shop', 0, 280104, 0, 207, 'uploadfile', 'gzzsyl03.jpg', '2010/0504/20100504092713429.jpg', 'image/pjpeg', 18572, 'jpg', '', '', '', 1, 0, 0, 999, 0, 1272936433, '219.136.136.109', 1, 0, 1),
(957, 'shop', 0, 280104, 0, 207, 'uploadfile', 'gzzsyl04.jpg', '2010/0504/20100504092718461.jpg', 'image/pjpeg', 16740, 'jpg', '', '', '', 1, 0, 0, 999, 0, 1272936438, '219.136.136.109', 1, 0, 1),
(958, 'shop', 0, 280104, 0, 207, 'uploadfile', 'gzzsyl05.jpg', '2010/0504/20100504092722101.jpg', 'image/pjpeg', 17369, 'jpg', '', '', '', 1, 0, 0, 999, 0, 1272936442, '219.136.136.109', 1, 0, 1),
(959, 'shop', 0, 280104, 0, 207, 'uploadfile', 'gzzsyl06.jpg', '2010/0504/20100504092726792.jpg', 'image/pjpeg', 17316, 'jpg', '', '', '', 1, 0, 0, 999, 0, 1272936446, '219.136.136.109', 1, 0, 1),
(960, 'dearcms', 0, 0, 0, 0, 'thumb_thumb_file', '未标题-1.jpg', '2010/0504/20100504092752735.jpg', 'image/pjpeg', 19523, 'jpg', '', '', '', 1, 0, 0, 999, 0, 1272936472, '219.136.136.109', 0, 0, 0),
(961, 'dearcms', 0, 0, 0, 0, 'thumb_thumb_file', '未标题-1.jpg', '2010/0504/20100504092812883.jpg', 'image/pjpeg', 19523, 'jpg', '', '', '', 1, 0, 0, 999, 0, 1272936492, '219.136.136.109', 0, 0, 0),
(962, 'dearcms', 0, 0, 0, 0, 'thumb_thumb_file', '未标题-1.jpg', '2010/0504/20100504093016802.jpg', 'image/pjpeg', 19523, 'jpg', '', '', '', 1, 0, 0, 999, 0, 1272936616, '219.136.136.109', 0, 0, 0),
(963, 'shop', 0, 280102, 0, 208, 'uploadfile', '09110133_546.jpg', '2010/0504/20100504093105292.jpg', 'image/pjpeg', 13475, 'jpg', '', '', '', 1, 0, 0, 999, 0, 1272936665, '219.136.136.109', 1, 0, 1),
(964, 'shop', 0, 280102, 0, 208, 'uploadfile', '09110134_342.jpg', '2010/0504/20100504093111939.jpg', 'image/pjpeg', 14358, 'jpg', '', '', '', 1, 0, 0, 999, 0, 1272936671, '219.136.136.109', 1, 0, 1),
(965, 'shop', 0, 280102, 0, 208, 'uploadfile', '09110134_618.jpg', '2010/0504/20100504093119521.jpg', 'image/pjpeg', 17601, 'jpg', '', '', '', 1, 0, 0, 999, 0, 1272936679, '219.136.136.109', 1, 0, 1),
(966, 'shop', 0, 280102, 0, 208, 'uploadfile', '09110134_774.jpg', '2010/0504/20100504093125777.jpg', 'image/pjpeg', 13257, 'jpg', '', '', '', 1, 0, 0, 999, 0, 1272936685, '219.136.136.109', 1, 0, 1),
(967, 'shop', 0, 280102, 0, 208, 'uploadfile', '09110134_804.jpg', '2010/0504/20100504093130872.jpg', 'image/pjpeg', 20913, 'jpg', '', '', '', 1, 0, 0, 999, 0, 1272936690, '219.136.136.109', 1, 0, 1),
(968, 'shop', 0, 280104, 0, 209, 'thumb_file', '09091006_785.jpg', '2010/0504/20100504093311980.jpg', 'image/pjpeg', 20381, 'jpg', '汉庭快捷酒店', '', '', 1, 0, 0, 999, 0, 1272936791, '219.136.136.109', 1, 0, 1),
(969, 'dearcms', 0, 0, 0, 0, 'thumb_thumb_file', '未标题-1.jpg', '2010/0504/20100504093311636.jpg', 'image/pjpeg', 19523, 'jpg', '', '', '', 1, 0, 0, 999, 0, 1272936791, '219.136.136.109', 0, 0, 0),
(970, 'dearcms', 0, 0, 0, 0, 'thumb_thumb_file', '未标题-1.jpg', '2010/0504/20100504093443460.jpg', 'image/pjpeg', 19523, 'jpg', '', '', '', 1, 0, 0, 999, 0, 1272936883, '219.136.136.109', 0, 0, 0),
(971, 'shop', 0, 280102, 0, 210, 'uploadfile', '大堂商务区.jpg', '2010/0504/20100504093500266.jpg', 'image/pjpeg', 138138, 'jpg', '', '', '', 1, 0, 0, 999, 0, 1272936900, '219.136.136.109', 1, 0, 1),
(972, 'shop', 0, 280102, 0, 210, 'uploadfile', '前台.jpg', '2010/0504/20100504093514785.jpg', 'image/pjpeg', 128555, 'jpg', '', '', '', 1, 0, 0, 999, 0, 1272936914, '219.136.136.109', 1, 0, 1),
(973, 'shop', 0, 280102, 0, 210, 'uploadfile', '双床房.jpg', '2010/0504/20100504093524268.jpg', 'image/pjpeg', 96525, 'jpg', '', '', '', 1, 0, 0, 999, 0, 1272936924, '219.136.136.109', 1, 0, 1),
(974, 'shop', 0, 280102, 0, 206, 'uploadfile', '1.jpg', '2010/0504/20100504094142327.jpg', 'image/pjpeg', 34788, 'jpg', '', '', '', 1, 0, 0, 999, 0, 1272937302, '219.136.136.109', 1, 0, 1),
(975, 'dearcms', 0, 0, 0, 0, 'thumb_thumb_file', '未标题-1.jpg', '2010/0504/20100504123046491.jpg', 'image/pjpeg', 19585, 'jpg', '', '', '', 1, 0, 0, 999, 0, 1272947446, '219.136.136.109', 0, 0, 0),
(976, 'shop', 0, 280104, 0, 211, 'uploadfile', '2015122954155.jpg', '2010/0504/20100504123130316.jpg', 'image/pjpeg', 12655, 'jpg', '', '', '', 1, 0, 0, 999, 0, 1272947490, '219.136.136.109', 1, 0, 1),
(977, 'shop', 0, 280104, 0, 211, 'uploadfile', '3018105421988.jpg', '2010/0504/20100504123135342.jpg', 'image/pjpeg', 35728, 'jpg', '', '', '', 1, 0, 0, 999, 0, 1272947495, '219.136.136.109', 1, 0, 1),
(978, 'shop', 0, 280104, 0, 211, 'uploadfile', '2008529105738734.jpg', '2010/0504/20100504123143813.jpg', 'image/pjpeg', 36392, 'jpg', '', '', '', 1, 0, 0, 999, 0, 1272947503, '219.136.136.109', 1, 0, 1),
(979, 'shop', 0, 280104, 0, 211, 'uploadfile', 'Huangshan_Mountain_happy_lives_365_0.jpg', '2010/0504/20100504123151286.jpg', 'image/pjpeg', 22628, 'jpg', '', '', '', 1, 0, 0, 999, 0, 1272947511, '219.136.136.109', 1, 0, 1),
(980, 'shop', 0, 280104, 0, 211, 'uploadfile', 'NL009218_CIMG8205.jpg', '2010/0504/20100504123206558.jpg', 'image/pjpeg', 31051, 'jpg', '', '', '', 1, 0, 0, 999, 0, 1272947526, '219.136.136.109', 1, 0, 1),
(981, 'shop', 0, 260603, 0, 212, 'thumb_file', '门店.jpg', '2010/0504/20100504070949611.jpg', 'image/pjpeg', 79339, 'jpg', '鄂州市人和不动产有限公司', '', '', 1, 0, 0, 999, 0, 1272971389, '111.181.11.255', 1, 0, 1),
(982, 'dearcms', 0, 0, 0, 0, 'thumb_thumb_file', '室内.jpg', '2010/0504/20100504070949864.jpg', 'image/pjpeg', 66515, 'jpg', '', '', '', 1, 0, 0, 999, 0, 1272971389, '111.181.11.255', 0, 0, 0),
(983, 'dearcms', 0, 0, 0, 0, 'thumb_thumb_file', '未标题-1.jpg', '2010/0505/20100505095055664.jpg', 'image/pjpeg', 20157, 'jpg', '', '', '', 1, 0, 0, 999, 0, 1273024255, '219.136.138.226', 0, 0, 0),
(984, 'shop', 0, 280104, 0, 213, 'uploadfile', '843_2_3.jpg', '2010/0505/20100505095108573.jpg', 'image/pjpeg', 89949, 'jpg', '', '', '', 1, 0, 0, 999, 0, 1273024268, '219.136.138.226', 1, 0, 1),
(985, 'shop', 0, 280104, 0, 213, 'uploadfile', '1221633450955.jpg', '2010/0505/20100505095115273.jpg', 'image/pjpeg', 38466, 'jpg', '', '', '', 1, 0, 0, 999, 0, 1273024275, '219.136.138.226', 1, 0, 1),
(986, 'shop', 0, 280104, 0, 213, 'uploadfile', '20096111627152117.jpg', '2010/0505/20100505095141605.jpg', 'image/pjpeg', 735870, 'jpg', '', '', '', 1, 0, 0, 999, 0, 1273024300, '219.136.138.226', 1, 0, 1),
(988, 'dearcms', 0, 0, 0, 0, 'thumb_thumb_file', '未标题-1.jpg', '2010/0505/20100505030334920.jpg', 'image/pjpeg', 20332, 'jpg', '', '', '', 1, 0, 0, 999, 0, 1273043014, '219.136.138.226', 0, 0, 0),
(989, 'shop', 0, 200801, 0, 214, 'thumb_file', 'http_imgloadd.jpg', '2010/0507/20100507094459561.jpg', 'image/pjpeg', 186701, 'jpg', '衢州国际大酒店', '', '', 1, 0, 0, 999, 0, 1273196699, '125.106.71.170', 1, 0, 1),
(990, 'dearcms', 0, 0, 0, 0, 'thumb_thumb_file', 'http_imgloadc.jpg', '2010/0507/20100507094459682.jpg', 'image/pjpeg', 217985, 'jpg', '', '', '', 1, 0, 0, 999, 0, 1273196699, '125.106.71.170', 0, 0, 0),
(991, 'dearcms', 0, 0, 0, 0, 'uploadfile', '中国的言论很自由.jpg', '2010/0708/20100708043527810.jpg', 'image/pjpeg', 29778, 'jpg', '', '', '', 1, 0, 0, 999, 0, 1278578126, '127.0.0.1', 0, 0, 0),
(992, 'shop', 0, 0, 0, 0, 'content', 'a3014f1ff584f6c0e1fe0bb7.jpg', '2010/1026/20101026021848781.jpg', 'image/pjpeg', 139071, 'jpg', '', '', '', 1, 0, 0, 999, 0, 1288073928, '127.0.0.1', 0, 0, 1),
(993, 'shop', 0, 0, 0, 0, 'content', '1255578029029pmwfbh97mk.jpg', '2010/1206/20101206114408554.jpg', 'image/jpeg', 672974, 'jpg', '', '', '', 1, 0, 0, 999, 0, 1291607047, '127.0.0.1', 0, 0, 0);

-- --------------------------------------------------------

--
-- 表的结构 `dc_block`
--

DROP TABLE IF EXISTS `dc_block`;
CREATE TABLE IF NOT EXISTS `dc_block` (
  `blockid` smallint(5) unsigned NOT NULL AUTO_INCREMENT,
  `pageid` varchar(20) NOT NULL,
  `name` varchar(50) NOT NULL,
  `isarray` tinyint(1) unsigned NOT NULL DEFAULT '0',
  `rows` tinyint(2) unsigned NOT NULL DEFAULT '8',
  `template` text NOT NULL,
  `disabled` tinyint(1) unsigned NOT NULL DEFAULT '0',
  PRIMARY KEY (`blockid`),
  KEY `pageid` (`pageid`,`disabled`)
) ENGINE=MyISAM  DEFAULT CHARSET=utf8;

--
-- 导出表中的数据 `dc_block`
--

INSERT INTO `dc_block` (`blockid`, `pageid`, `name`, `isarray`, `rows`, `template`, `disabled`) VALUES
(1, 'about', '关于我们', 0, 6, '<h4>{$name}</h4>\r\n<ul>\r\n{loop $data $n $r}\r\n   <li><a href="">{str_cut($r[title], 40)} {$r[date]}</a></li>\r\n{/loop}\r\n</ul>\r\n\r\n', 0),
(2, 'business', '企业招商', 0, 6, '<h4>{$name}</h4>\r\n<ul>\r\n{loop $data $n $r}\r\n   <li><a href="">{str_cut($r[title], 40)} {$r[date]}</a></li>\r\n{/loop}\r\n</ul>\r\n\r\n', 0),
(3, 'partner', '合作伙伴', 0, 6, '<h4>{$name}</h4>\r\n<ul>\r\n{loop $data $n $r}\r\n   <li><a href="">{str_cut($r[title], 40)} {$r[date]}</a></li>\r\n{/loop}\r\n</ul>\r\n\r\n', 0),
(4, 'job', '诚征英才', 0, 6, '<h4>{$name}</h4>\r\n<ul>\r\n{loop $data $n $r}\r\n   <li><a href="">{str_cut($r[title], 40)} {$r[date]}</a></li>\r\n{/loop}\r\n</ul>\r\n\r\n', 0),
(5, 'services', '服务条款', 0, 6, '<h4>{$name}</h4>\r\n<ul>\r\n{loop $data $n $r}\r\n   <li><a href="">{str_cut($r[title], 40)} {$r[date]}</a></li>\r\n{/loop}\r\n</ul>\r\n\r\n', 0),
(6, 'copyright', '版权声明', 0, 6, '<h4>{$name}</h4>\r\n<ul>\r\n{loop $data $n $r}\r\n   <li><a href="">{str_cut($r[title], 40)} {$r[date]}</a></li>\r\n{/loop}\r\n</ul>\r\n\r\n', 0),
(14, 'newindexad', '新首页文字广告12个', 1, 12, '{loop $data $n $r}\r\n<li><a href="{$r[url]}" title="{$r[title]}" target="_blank" class="{$r[date]}">{$r[title]}</a></li>\r\n{/loop}\r\n\r\n', 0),
(8, 'indexpicad', '首页图片广告四张', 1, 4, '{loop $data $n $r}\r\n      <li><a href="{$r[url]}" title="{$r[title]}" target="_blank"><img src="{$r[thumb]}" width="175" height="58" /></a></li>\r\n{/loop}\r\n\r\n', 0),
(9, 'indexad2', '首页文字广告 下', 1, 8, '{loop $data $n $r}\r\n<li><a href="{$r[url]}" title="{$r[title]}" target="_blank" class="{$r[date]}">·{$r[title]}</a></li>\r\n{/loop}\r\n\r\n', 0),
(11, 'newindexpicad', '新首页图片广告9个', 1, 9, '{loop $data $n $r}\n      <li><a href="{$r[url]}" title="{$r[title]}" target="_blank"><img src="{$r[thumb]}" width="175" height="58" /></a></li>\n{/loop}\n\n\n', 0),
(12, 'newindexhotpic', '新首页热点推荐2图', 1, 2, '{loop $data $n $r}\r\n    <li> <a href="{$r[url]}" class="img_link"> <img src="{$r[thumb]}"> </a> \r\n<span class="ad_link"> <a href="{$r[url]}">{$r[title]}</a> </span> </li>\r\n{/loop}\r\n\r\n\r\n', 0);

-- --------------------------------------------------------

--
-- 表的结构 `dc_block_data`
--

DROP TABLE IF EXISTS `dc_block_data`;
CREATE TABLE IF NOT EXISTS `dc_block_data` (
  `id` smallint(5) unsigned NOT NULL AUTO_INCREMENT,
  `blockid` smallint(5) unsigned NOT NULL,
  `isarray` tinyint(1) unsigned NOT NULL DEFAULT '0',
  `rows` tinyint(2) unsigned NOT NULL DEFAULT '8',
  `data` mediumtext NOT NULL,
  `areacode` int(8) NOT NULL,
  PRIMARY KEY (`id`)
) ENGINE=MyISAM  DEFAULT CHARSET=utf8;

--
-- 导出表中的数据 `dc_block_data`
--

INSERT INTO `dc_block_data` (`id`, `blockid`, `isarray`, `rows`, `data`, `areacode`) VALUES
(1, 1, 0, 6, '关于我们关于我们关于我们关于我们关于我们关于我们关于我们关于我们关于我们关于我们关于我们关于我们关于我们关于我们', 0),
(2, 2, 0, 6, '企业招商 企业招商 企业招商 企业招商 企业招商 企业招商 企业招商 企业招商 企业招商 企业招商 企业招商 企业招商 企业招商 企业招商 企业招商 企业招商 企业招商 企业招商 企业招商 企业招商 企业招商 企业招商 企业招商 企业招商 企业招商 企业招商 企业招商 企业招商 企业招商 企业招商 企业招商 企业招商 ', 0),
(3, 3, 0, 6, '合作伙伴合作伙伴合作伙伴合作伙伴合作伙伴合作伙伴合作伙伴合作伙伴合作伙伴合作伙伴合作伙伴合作伙伴合作伙伴合作伙伴合作伙伴合作伙伴合作伙伴合作伙伴合作伙伴合作伙伴合作伙伴合作伙伴合作伙伴合作伙伴合作伙伴合作伙伴合作伙伴合作伙伴', 0),
(4, 4, 0, 6, '诚征英才诚征英才诚征英才诚征英才诚征英才诚征英才诚征英才诚征英才诚征英才诚征英才诚征英才诚征英才诚征英才诚征英才诚征英才诚征英才诚征英才诚征英才诚征英才诚征英才诚征英才诚征英才诚征英才诚征英才诚征英才诚征英才', 0),
(5, 5, 0, 6, '服务条款服务条款服务条款服务条款服务条款服务条款服务条款服务条款服务条款服务条款服务条款服务条款服务条款服务条款服务条款服务条款服务条款服务条款服务条款服务条款服务条款服务条款服务条款服务条款服务条款服务条款', 0),
(6, 6, 0, 6, '版权声明版权声明版权声明版权声明版权声明版权声明版权声明版权声明版权声明版权声明版权声明版权声明', 0),
(8, 8, 1, 4, 'array (\r\n  0 => \r\n  array (\r\n    ''title'' => ''川妹火锅'',\r\n    ''url'' => ''111'',\r\n    ''thumb'' => ''images/advimg002.gif'',\r\n    ''date'' => '''',\r\n    ''description'' => ''图片规格175*58像素'',\r\n  ),\r\n  1 => \r\n  array (\r\n    ''title'' => ''222'',\r\n    ''url'' => ''222'',\r\n    ''thumb'' => ''images/advimg001.gif'',\r\n    ''date'' => '''',\r\n    ''description'' => '''',\r\n  ),\r\n  2 => \r\n  array (\r\n    ''title'' => ''2333'',\r\n    ''url'' => ''3333'',\r\n    ''thumb'' => ''images/advimg003.gif'',\r\n    ''date'' => '''',\r\n    ''description'' => '''',\r\n  ),\r\n  3 => \r\n  array (\r\n    ''title'' => ''4444'',\r\n    ''url'' => ''4444'',\r\n    ''thumb'' => ''images/advimg004.gif'',\r\n    ''date'' => '''',\r\n    ''description'' => '''',\r\n  ),\r\n)', 0),
(9, 9, 1, 8, 'array (\n  0 => \n  array (\n    ''title'' => ''华润万家超市 '',\n    ''url'' => ''11'',\n    ''thumb'' => '''',\n    ''date'' => ''hot'',\n    ''description'' => ''日期里面填写属性\r\nhot 红色热门\r\nnew 蓝色最新'',\n  ),\n  1 => \n  array (\n    ''title'' => ''黄鳝世家天诚广场新店开张 '',\n    ''url'' => ''111'',\n    ''thumb'' => '''',\n    ''date'' => '''',\n    ''description'' => '''',\n  ),\n  2 => \n  array (\n    ''title'' => ''华润万家超市 '',\n    ''url'' => ''11'',\n    ''thumb'' => '''',\n    ''date'' => ''hot'',\n    ''description'' => '''',\n  ),\n  3 => \n  array (\n    ''title'' => ''巴马县全生态饮用水 '',\n    ''url'' => ''22'',\n    ''thumb'' => '''',\n    ''date'' => ''new'',\n    ''description'' => '''',\n  ),\n  4 => \n  array (\n    ''title'' => ''巴马县全生态饮用水 '',\n    ''url'' => ''22'',\n    ''thumb'' => '''',\n    ''date'' => '''',\n    ''description'' => '''',\n  ),\n  5 => \n  array (\n    ''title'' => ''黄鳝世家天诚广场新店开张 '',\n    ''url'' => ''233'',\n    ''thumb'' => '''',\n    ''date'' => ''new'',\n    ''description'' => '''',\n  ),\n  6 => \n  array (\n    ''title'' => ''巴马县全生态饮用水 '',\n    ''url'' => ''333'',\n    ''thumb'' => '''',\n    ''date'' => ''hot'',\n    ''description'' => '''',\n  ),\n  7 => \n  array (\n    ''title'' => ''木桶绿色快餐店大型优惠 '',\n    ''url'' => ''33'',\n    ''thumb'' => '''',\n    ''date'' => '''',\n    ''description'' => '''',\n  ),\n)', 0),
(18, 14, 1, 12, 'array (\n  0 => \n  array (\n    ''title'' => ''广州汉风国际大酒店 6折'',\n    ''url'' => ''http://dazhe.legoule.com/shop/shop.php?id=76'',\n    ''thumb'' => '''',\n    ''date'' => ''hot'',\n    ''description'' => ''日期里面可以填入 hot 或者 new  分别为红色和蓝色'',\n  ),\n  1 => \n  array (\n    ''title'' => ''博斯坦宾馆 6 折'',\n    ''url'' => ''http://dazhe.legoule.com/shop/shop.php?id=77'',\n    ''thumb'' => '''',\n    ''date'' => ''new'',\n    ''description'' => '''',\n  ),\n  2 => \n  array (\n    ''title'' => ''龙洲大酒店 7折'',\n    ''url'' => ''http://dazhe.legoule.com/shop/shop.php?id=79'',\n    ''thumb'' => '''',\n    ''date'' => ''hot'',\n    ''description'' => '''',\n  ),\n  3 => \n  array (\n    ''title'' => ''景园商务酒店 6折'',\n    ''url'' => ''http://dazhe.legoule.com/shop/shop.php?id=83'',\n    ''thumb'' => '''',\n    ''date'' => '''',\n    ''description'' => '''',\n  ),\n  4 => \n  array (\n    ''title'' => ''天龙大酒店  6.5折'',\n    ''url'' => ''http://dazhe.legoule.com/shop/shop.php?id=84'',\n    ''thumb'' => '''',\n    ''date'' => ''hot'',\n    ''description'' => '''',\n  ),\n  5 => \n  array (\n    ''title'' => ''尚德酒店 '',\n    ''url'' => ''http://dazhe.legoule.com/shop/shop.php?id=85'',\n    ''thumb'' => '''',\n    ''date'' => '''',\n    ''description'' => '''',\n  ),\n  6 => \n  array (\n    ''title'' => ''裕通大酒店 4折'',\n    ''url'' => ''http://dazhe.legoule.com/shop/shop.php?id=86'',\n    ''thumb'' => '''',\n    ''date'' => ''hot'',\n    ''description'' => '''',\n  ),\n  7 => \n  array (\n    ''title'' => ''恒东商务酒店'',\n    ''url'' => ''http://dazhe.legoule.com/shop/shop.php?id=88'',\n    ''thumb'' => '''',\n    ''date'' => ''new'',\n    ''description'' => '''',\n  ),\n  8 => \n  array (\n    ''title'' => ''龙口明珠大酒店 '',\n    ''url'' => ''http://dazhe.legoule.com/shop/shop.php?id=91'',\n    ''thumb'' => '''',\n    ''date'' => '''',\n    ''description'' => '''',\n  ),\n  9 => \n  array (\n    ''title'' => ''花样年华 6折'',\n    ''url'' => ''http://dazhe.legoule.com/shop/shop.php?id=104'',\n    ''thumb'' => '''',\n    ''date'' => '''',\n    ''description'' => '''',\n  ),\n  10 => \n  array (\n    ''title'' => ''维景商务酒店'',\n    ''url'' => ''http://dazhe.legoule.com/shop/shop.php?id=103'',\n    ''thumb'' => '''',\n    ''date'' => '''',\n    ''description'' => '''',\n  ),\n  11 => \n  array (\n    ''title'' => ''皇家国际饭店 '',\n    ''url'' => ''http://dazhe.legoule.com/shop/shop.php?id=100'',\n    ''thumb'' => '''',\n    ''date'' => ''hot'',\n    ''description'' => '''',\n  ),\n)', 0),
(10, 9, 1, 8, 'array (\n  0 => \n  array (\n    ''title'' => ''湖北首页文字广告测试'',\n    ''url'' => ''4'',\n    ''thumb'' => '''',\n    ''date'' => ''hot'',\n    ''description'' => '''',\n  ),\n  1 => \n  array (\n    ''title'' => ''湖北首页文字广告测试'',\n    ''url'' => ''444'',\n    ''thumb'' => '''',\n    ''date'' => '''',\n    ''description'' => '''',\n  ),\n  2 => \n  array (\n    ''title'' => ''湖北首页文字广告测试'',\n    ''url'' => ''4'',\n    ''thumb'' => '''',\n    ''date'' => ''new'',\n    ''description'' => '''',\n  ),\n  3 => \n  array (\n    ''title'' => ''湖北首页文字广告测试'',\n    ''url'' => ''432'',\n    ''thumb'' => '''',\n    ''date'' => '''',\n    ''description'' => '''',\n  ),\n  4 => \n  array (\n    ''title'' => ''湖北首页文字广告测试'',\n    ''url'' => ''431'',\n    ''thumb'' => '''',\n    ''date'' => ''new'',\n    ''description'' => '''',\n  ),\n  5 => \n  array (\n    ''title'' => ''湖北首页文字广告测试'',\n    ''url'' => ''4321'',\n    ''thumb'' => '''',\n    ''date'' => '''',\n    ''description'' => '''',\n  ),\n  6 => \n  array (\n    ''title'' => ''湖北首页文字广告测试'',\n    ''url'' => ''432'',\n    ''thumb'' => '''',\n    ''date'' => ''hot'',\n    ''description'' => '''',\n  ),\n  7 => \n  array (\n    ''title'' => ''湖北首页文字广告测试'',\n    ''url'' => ''4321'',\n    ''thumb'' => '''',\n    ''date'' => ''hot'',\n    ''description'' => '''',\n  ),\n)', 26),
(13, 12, 1, 2, 'array (\n  0 => \n  array (\n    ''title'' => ''莫泰168连锁旅店(广州北站店) '',\n    ''url'' => ''http://dazhe.legoule.com/shop/shop.php?id=170'',\n    ''thumb'' => ''uploadfile/2010/0424/20100424032433765.gif'',\n    ''date'' => '''',\n    ''description'' => '''',\n  ),\n  1 => \n  array (\n    ''title'' => ''维景商务酒店'',\n    ''url'' => ''http://dazhe.legoule.com/shop/shop.php?id=103'',\n    ''thumb'' => ''uploadfile/2010/0424/20100424032439364.gif'',\n    ''date'' => '''',\n    ''description'' => '''',\n  ),\n)', 0),
(14, 12, 1, 2, 'array (\n  0 => \n  array (\n    ''title'' => ''湖北首页大图广告1'',\n    ''url'' => ''#'',\n    ''thumb'' => ''images/testad.jpg'',\n    ''date'' => '''',\n    ''description'' => '''',\n  ),\n  1 => \n  array (\n    ''title'' => ''湖北首页大图广告2'',\n    ''url'' => ''http://henter.me/'',\n    ''thumb'' => ''uploadfile/2010/0424/20100424105242650.jpg'',\n    ''date'' => '''',\n    ''description'' => '''',\n  ),\n)', 26),
(19, 11, 1, 9, 'array (\n  0 => \n  array (\n    ''title'' => ''洞庭人民公社'',\n    ''url'' => ''http://dazhe.legoule.com/shop/shop.php?id=78'',\n    ''thumb'' => ''uploadfile/2010/0425/20100425093213532.gif'',\n    ''date'' => '''',\n    ''description'' => '''',\n  ),\n  1 => \n  array (\n    ''title'' => ''kindyroo亲亲袋鼠'',\n    ''url'' => ''http://dazhe.legoule.com/shop/shop.php?id=94'',\n    ''thumb'' => ''uploadfile/2010/0426/20100426092143670.png'',\n    ''date'' => '''',\n    ''description'' => '''',\n  ),\n  2 => \n  array (\n    ''title'' => ''三栖瘦身减肥 '',\n    ''url'' => ''http://dazhe.legoule.com/shop/shop.php?id=92'',\n    ''thumb'' => ''uploadfile/2010/0425/20100425093313653.gif'',\n    ''date'' => '''',\n    ''description'' => '''',\n  ),\n  3 => \n  array (\n    ''title'' => ''金奥健身俱乐部'',\n    ''url'' => ''http://dazhe.legoule.com/shop/shop.php?id=80'',\n    ''thumb'' => ''uploadfile/2010/0425/20100425093324678.gif'',\n    ''date'' => '''',\n    ''description'' => '''',\n  ),\n  4 => \n  array (\n    ''title'' => ''MSN美圣娜发型机构'',\n    ''url'' => ''http://dazhe.legoule.com/shop/shop.php?id=97'',\n    ''thumb'' => ''uploadfile/2010/0425/20100425093343863.gif'',\n    ''date'' => '''',\n    ''description'' => '''',\n  ),\n  5 => \n  array (\n    ''title'' => ''佐登妮丝美容SPA生活馆(天河店)'',\n    ''url'' => ''http://dazhe.legoule.com/shop/shop.php?id=87'',\n    ''thumb'' => ''uploadfile/2010/0425/20100425093405110.gif'',\n    ''date'' => '''',\n    ''description'' => '''',\n  ),\n  6 => \n  array (\n    ''title'' => ''总统大酒店 '',\n    ''url'' => ''http://dazhe.legoule.com/shop/shop.php?id=96'',\n    ''thumb'' => ''uploadfile/2010/0425/20100425093456799.gif'',\n    ''date'' => '''',\n    ''description'' => '''',\n  ),\n  7 => \n  array (\n    ''title'' => ''地中海国际酒店'',\n    ''url'' => ''http://dazhe.legoule.com/shop/shop.php?id=109'',\n    ''thumb'' => ''uploadfile/2010/0425/20100425093522515.gif'',\n    ''date'' => '''',\n    ''description'' => '''',\n  ),\n  8 => \n  array (\n    ''title'' => ''嘉逸国际酒店'',\n    ''url'' => ''http://dazhe.legoule.com/shop/shop.php?id=151'',\n    ''thumb'' => ''uploadfile/2010/0425/20100425093535658.gif'',\n    ''date'' => '''',\n    ''description'' => '''',\n  ),\n)', 0);

-- --------------------------------------------------------

--
-- 表的结构 `dc_cat`
--

DROP TABLE IF EXISTS `dc_cat`;
CREATE TABLE IF NOT EXISTS `dc_cat` (
  `cid` mediumint(8) unsigned NOT NULL AUTO_INCREMENT,
  `catname` varchar(16) NOT NULL DEFAULT '',
  `catcode` int(8) NOT NULL,
  `setting` text NOT NULL,
  `listorder` smallint(5) unsigned NOT NULL DEFAULT '999',
  `module` varchar(15) NOT NULL,
  `modelid` tinyint(3) unsigned NOT NULL DEFAULT '0',
  `items` mediumint(8) NOT NULL DEFAULT '0',
  `template` varchar(20) NOT NULL,
  `url` char(100) NOT NULL,
  PRIMARY KEY (`cid`),
  KEY `catcode` (`cid`,`listorder`)
) ENGINE=MyISAM  DEFAULT CHARSET=utf8;

--
-- 导出表中的数据 `dc_cat`
--

INSERT INTO `dc_cat` (`cid`, `catname`, `catcode`, `setting`, `listorder`, `module`, `modelid`, `items`, `template`, `url`) VALUES
(1, '餐饮美食', 10, 'array (\n  ''mapmark'' => ''0'',\n  ''mapshow'' => ''0'',\n  ''mapshow_time'' => ''5'',\n  ''mapshow_level'' => ''2'',\n  ''shopapply'' => ''0'',\n  ''shopapply_licence'' => ''0'',\n  ''tplname_cat'' => ''shop_cat'',\n  ''tplname_show'' => ''shop_show'',\n  ''video_url'' => '''',\n  ''avgprice_need'' => ''0'',\n  ''suitplace_enable'' => ''0'',\n  ''suitplaces'' => ''随便吃吃\r\n家庭聚会\r\n情侣约会\r\n朋友聚餐\r\n商务宴请'',\n  ''listorder'' => ''finer'',\n  ''sorts'' => \n  array (\n    ''sort1'' => ''口味'',\n    ''sort2'' => ''服务'',\n    ''sort3'' => ''环境'',\n    ''sort4'' => ''性价比'',\n    ''sort5'' => '''',\n    ''sort6'' => '''',\n    ''sort7'' => '''',\n    ''sort8'' => '''',\n  ),\n  ''keywords'' => '''',\n  ''description'' => '''',\n)', 0, 'shop', 0, 0, '', 'list_10_1.html'),
(2, '川菜', 1001, '', 0, 'shop', 0, 0, '', 'list_1001_1.html'),
(3, '商家新闻', 11, '', 0, 'dearcms', 1, 0, '', 'list_11_1.html'),
(5, '打折信息', 13, '', 0, 'dearcms', 30, 0, '', 'list_13_1.html'),
(6, '分类信息', 14, '', 0, 'dearcms', 27, 0, '', 'list_14_1.html'),
(9, '网站介绍', 15, '', 0, 'dearcms', 1, 0, '', 'list_15_1.html'),
(10, '休闲娱乐', 16, 'array (\n  ''mapmark'' => ''0'',\n  ''mapshow'' => ''0'',\n  ''mapshow_time'' => ''5'',\n  ''mapshow_level'' => ''2'',\n  ''shopapply'' => ''0'',\n  ''shopapply_licence'' => ''0'',\n  ''tplname_cat'' => ''shop_cat'',\n  ''tplname_show'' => ''shop_show'',\n  ''video_url'' => '''',\n  ''suitplace_enable'' => ''0'',\n  ''suitplaces'' => ''随便吃吃\r\n家庭聚会\r\n情侣约会\r\n朋友聚餐\r\n商务宴请'',\n  ''listorder'' => ''finer'',\n  ''sorts'' => \n  array (\n    ''sort1'' => ''服务'',\n    ''sort2'' => ''环境'',\n    ''sort3'' => ''性价比'',\n    ''sort4'' => '''',\n    ''sort5'' => '''',\n    ''sort6'' => '''',\n    ''sort7'' => '''',\n    ''sort8'' => '''',\n  ),\n  ''keywords'' => '''',\n  ''description'' => '''',\n)', 0, 'shop', 0, 0, '', 'list_16_1.html'),
(11, '酒店宾馆', 17, 'array (\n  ''mapmark'' => ''0'',\n  ''mapshow'' => ''0'',\n  ''mapshow_time'' => ''5'',\n  ''mapshow_level'' => ''2'',\n  ''shopapply'' => ''0'',\n  ''shopapply_licence'' => ''0'',\n  ''tplname_cat'' => ''shop_cat'',\n  ''tplname_show'' => ''shop_show'',\n  ''video_url'' => '''',\n  ''suitplace_enable'' => ''0'',\n  ''suitplaces'' => ''随便吃吃\r\n家庭聚会\r\n情侣约会\r\n朋友聚餐\r\n商务宴请'',\n  ''listorder'' => ''finer'',\n  ''sorts'' => \n  array (\n    ''sort1'' => ''房间'',\n    ''sort2'' => ''服务'',\n    ''sort3'' => ''环境'',\n    ''sort4'' => '''',\n    ''sort5'' => '''',\n    ''sort6'' => '''',\n    ''sort7'' => '''',\n    ''sort8'' => '''',\n  ),\n  ''keywords'' => '''',\n  ''description'' => '''',\n)', 0, 'shop', 0, 12, '', 'list_17_1.html'),
(12, '都市丽人', 18, 'array (\n  ''mapmark'' => ''0'',\n  ''mapshow'' => ''0'',\n  ''mapshow_time'' => ''5'',\n  ''mapshow_level'' => ''2'',\n  ''shopapply'' => ''0'',\n  ''shopapply_licence'' => ''0'',\n  ''tplname_cat'' => ''shop_cat'',\n  ''tplname_show'' => ''shop_show'',\n  ''video_url'' => '''',\n  ''suitplace_enable'' => ''0'',\n  ''suitplaces'' => ''随便吃吃\r\n家庭聚会\r\n情侣约会\r\n朋友聚餐\r\n商务宴请'',\n  ''listorder'' => ''finer'',\n  ''sorts'' => \n  array (\n    ''sort1'' => ''效果'',\n    ''sort2'' => ''服务'',\n    ''sort3'' => ''环境'',\n    ''sort4'' => '''',\n    ''sort5'' => '''',\n    ''sort6'' => '''',\n    ''sort7'' => '''',\n    ''sort8'' => '''',\n  ),\n  ''keywords'' => '''',\n  ''description'' => '''',\n)', 0, 'shop', 0, 0, '', 'list_18_1.html'),
(13, '疯狂购物', 19, 'array (\n  ''mapmark'' => ''0'',\n  ''mapshow'' => ''0'',\n  ''mapshow_time'' => ''5'',\n  ''mapshow_level'' => ''2'',\n  ''shopapply'' => ''0'',\n  ''shopapply_licence'' => ''0'',\n  ''tplname_cat'' => ''shop_cat'',\n  ''tplname_show'' => ''shop_show'',\n  ''video_url'' => '''',\n  ''suitplace_enable'' => ''0'',\n  ''suitplaces'' => ''随便吃吃\r\n家庭聚会\r\n情侣约会\r\n朋友聚餐\r\n商务宴请'',\n  ''listorder'' => ''finer'',\n  ''sorts'' => \n  array (\n    ''sort1'' => ''产品'',\n    ''sort2'' => ''服务'',\n    ''sort3'' => ''环境'',\n    ''sort4'' => '''',\n    ''sort5'' => '''',\n    ''sort6'' => '''',\n    ''sort7'' => '''',\n    ''sort8'' => '''',\n  ),\n  ''keywords'' => '''',\n  ''description'' => '''',\n)', 0, 'shop', 0, 0, '', 'list_19_1.html'),
(14, '婚庆礼仪', 20, 'array (\n  ''mapmark'' => ''0'',\n  ''mapshow'' => ''0'',\n  ''mapshow_time'' => ''5'',\n  ''mapshow_level'' => ''2'',\n  ''shopapply'' => ''0'',\n  ''shopapply_licence'' => ''0'',\n  ''tplname_cat'' => ''shop_cat'',\n  ''tplname_show'' => ''shop_show'',\n  ''video_url'' => '''',\n  ''suitplace_enable'' => ''0'',\n  ''suitplaces'' => ''随便吃吃\r\n家庭聚会\r\n情侣约会\r\n朋友聚餐\r\n商务宴请'',\n  ''listorder'' => ''finer'',\n  ''sorts'' => \n  array (\n    ''sort1'' => ''服务'',\n    ''sort2'' => ''价位'',\n    ''sort3'' => '''',\n    ''sort4'' => '''',\n    ''sort5'' => '''',\n    ''sort6'' => '''',\n    ''sort7'' => '''',\n    ''sort8'' => '''',\n  ),\n  ''keywords'' => '''',\n  ''description'' => '''',\n)', 0, 'shop', 0, 0, '', 'list_20_1.html'),
(15, '交通旅行', 21, 'array (\n  ''mapmark'' => ''0'',\n  ''mapshow'' => ''0'',\n  ''mapshow_time'' => ''5'',\n  ''mapshow_level'' => ''2'',\n  ''shopapply'' => ''0'',\n  ''shopapply_licence'' => ''0'',\n  ''tplname_cat'' => ''shop_cat'',\n  ''tplname_show'' => ''shop_show'',\n  ''video_url'' => '''',\n  ''suitplace_enable'' => ''0'',\n  ''suitplaces'' => ''随便吃吃\r\n家庭聚会\r\n情侣约会\r\n朋友聚餐\r\n商务宴请'',\n  ''listorder'' => ''finer'',\n  ''sorts'' => \n  array (\n    ''sort1'' => ''服务'',\n    ''sort2'' => ''价位'',\n    ''sort3'' => '''',\n    ''sort4'' => '''',\n    ''sort5'' => '''',\n    ''sort6'' => '''',\n    ''sort7'' => '''',\n    ''sort8'' => '''',\n  ),\n  ''keywords'' => '''',\n  ''description'' => '''',\n)', 0, 'shop', 0, 0, '', 'list_21_1.html'),
(16, '综合服务', 22, 'array (\n  ''mapmark'' => ''0'',\n  ''mapshow'' => ''0'',\n  ''mapshow_time'' => ''5'',\n  ''mapshow_level'' => ''2'',\n  ''shopapply'' => ''0'',\n  ''shopapply_licence'' => ''0'',\n  ''tplname_cat'' => ''shop_cat'',\n  ''tplname_show'' => ''shop_show'',\n  ''video_url'' => '''',\n  ''suitplace_enable'' => ''0'',\n  ''suitplaces'' => ''随便吃吃\r\n家庭聚会\r\n情侣约会\r\n朋友聚餐\r\n商务宴请'',\n  ''listorder'' => ''finer'',\n  ''sorts'' => \n  array (\n    ''sort1'' => ''服务'',\n    ''sort2'' => ''环境'',\n    ''sort3'' => '''',\n    ''sort4'' => '''',\n    ''sort5'' => '''',\n    ''sort6'' => '''',\n    ''sort7'' => '''',\n    ''sort8'' => '''',\n  ),\n  ''keywords'' => '''',\n  ''description'' => '''',\n)', 0, 'shop', 0, 0, '', 'list_22_1.html'),
(19, '网站公告', 1501, '', 0, 'dearcms', 1, 0, '', 'list_1501_1.html'),
(24, '湖北菜', 1003, '', 0, 'shop', 0, 1, '', 'list_1003_1.html'),
(23, '湘菜', 1002, '', 0, 'shop', 0, 11, '', 'list_1002_1.html'),
(25, '江浙菜', 1004, '', 0, 'shop', 0, 0, '', 'list_1004_1.html'),
(26, '粤菜', 1005, '', 0, 'shop', 0, 1, '', 'list_1005_1.html'),
(27, '东北菜', 1006, '', 0, 'shop', 0, 0, '', 'list_1006_1.html'),
(28, '新疆/清真', 1007, '', 0, 'shop', 0, 1, '', 'list_1007_1.html'),
(29, '西北菜', 1008, '', 0, 'shop', 0, 0, '', 'list_1008_1.html'),
(30, '云南菜', 1009, '', 0, 'shop', 0, 0, '', 'list_1009_1.html'),
(31, '贵州菜', 1010, '', 0, 'shop', 0, 0, '', 'list_1010_1.html'),
(32, '火锅', 1011, '', 0, 'shop', 0, 0, '', 'list_1011_1.html'),
(33, '海鲜', 1012, '', 0, 'shop', 0, 1, '', 'list_1012_1.html'),
(34, '小吃快餐', 1013, '', 0, 'shop', 0, 0, '', 'list_1013_1.html'),
(35, '日韩料理', 1014, '', 0, 'shop', 0, 0, '', 'list_1014_1.html'),
(36, '西餐', 1015, '', 0, 'shop', 0, 1, '', 'list_1015_1.html'),
(37, '自助餐', 1016, '', 0, 'shop', 0, 0, '', 'list_1016_1.html'),
(38, '面包甜点', 1017, '', 0, 'shop', 0, 0, '', 'list_1017_1.html'),
(39, '其他', 1018, '', 0, 'shop', 0, 1, '', 'list_1018_1.html'),
(40, '咖啡厅', 1601, '', 0, 'shop', 0, 2, '', 'list_1601_1.html'),
(41, '酒吧', 1602, '', 0, 'shop', 0, 0, '', 'list_1602_1.html'),
(42, '茶室', 1603, '', 0, 'shop', 0, 0, '', 'list_1603_1.html'),
(43, 'KTV', 1604, '', 0, 'shop', 0, 7, '', 'list_1604_1.html'),
(44, '电影院', 1605, '', 0, 'shop', 0, 1, '', 'list_1605_1.html'),
(45, '文化艺术', 1606, '', 0, 'shop', 0, 0, '', 'list_1606_1.html'),
(46, '景点/郊游', 1607, '', 0, 'shop', 0, 0, '', 'list_1607_1.html'),
(47, '公园', 1608, '', 0, 'shop', 0, 0, '', 'list_1608_1.html'),
(48, '足疗按摩', 1609, '', 0, 'shop', 0, 0, '', 'list_1609_1.html'),
(49, '洗浴', 1610, '', 0, 'shop', 0, 0, '', 'list_1610_1.html'),
(50, '游乐游艺', 1611, '', 0, 'shop', 0, 0, '', 'list_1611_1.html'),
(51, '台球馆', 1612, '', 0, 'shop', 0, 0, '', 'list_1612_1.html'),
(52, '桌面游戏', 1613, '', 0, 'shop', 0, 0, '', 'list_1613_1.html'),
(53, '五星级酒店', 1701, '', 0, 'shop', 0, 9, '', 'list_1701_1.html'),
(54, '四星级酒店', 1702, '', 0, 'shop', 0, 20, '', 'list_1702_1.html'),
(55, '三星级酒店', 1703, '', 0, 'shop', 0, 13, '', 'list_1703_1.html'),
(56, '经济型酒店', 1704, '', 0, 'shop', 0, 19, '', 'list_1704_1.html'),
(57, '公寓式酒店', 1705, '', 0, 'shop', 0, 1, '', 'list_1705_1.html'),
(58, '度假村', 1706, '', 0, 'shop', 0, 0, '', 'list_1706_1.html'),
(59, '农家院', 1707, '', 0, 'shop', 0, 0, '', 'list_1707_1.html'),
(60, '青年旅舍', 1708, '', 0, 'shop', 0, 9, '', 'list_1708_1.html'),
(61, '酒店其他', 1709, '', 0, 'shop', 0, 0, '', 'list_1709_1.html'),
(62, '美发', 1801, '', 0, 'shop', 0, 3, '', 'list_1801_1.html'),
(63, '美容/SPA', 1802, '', 0, 'shop', 0, 14, '', 'list_1802_1.html'),
(64, '化妆品', 1803, '', 0, 'shop', 0, 0, '', 'list_1803_1.html'),
(65, '瘦身纤体', 1804, '', 0, 'shop', 0, 3, '', 'list_1804_1.html'),
(66, '美甲', 1805, '', 0, 'shop', 0, 1, '', 'list_1805_1.html'),
(67, '瑜伽', 1806, '', 0, 'shop', 0, 0, '', 'list_1806_1.html'),
(68, '舞蹈', 1807, '', 0, 'shop', 0, 0, '', 'list_1807_1.html'),
(69, '个性写真', 1808, '', 0, 'shop', 0, 0, '', 'list_1808_1.html'),
(70, '整形', 1809, '', 0, 'shop', 0, 0, '', 'list_1809_1.html'),
(71, '齿科', 1810, '', 0, 'shop', 0, 1, '', 'list_1810_1.html'),
(72, '综合商场', 1901, '', 0, 'shop', 0, 6, '', 'list_1901_1.html'),
(73, '食品茶酒', 1902, '', 0, 'shop', 0, 0, '', 'list_1902_1.html'),
(74, '超市/便利店', 1903, '', 0, 'shop', 0, 0, '', 'list_1903_1.html'),
(75, '服饰鞋包', 1904, '', 0, 'shop', 0, 0, '', 'list_1904_1.html'),
(76, '珠宝饰品', 1905, '', 0, 'shop', 0, 0, '', 'list_1905_1.html'),
(77, '化妆品', 1906, '', 0, 'shop', 0, 0, '', 'list_1906_1.html'),
(78, '运动户外', 1907, '', 0, 'shop', 0, 0, '', 'list_1907_1.html'),
(79, '母婴儿童', 1908, '', 0, 'shop', 0, 0, '', 'list_1908_1.html'),
(80, '品牌折扣店', 1909, '', 0, 'shop', 0, 0, '', 'list_1909_1.html'),
(81, '数码家电', 1910, '', 0, 'shop', 0, 0, '', 'list_1910_1.html'),
(82, '家具家居', 1911, '', 0, 'shop', 0, 0, '', 'list_1911_1.html'),
(83, '特色集市', 1912, '', 0, 'shop', 0, 0, '', 'list_1912_1.html'),
(84, '书店', 1913, '', 0, 'shop', 0, 0, '', 'list_1913_1.html'),
(85, '眼镜店', 1914, '', 0, 'shop', 0, 0, '', 'list_1914_1.html'),
(86, '药店', 1915, '', 0, 'shop', 0, 0, '', 'list_1915_1.html'),
(87, '购物其他', 1916, '', 0, 'shop', 0, 0, '', 'list_1916_1.html'),
(88, '婚纱摄影', 2001, '', 0, 'shop', 0, 3, '', 'list_2001_1.html'),
(89, '婚宴酒店', 2002, '', 0, 'shop', 0, 0, '', 'list_2002_1.html'),
(90, '婚戒首饰', 2003, '', 0, 'shop', 0, 0, '', 'list_2003_1.html'),
(91, '婚纱礼服', 2004, '', 0, 'shop', 0, 0, '', 'list_2004_1.html'),
(92, '婚庆公司', 2005, '', 0, 'shop', 0, 1, '', 'list_2005_1.html'),
(93, '彩妆造型', 2006, '', 0, 'shop', 0, 0, '', 'list_2006_1.html'),
(94, '其他婚礼服务', 2007, '', 0, 'shop', 0, 0, '', 'list_2007_1.html'),
(95, '酒店住宿', 2101, '', 0, 'shop', 0, 0, '', 'list_2101_1.html'),
(96, '旅行社', 2102, '', 0, 'shop', 0, 0, '', 'list_2102_1.html'),
(97, '风景名胜', 2103, '', 0, 'shop', 0, 0, '', 'list_2103_1.html'),
(98, '医院药房', 2201, '', 0, 'shop', 0, 2, '', 'list_2201_1.html'),
(99, '博物馆', 2202, '', 0, 'shop', 0, 0, '', 'list_2202_1.html'),
(100, '二手中介', 2203, '', 0, 'shop', 0, 0, '', 'list_2203_1.html'),
(101, '家政/保洁', 2204, '', 0, 'shop', 0, 0, '', 'list_2204_1.html'),
(102, '装璜装饰', 2205, '', 0, 'shop', 0, 0, '', 'list_2205_1.html'),
(103, '宠物医院', 2206, '', 0, 'shop', 0, 0, '', 'list_2206_1.html'),
(104, '公园', 2207, '', 0, 'shop', 0, 2, '', 'list_2207_1.html'),
(105, '物流/快递', 2208, '', 0, 'shop', 0, 0, '', 'list_2208_1.html'),
(106, '家教', 2209, '', 0, 'shop', 0, 0, '', 'list_2209_1.html'),
(107, '图书馆', 2210, '', 0, 'shop', 0, 0, '', 'list_2210_1.html'),
(108, '消费者协会', 2211, '', 0, 'shop', 0, 0, '', 'list_2211_1.html'),
(109, '彩票中心', 2212, '', 0, 'shop', 0, 0, '', 'list_2212_1.html'),
(110, '保姆/钟点工', 2213, '', 0, 'shop', 0, 0, '', 'list_2213_1.html'),
(111, '洗衣店', 2214, '', 0, 'shop', 0, 0, '', 'list_2214_1.html'),
(112, '搬家', 2215, '', 0, 'shop', 0, 0, '', 'list_2215_1.html'),
(113, '其他', 2216, '', 0, 'shop', 0, 0, '', 'list_2216_1.html'),
(114, '房产家居', 23, 'array (\n  ''mapmark'' => ''0'',\n  ''mapshow'' => ''0'',\n  ''mapshow_time'' => ''5'',\n  ''mapshow_level'' => ''2'',\n  ''shopapply'' => ''0'',\n  ''shopapply_licence'' => ''0'',\n  ''tplname_cat'' => ''shop_cat'',\n  ''tplname_show'' => ''shop_show'',\n  ''video_url'' => '''',\n  ''suitplace_enable'' => ''0'',\n  ''suitplaces'' => ''随便吃吃\r\n家庭聚会\r\n情侣约会\r\n朋友聚餐\r\n商务宴请'',\n  ''listorder'' => ''finer'',\n  ''sorts'' => \n  array (\n    ''sort1'' => ''交通'',\n    ''sort2'' => ''服务'',\n    ''sort3'' => ''价位'',\n    ''sort4'' => '''',\n    ''sort5'' => '''',\n    ''sort6'' => '''',\n    ''sort7'' => '''',\n    ''sort8'' => '''',\n  ),\n  ''keywords'' => '''',\n  ''description'' => '''',\n)', 0, 'shop', 0, 0, '', 'list_23_1.html'),
(115, '教育培训', 24, 'array (\n  ''mapmark'' => ''0'',\n  ''mapshow'' => ''0'',\n  ''mapshow_time'' => ''5'',\n  ''mapshow_level'' => ''2'',\n  ''shopapply'' => ''0'',\n  ''shopapply_licence'' => ''0'',\n  ''tplname_cat'' => ''shop_cat'',\n  ''tplname_show'' => ''shop_show'',\n  ''video_url'' => '''',\n  ''suitplace_enable'' => ''0'',\n  ''suitplaces'' => ''随便吃吃\r\n家庭聚会\r\n情侣约会\r\n朋友聚餐\r\n商务宴请'',\n  ''listorder'' => ''finer'',\n  ''sorts'' => \n  array (\n    ''sort1'' => ''质量'',\n    ''sort2'' => ''价格'',\n    ''sort3'' => '''',\n    ''sort4'' => '''',\n    ''sort5'' => '''',\n    ''sort6'' => '''',\n    ''sort7'' => '''',\n    ''sort8'' => '''',\n  ),\n  ''keywords'' => '''',\n  ''description'' => '''',\n)', 0, 'shop', 0, 0, '', 'list_24_1.html'),
(116, '建筑/设计', 2301, '', 0, 'shop', 0, 3, '', 'list_2301_1.html'),
(117, '小区', 2302, '', 0, 'shop', 0, 0, '', 'list_2302_1.html'),
(118, '大厦/写字楼', 2303, '', 0, 'shop', 0, 2, '', 'list_2303_1.html'),
(119, '商铺', 2304, '', 0, 'shop', 0, 0, '', 'list_2304_1.html'),
(120, '厂房/仓库', 2305, '', 0, 'shop', 0, 0, '', 'list_2305_1.html'),
(121, '物业管理', 2306, '', 0, 'shop', 0, 0, '', 'list_2306_1.html'),
(122, '房产中介', 2307, '', 0, 'shop', 0, 1, '', 'list_2307_1.html'),
(123, '公寓', 2308, '', 0, 'shop', 0, 2, '', 'list_2308_1.html'),
(124, '别墅', 2309, '', 0, 'shop', 0, 1, '', 'list_2309_1.html'),
(125, '普通住宅', 2310, '', 0, 'shop', 0, 0, '', 'list_2310_1.html'),
(126, '家居店', 2311, '', 0, 'shop', 0, 0, '', 'list_2311_1.html'),
(127, '家具店', 2312, '', 0, 'shop', 0, 1, '', 'list_2312_1.html'),
(128, '装修装璜服务', 2313, '', 0, 'shop', 0, 2, '', 'list_2313_1.html'),
(129, '装修建材', 2314, '', 0, 'shop', 0, 0, '', 'list_2314_1.html'),
(130, '幼儿园/托儿所', 2401, '', 0, 'shop', 0, 0, '', 'list_2401_1.html'),
(131, '小学/中学 ', 2402, '', 0, 'shop', 0, 0, '', 'list_2402_1.html'),
(132, '大学', 2403, '', 0, 'shop', 0, 2, '', 'list_2403_1.html'),
(133, '学术/科研', 2404, '', 0, 'shop', 0, 0, '', 'list_2404_1.html'),
(134, '私立学校', 2405, '', 0, 'shop', 0, 0, '', 'list_2405_1.html'),
(135, '技校', 2406, '', 0, 'shop', 0, 0, '', 'list_2406_1.html'),
(136, '军校/党校/武校 ', 2407, '', 0, 'shop', 0, 0, '', 'list_2407_1.html'),
(137, '驾校/陪练', 2408, '', 0, 'shop', 0, 2, '', 'list_2408_1.html'),
(138, '职业技能培训', 2409, '', 0, 'shop', 0, 0, '', 'list_2409_1.html'),
(139, '企业管理', 2410, '', 0, 'shop', 0, 0, '', 'list_2410_1.html'),
(140, '认证培训', 2411, '', 0, 'shop', 0, 0, '', 'list_2411_1.html'),
(141, '电脑培训', 2412, '', 0, 'shop', 0, 0, '', 'list_2412_1.html'),
(142, '语言培训', 2413, '', 0, 'shop', 0, 1, '', 'list_2413_1.html'),
(143, '体育/艺术培训', 2414, '', 0, 'shop', 0, 0, '', 'list_2414_1.html'),
(144, '其他', 2415, '', 0, 'shop', 0, 2, '', 'list_2415_1.html'),
(145, '商务酒店', 1710, '', 999, 'shop', 0, 32, '', 'list_1710_1.html'),
(146, '俱乐部', 1614, '', 999, 'shop', 0, 7, '', 'list_1614_1.html'),
(147, '图书馆', 2217, '', 999, 'shop', 0, 1, '', 'list_2217_1.html');

-- --------------------------------------------------------

--
-- 表的结构 `dc_content`
--

DROP TABLE IF EXISTS `dc_content`;
CREATE TABLE IF NOT EXISTS `dc_content` (
  `contentid` mediumint(8) unsigned NOT NULL AUTO_INCREMENT,
  `catcode` int(8) unsigned NOT NULL DEFAULT '0',
  `typeid` smallint(5) unsigned NOT NULL DEFAULT '0',
  `areacode` int(8) unsigned NOT NULL DEFAULT '0',
  `title` char(255) NOT NULL DEFAULT '',
  `thumb` char(100) NOT NULL DEFAULT '',
  `keywords` char(40) NOT NULL DEFAULT '',
  `description` char(255) NOT NULL DEFAULT '',
  `posids` tinyint(1) unsigned NOT NULL DEFAULT '0',
  `listorder` smallint(5) unsigned NOT NULL DEFAULT '999',
  `status` char(2) NOT NULL DEFAULT '99',
  `userid` mediumint(8) unsigned NOT NULL DEFAULT '0',
  `username` char(20) NOT NULL,
  `inputtime` int(10) unsigned NOT NULL DEFAULT '0',
  `updatetime` int(10) unsigned NOT NULL DEFAULT '0',
  `searchid` mediumint(8) unsigned NOT NULL DEFAULT '0',
  `shopid` mediumint(8) unsigned NOT NULL DEFAULT '0',
  `hits` int(10) NOT NULL,
  `elite` char(10) NOT NULL DEFAULT '',
  `adminid` int(8) NOT NULL,
  `url` char(100) NOT NULL,
  PRIMARY KEY (`contentid`),
  KEY `status` (`status`,`listorder`,`contentid`),
  KEY `listorder` (`catcode`,`status`,`listorder`,`contentid`),
  KEY `catid` (`catcode`,`status`,`contentid`),
  KEY `updatetime` (`catcode`,`status`,`updatetime`),
  KEY `typeid` (`typeid`,`status`,`contentid`)
) ENGINE=MyISAM  DEFAULT CHARSET=utf8;

--
-- 导出表中的数据 `dc_content`
--

INSERT INTO `dc_content` (`contentid`, `catcode`, `typeid`, `areacode`, `title`, `thumb`, `keywords`, `description`, `posids`, `listorder`, `status`, `userid`, `username`, `inputtime`, `updatetime`, `searchid`, `shopid`, `hits`, `elite`, `adminid`, `url`) VALUES
(1, 13, 0, 280101, '1987咖啡厅优惠大礼···', '', '', '&nbsp;1987咖啡厅优惠大礼&middot;&middot;&middot;', 0, 999, '0', 0, 'gds', 1267689590, 1267757300, 0, 2, 2, '1', 3, ''),
(2, 13, 0, 1001, '打折信息test打折信息test打折信息test打折信息test', '', '', '打折信息test打折信息test打折信息test打折信息test打折信息test打折信息test打折信息test打折信息test打折信息test打折信息test打折信息test打折信息test打折信息test打折信息test打折信息test打折信息test打折信息', 0, 999, '0', 0, 'admin', 1267695139, 1267757297, 0, 1, 3, '0', 0, ''),
(3, 1502, 0, 2801, '热烈庆祝乐购乐消费联盟上线~', '', '乐购乐 消费联盟', '热烈庆祝乐购乐消费联盟上线~', 0, 999, '0', 0, 'admin', 1267703908, 1267757293, 0, 0, 17, '1', 0, ''),
(4, 13, 0, 280103, '人民医院重大优惠', '', '', '人民医院重大优惠人民医院重大优惠人民医院重大优惠人民医院重大优惠人民医院重大优惠人民医院重大优惠', 0, 999, '0', 0, 'gds', 1267707040, 1267757289, 0, 65, 2, '0', 3, ''),
(5, 13, 0, 280104, '解放军第421医院', '', '', '解放军第421医院 解放军第421医院 解放军第421医院 解放军第421医院', 0, 999, '0', 0, 'gds', 1267707072, 1267757285, 0, 63, 4, '0', 3, ''),
(6, 13, 0, 280103, '英伦朗文教育机构八五折', '', '', '英伦朗文教育机构八五折英伦朗文教育机构八五折英伦朗文教育机构八五折英伦朗文教育机构八五折英伦朗文教育机构八五折', 0, 999, '0', 0, 'gds', 1267707100, 1267757278, 0, 61, 2, '0', 3, ''),
(7, 13, 0, 280104, '春泥装饰涂料有限公司 八折', '', '', '春泥装饰涂料有限公司春泥装饰涂料有限公司春泥装饰涂料有限公司春泥装饰涂料有限公司春泥装饰涂料有限公司春泥装饰涂料有限公司', 0, 999, '0', 0, 'gds', 1267707126, 1267757274, 0, 56, 2, '0', 3, ''),
(8, 13, 0, 280102, '可丽可心美体中心九折优惠', '', '', '可丽可心美体中心可丽可心美体中心可丽可心美体中心可丽可心美体中心可丽可心美体中心可丽可心美体中心可丽可心美体中心', 0, 999, '0', 0, 'gds', 1267707149, 1267757269, 0, 47, 2, '0', 3, ''),
(9, 13, 0, 280104, '白领婚嫁中心 促销', '', '', '广州白领婚嫁中心 广州白领婚嫁中心 广州白领婚嫁中心 广州白领婚嫁中心 广州白领婚嫁中心 广州白领婚嫁中心 广州白领婚嫁中心 广州白领婚嫁中心 广州白领婚嫁中心', 0, 999, '0', 0, 'gds', 1267707172, 1267757265, 0, 42, 2, '0', 3, ''),
(10, 13, 0, 280104, '天河电影城 半价优惠', '', '', '天河电影城 半价优惠天河电影城 半价优惠天河电影城 半价优惠天河电影城 半价优惠天河电影城 半价优惠天河电影城 半价优惠天河电影城 半价优惠天河电影城 半价优惠天河电影城 半价优惠天河电影城 半价优惠天河电影城', 0, 999, '0', 0, 'gds', 1267707194, 1267757262, 0, 38, 2, '0', 3, ''),
(11, 13, 0, 280103, '包果时尚精品 包果时尚精品', '', '', '包果时尚精品 包果时尚精品 包果时尚精品 包果时尚精品 包果时尚精品 包果时尚精品 包果时尚精品 包果时尚精品', 0, 999, '0', 0, 'gds', 1267707212, 1267757258, 0, 33, 0, '0', 3, ''),
(12, 13, 0, 280103, '萝莉塔少女专门店 八折优惠', '', '', '萝莉塔少女专门店 八折优惠萝莉塔少女专门店 八折优惠萝莉塔少女专门店 八折优惠萝莉塔少女专门店 八折优惠萝莉塔少女专门店 八折优惠萝莉塔少女专门店 八折优惠萝莉塔少女专门店 八折优惠萝莉塔少女专门店 八折优惠', 0, 999, '0', 0, 'gds', 1267707226, 1267757255, 0, 31, 2, '0', 3, ''),
(13, 1502, 0, 280105, '必胜客天河北万佳餐', 'uploadfile/2010/0305/20100305110411254.jpg', '', '（参考）', 0, 999, '0', 0, 'admin', 1267758197, 1267758197, 0, 0, 1, '0', 0, ''),
(14, 14, 0, 280104, '必胜客天河北万佳餐', '', '', '', 0, 999, '0', 0, 'admin', 1267758311, 1267758311, 0, 0, 1, '0', 0, ''),
(15, 13, 0, 280103, '程通驾校学车培训中心第十二分部', '', '', '构参考', 0, 999, '0', 0, 'admin', 1267759033, 1267759189, 0, 67, 0, '0', 0, ''),
(16, 13, 0, 280104, '广州程通驾驶员培训有限公司', '', '', '构参考', 0, 999, '0', 0, 'admin', 1267759078, 1267759182, 0, 66, 0, '0', 0, ''),
(17, 13, 0, 280103, '人民公园', '', '', '构参考', 0, 999, '0', 0, 'admin', 1267759114, 1267759176, 0, 65, 1, '0', 0, ''),
(18, 13, 0, 280103, '百万葵园主题公园(供参考)', '', '', '参考', 0, 999, '99', 0, 'admin', 1267759209, 1267761118, 0, 64, 14, '0', 0, 'show_18.html'),
(19, 13, 0, 280104, '中国人民解放军第421医院(供参考)', '', '', '参考', 0, 999, '99', 0, 'admin', 1267759226, 1267761125, 0, 63, 17, '0', 0, 'show_19.html'),
(20, 13, 0, 280104, '广东国际旅行卫生保健中心(体检中心 )(供参考)', '', '', '参考', 0, 999, '99', 0, 'admin', 1267759278, 1267761132, 0, 62, 23, '0', 0, 'show_20.html'),
(21, 13, 0, 280103, '英伦朗文教育机构(供参考)', '', '', '参考', 0, 999, '99', 0, 'admin', 1267759354, 1267761138, 0, 61, 16, '0', 0, 'show_21.html'),
(22, 13, 0, 280101, '广州家教网(博雅家教中心)(供参考)', '', '', '参考', 0, 999, '99', 0, 'admin', 1267759375, 1267761146, 0, 60, 21, '0', 0, 'show_22.html'),
(23, 13, 0, 280104, '广州大学麓湖校区(供参考)', '', '', '参考', 0, 999, '99', 0, 'admin', 1267759396, 1267761153, 0, 59, 16, '0', 0, 'show_23.html'),
(24, 13, 0, 280104, '广东华南农业大学(供参考)', '', '', '参考', 0, 999, '99', 0, 'admin', 1267759424, 1267761158, 0, 58, 17, '0', 0, 'show_24.html'),
(25, 13, 0, 280103, '程通驾校学车培训中心第十二分部(供参考)', '', '', 'c', 0, 999, '99', 0, 'admin', 1267759507, 1267761165, 0, 67, 21, '0', 0, 'show_25.html'),
(26, 13, 0, 280104, '广州程通驾驶员培训有限公司(供参考)', '', '', '参考', 0, 999, '99', 0, 'admin', 1267759520, 1267761173, 0, 66, 21, '0', 0, 'show_26.html'),
(27, 13, 0, 280103, '人民公园(供参考)', '', '', '参考', 0, 999, '99', 0, 'admin', 1267759532, 1267761179, 0, 65, 17, '0', 0, 'show_27.html'),
(28, 13, 0, 280104, '4444444444', '', '', '444', 0, 999, '0', 0, 'admin', 1267759677, 1267759677, 0, 51, 0, '0', 0, ''),
(29, 13, 0, 280104, '广州天河海棠居公寓(供参考)', '', '', '参考', 0, 999, '99', 0, 'admin', 1267759748, 1267761192, 0, 48, 15, '0', 0, 'show_29.html'),
(30, 13, 0, 280101, '星河湾酒店公寓(供参考)', '', '', '参考', 0, 999, '99', 0, 'admin', 1267759761, 1267761205, 0, 49, 14, '0', 0, 'show_30.html'),
(31, 13, 0, 280104, '合群大厦(供参考)', '', '', '参考', 0, 999, '99', 0, 'admin', 1267759782, 1267761211, 0, 50, 15, '0', 0, 'show_31.html'),
(32, 13, 0, 280104, '米奇天地(供参考)', '', '', '参考', 0, 999, '99', 0, 'admin', 1267759796, 1267761216, 0, 51, 17, '0', 0, 'show_32.html'),
(33, 13, 0, 280104, '广州必美原装进口地板(供参考)', '', '', '参考', 0, 999, '99', 0, 'admin', 1267759811, 1267761225, 0, 52, 16, '0', 0, 'show_33.html'),
(34, 13, 0, 280104, '广州浩项环保科技有限公司(供参考)', '', '', '参考', 0, 999, '99', 0, 'admin', 1267759828, 1267761231, 0, 53, 17, '0', 0, 'show_34.html'),
(35, 13, 0, 280104, '广州利民装修公司(供参考)', '', '', '&nbsp;参考', 0, 999, '99', 0, 'admin', 1267759940, 1267760890, 0, 54, 17, '0', 0, 'show_35.html'),
(36, 13, 0, 280104, '幸福家居金海马分店(供参考)', '', '', '参考', 0, 999, '99', 0, 'admin', 1267759973, 1267760904, 0, 55, 23, '0', 0, 'show_36.html'),
(37, 13, 0, 280104, '广州市春泥装饰涂料有限公司(供参考)', '', '', '&nbsp;参考', 0, 999, '99', 0, 'admin', 1267759990, 1267760920, 0, 56, 19, '0', 0, 'show_37.html'),
(38, 13, 0, 280104, '广州驾势堂设计室(供参考)', '', '', '参考', 0, 999, '99', 0, 'admin', 1267760014, 1267760930, 0, 57, 14, '0', 0, 'show_38.html'),
(39, 13, 0, 280104, '华润万家生活超市天河北店(供参考)', '', '', '参考', 0, 999, '99', 0, 'admin', 1267760061, 1267760945, 0, 28, 18, '0', 0, 'show_39.html'),
(40, 13, 0, 280104, '万佳百货中山店(供参考)', '', '', '参考', 0, 999, '99', 0, 'admin', 1267760080, 1267760959, 0, 29, 18, '0', 0, 'show_40.html'),
(41, 13, 0, 280103, '广百百货总店(供参考)', '', '', '参考', 0, 999, '99', 0, 'admin', 1267760098, 1267760978, 0, 30, 18, '0', 0, 'show_41.html'),
(42, 13, 0, 280103, '萝莉塔少女专门店(供参考)', '', '', '参考', 0, 999, '99', 0, 'admin', 1267760119, 1267760988, 0, 31, 15, '0', 0, 'show_42.html'),
(43, 13, 0, 280103, '奥斯酒业(供参考)', '', '', '参考', 0, 999, '99', 0, 'admin', 1267760134, 1267760996, 0, 32, 15, '0', 0, 'show_43.html'),
(44, 13, 0, 280103, '包果时尚精品(供参考)', '', '', '参考', 0, 999, '99', 0, 'admin', 1267760166, 1267761004, 0, 33, 14, '0', 0, 'show_44.html'),
(45, 13, 0, 280103, '广州古铜屋美黑日晒中心(供参考)', '', '', '参考', 0, 999, '99', 0, 'admin', 1267760189, 1267761012, 0, 34, 16, '0', 0, 'show_45.html'),
(46, 13, 0, 280102, '广州古铜屋美黑日晒中心(供参考)', '', '', '参考', 0, 999, '99', 0, 'admin', 1267760211, 1267761023, 0, 35, 15, '0', 0, 'show_46.html'),
(47, 13, 0, 280102, '加拿大奥瑞拉养生SPA会馆广州旗舰店(供参考)', '', '', '参考', 0, 999, '99', 0, 'admin', 1267760233, 1267762025, 0, 36, 21, '0', 0, 'show_47.html'),
(48, 13, 0, 280103, '绿茵阁咖啡厅江南西路店(供参考)', '', '', '参考', 0, 999, '99', 0, 'admin', 1267760250, 1267761057, 0, 37, 21, '0', 0, 'show_48.html'),
(49, 13, 0, 280104, '天河电影城(供参考)', '', '', '参考', 0, 999, '99', 0, 'admin', 1267760279, 1267761068, 0, 38, 17, '0', 0, 'show_49.html'),
(50, 13, 0, 280104, '广州华师粤海酒店(供参考)', '', '', '参考', 0, 999, '0', 0, 'admin', 1267760322, 1267761075, 0, 39, 15, '0', 0, 'show.php?id=50'),
(51, 13, 0, 280104, '必胜客天河北万佳餐厅(供参考)', '', '', '参考', 0, 999, '0', 0, 'admin', 1267760360, 1267761081, 0, 40, 16, '0', 0, 'show.php?id=51'),
(52, 13, 0, 280105, '广州总统大酒店(供参考)', '', '', '参考', 0, 999, '0', 0, 'admin', 1267760460, 1267761087, 0, 41, 14, '0', 0, 'show.php?id=52'),
(53, 13, 0, 280104, '广州白领婚嫁中心(供参考)', '', '', '参考', 0, 999, '0', 0, 'admin', 1267760551, 1267761092, 0, 42, 15, '0', 0, 'show.php?id=53'),
(54, 13, 0, 280102, '广州爱之缘婚庆策划有限公司(供参考)', '', '', '参考', 0, 999, '0', 0, 'admin', 1267760587, 1267761099, 0, 43, 13, '0', 0, 'show.php?id=54'),
(55, 13, 0, 280101, '田氏三栖减肥瘦身中心先烈中路店 (供参考)', '', '', '参考', 0, 999, '0', 0, 'admin', 1267761326, 1267761326, 0, 44, 0, '0', 0, ''),
(56, 13, 0, 280101, '田氏三栖减肥瘦身中心先烈中路店(供参考)', '', '', '参考', 0, 999, '0', 0, 'admin', 1267761451, 1267761451, 0, 44, 13, '0', 0, 'show.php?id=56'),
(57, 13, 0, 280103, '关心女人美容美体连锁机构(供参考)', '', '', '参考', 0, 999, '0', 0, 'admin', 1267761508, 1267761508, 0, 45, 17, '0', 0, 'show.php?id=57'),
(58, 13, 0, 280102, '广州OSO男士SPA会所东山分店(供参考)', '', '', '参考', 0, 999, '0', 0, 'admin', 1267761540, 1267761540, 0, 46, 19, '0', 0, 'show.php?id=58'),
(59, 13, 0, 280102, '可丽可心美体中心(供参考)', '', '', '参考', 0, 999, '0', 0, 'admin', 1267761576, 1267761576, 0, 47, 13, '0', 0, 'show.php?id=59'),
(60, 13, 0, 280104, 'TONI&GUY(供参考)', '', '', '参考', 0, 999, '0', 0, 'admin', 1267761625, 1267762051, 0, 27, 13, '0', 0, 'show.php?id=60'),
(61, 13, 0, 280107, '正和大酒店(供参考)', '', '', '参考', 0, 999, '0', 0, 'admin', 1267761663, 1267761663, 0, 26, 14, '0', 0, 'show.php?id=61'),
(62, 13, 0, 280107, '科尔海悦酒店(供参考)', '', '', '参考', 0, 999, '0', 0, 'admin', 1267761697, 1267761697, 0, 25, 17, '0', 0, 'show.php?id=62'),
(63, 13, 0, 280103, '天一酒店(供参考)', '', '', '参考', 0, 999, '0', 0, 'admin', 1267761735, 1267761735, 0, 24, 16, '0', 0, 'show.php?id=63'),
(64, 13, 0, 280103, '爱群大酒店(供参考)', '', '', '参考', 0, 999, '0', 0, 'admin', 1267761812, 1267761812, 0, 23, 13, '0', 0, 'show.php?id=64'),
(65, 13, 0, 280105, '相悦大酒店(供参考)', '', '', '参考', 0, 999, '0', 0, 'admin', 1267761838, 1267761838, 0, 22, 16, '0', 0, 'show.php?id=65'),
(66, 13, 0, 280105, '广州越秀天安大厦(供参考)', '', '', '&nbsp; 参考', 0, 999, '0', 0, 'admin', 1267761919, 1267761919, 0, 21, 13, '0', 0, 'show.php?id=66'),
(67, 13, 0, 280105, '国际机场宾馆(供参考)', '', '', '参考', 0, 999, '0', 0, 'admin', 1267761956, 1267761956, 0, 20, 16, '0', 0, 'show.php?id=67'),
(68, 13, 0, 280103, '安心酒店预订网(供参考)', '', '', '参考', 0, 999, '0', 0, 'admin', 1267762095, 1267762095, 0, 19, 17, '0', 0, 'show.php?id=68'),
(69, 13, 0, 280101, '金蚂蚁量贩KTV (供参考)', '', '', '参考', 0, 999, '0', 0, 'admin', 1267764305, 1267764305, 0, 18, 19, '0', 0, 'show.php?id=69'),
(70, 13, 0, 280101, '歌哥量贩式KTV康王加盟店(供参考)', '', '', '参考', 0, 999, '0', 0, 'admin', 1267764337, 1267764337, 0, 17, 27, '0', 0, 'show.php?id=70'),
(71, 13, 0, 280101, '名都会娱乐俱乐部(供参考)', '', '', '&nbsp;参考', 0, 999, '0', 0, 'admin', 1267764367, 1267764367, 0, 16, 16, '0', 0, 'show.php?id=71'),
(72, 13, 0, 280101, '龙胜吧(供参考)', '', '', '参考', 0, 999, '0', 0, 'admin', 1267764406, 1267764406, 0, 15, 18, '0', 0, 'show.php?id=72'),
(73, 13, 0, 280101, '堂会自助餐和卡拉OK天河店(供参考)', '', '', '参考', 0, 999, '0', 0, 'admin', 1267764448, 1267764448, 0, 14, 27, '0', 0, 'show.php?id=73'),
(74, 13, 0, 2801, '艺莱茶苑上社分店(供参考)', '', '', '参考', 0, 999, '0', 0, 'admin', 1267764509, 1267764509, 0, 13, 18, '0', 0, 'show.php?id=74'),
(75, 13, 0, 2801, '湖南人湘菜食馆(供参考)', '', '', '参考', 0, 999, '0', 0, 'admin', 1267764850, 1267764850, 0, 11, 17, '0', 0, 'show.php?id=75'),
(76, 13, 0, 280101, '洞庭土菜馆中山八路店(供参考)', '', '', '参考', 0, 999, '0', 0, 'admin', 1267764891, 1267764891, 0, 10, 16, '0', 0, 'show.php?id=76'),
(77, 13, 0, 280101, '荷塘水榭(供参考)', '', '', '参考', 0, 999, '0', 0, 'admin', 1267764919, 1267764919, 0, 9, 16, '0', 0, 'show.php?id=77'),
(78, 13, 0, 280101, '洞庭土菜馆增槎路店(供参考)', '', '', '参考', 0, 999, '0', 0, 'admin', 1267764942, 1267764942, 0, 8, 22, '0', 0, 'show.php?id=78'),
(79, 13, 0, 280104, '石头咕(供参考)', '', '', '参考', 0, 999, '0', 0, 'admin', 1267765110, 1267765110, 0, 7, 24, '0', 0, 'show.php?id=79'),
(80, 13, 0, 280104, '粗茶香饭(供参考)', '', '', '参考', 0, 999, '0', 0, 'admin', 1267765133, 1267765133, 0, 6, 20, '0', 0, 'show.php?id=80'),
(81, 13, 0, 280104, '湘村馆水荫路店(供参考)', '', '', '参考', 0, 999, '0', 0, 'admin', 1267765157, 1267765157, 0, 5, 31, '0', 0, 'show.php?id=81'),
(82, 13, 0, 280104, '川江鱼头火锅石牌店天河店(供参考)', '', '', '&nbsp;参考', 0, 999, '0', 0, 'admin', 1267765183, 1267765183, 0, 4, 30, '0', 0, 'show.php?id=82'),
(83, 13, 0, 280104, '同湘会天河北路店(分店)(供参考)', '', '', '&nbsp;参考', 0, 999, '0', 0, 'admin', 1267765209, 1267765209, 0, 3, 46, '0', 0, 'show.php?id=83'),
(84, 13, 0, 280101, '1987咖啡厅(供参考勤)', '', '', '参考', 0, 999, '0', 0, 'admin', 1267771852, 1267771852, 0, 2, 31, '0', 0, 'show.php?id=84'),
(85, 13, 0, 1001, '北京国际饭店湘都府( 供参考)', '', '', '参考', 0, 999, '0', 0, 'admin', 1267765253, 1267765253, 0, 1, 25, '0', 0, 'show.php?id=85'),
(86, 1501, 0, 28, '网站公告，仅供参考！', '', '', '网站公告，仅供参考！网站公告，仅供参考！网站公告，仅供参考！网站公告，仅供参考！', 0, 999, '0', 0, 'admin', 1268359262, 1269654209, 0, 0, 52, '0', 0, 'show.php?id=86'),
(87, 13, 0, 280102, '龙洲大酒店', 'uploadfile/2010/0403/20100403094601914_thumb.jpg', '', '酒店门市价七折(广交会除外)', 0, 999, '99', 0, 'qdlin1829', 1270258944, 1270259163, 0, 79, 30, '0', 0, 'show_87.html'),
(88, 13, 0, 280104, '博斯坦宾馆', 'uploadfile/2010/0403/20100403113225566_thumb.jpg', '', '凭卡消费住宿可打6折', 0, 999, '99', 0, 'qdlin1829', 1270265514, 1270265514, 0, 77, 35, '0', 0, 'show_88.html');

-- --------------------------------------------------------

--
-- 表的结构 `dc_coupons`
--

DROP TABLE IF EXISTS `dc_coupons`;
CREATE TABLE IF NOT EXISTS `dc_coupons` (
  `id` mediumint(8) unsigned NOT NULL AUTO_INCREMENT,
  `shopid` mediumint(8) unsigned NOT NULL DEFAULT '0',
  `userid` mediumint(8) NOT NULL DEFAULT '0',
  `username` varchar(30) NOT NULL DEFAULT '',
  `thumb` varchar(255) NOT NULL DEFAULT '',
  `pic` varchar(255) NOT NULL DEFAULT '',
  `starttime` int(10) NOT NULL DEFAULT '0',
  `endtime` int(10) NOT NULL DEFAULT '0',
  `inputtime` int(10) NOT NULL DEFAULT '0',
  `title` varchar(100) NOT NULL DEFAULT '',
  `description` varchar(50) NOT NULL DEFAULT '',
  `content` text NOT NULL,
  `hits` int(10) NOT NULL DEFAULT '0',
  `areacode` int(8) NOT NULL DEFAULT '0',
  `listorder` smallint(5) unsigned NOT NULL DEFAULT '999',
  PRIMARY KEY (`id`),
  KEY `shopid` (`shopid`),
  KEY `userid` (`userid`),
  KEY `inputtime` (`inputtime`)
) ENGINE=MyISAM  DEFAULT CHARSET=utf8;

--
-- 导出表中的数据 `dc_coupons`
--

INSERT INTO `dc_coupons` (`id`, `shopid`, `userid`, `username`, `thumb`, `pic`, `starttime`, `endtime`, `inputtime`, `title`, `description`, `content`, `hits`, `areacode`, `listorder`) VALUES
(1, 9, 0, '', '', 'uploadfile/2010/0408/20100408111533855.jpg', 1270696580, 1272597383, 1270696596, 'henter', 'henter', 'henter', 0, 280101, 999);

-- --------------------------------------------------------

--
-- 表的结构 `dc_c_discount`
--

DROP TABLE IF EXISTS `dc_c_discount`;
CREATE TABLE IF NOT EXISTS `dc_c_discount` (
  `contentid` mediumint(8) unsigned NOT NULL,
  `template` char(30) NOT NULL,
  `content` mediumtext NOT NULL,
  `starttime` int(10) unsigned NOT NULL DEFAULT '0',
  `endtime` int(10) unsigned NOT NULL DEFAULT '0',
  PRIMARY KEY (`contentid`)
) ENGINE=MyISAM DEFAULT CHARSET=gbk;

--
-- 导出表中的数据 `dc_c_discount`
--

INSERT INTO `dc_c_discount` (`contentid`, `template`, `content`, `starttime`, `endtime`) VALUES
(1, '', '&nbsp;1987咖啡厅优惠大礼&middot;&middot;&middot;', 1267689581, 1269503983),
(2, '', '打折信息test打折信息test打折信息test打折信息test打折信息test打折信息test打折信息test打折信息test打折信息test打折信息test打折信息test打折信息test打折信息test打折信息test打折信息test打折信息test打折信息test打折信息test打折信息test打折信息test打折信息test打折信息test打折信息test打折信息test打折信息test打折信息test打折信息test打折信息test打折信息test打折信息test打折信息test打折信息test打折信息test打折信息test打折信息test打折信息test打折信息test打折信息test打折信息test打折信息test', 1267695146, 1269595947),
(4, '', '人民医院重大优惠人民医院重大优惠人民医院重大优惠人民医院重大优惠人民医院重大优惠人民医院重大优惠', 0, 0),
(5, '', '解放军第421医院 解放军第421医院 解放军第421医院 解放军第421医院', 0, 0),
(6, '', '英伦朗文教育机构八五折英伦朗文教育机构八五折英伦朗文教育机构八五折英伦朗文教育机构八五折英伦朗文教育机构八五折', 0, 0),
(7, '', '春泥装饰涂料有限公司春泥装饰涂料有限公司春泥装饰涂料有限公司春泥装饰涂料有限公司春泥装饰涂料有限公司春泥装饰涂料有限公司', 0, 0),
(8, '', '可丽可心美体中心可丽可心美体中心可丽可心美体中心可丽可心美体中心可丽可心美体中心可丽可心美体中心可丽可心美体中心', 0, 0),
(9, '', '广州白领婚嫁中心 广州白领婚嫁中心 广州白领婚嫁中心 广州白领婚嫁中心 广州白领婚嫁中心 广州白领婚嫁中心 广州白领婚嫁中心 广州白领婚嫁中心 广州白领婚嫁中心', 0, 0),
(10, '', '天河电影城 半价优惠天河电影城 半价优惠天河电影城 半价优惠天河电影城 半价优惠天河电影城 半价优惠天河电影城 半价优惠天河电影城 半价优惠天河电影城 半价优惠天河电影城 半价优惠天河电影城 半价优惠天河电影城 半价优惠天河电影城 半价优惠', 0, 0),
(11, '', '包果时尚精品 包果时尚精品 包果时尚精品 包果时尚精品 包果时尚精品 包果时尚精品 包果时尚精品 包果时尚精品', 0, 0),
(12, '', '萝莉塔少女专门店 八折优惠萝莉塔少女专门店 八折优惠萝莉塔少女专门店 八折优惠萝莉塔少女专门店 八折优惠萝莉塔少女专门店 八折优惠萝莉塔少女专门店 八折优惠萝莉塔少女专门店 八折优惠萝莉塔少女专门店 八折优惠萝莉塔少女专门店 八折优惠', 0, 0),
(15, '', '参考', 0, 0),
(16, '', '参考', 0, 0),
(17, '', '<p>参考</p>', 0, 0),
(18, '', '参考', 0, 0),
(19, '', '参考', 0, 0),
(20, '', '参考', 0, 0),
(21, '', '参考', 0, 0),
(22, '', '参考', 0, 0),
(23, '', '<p>参考</p>', 0, 0),
(24, '', '参考', 0, 0),
(25, '', '<p>c</p>', 0, 0),
(26, '', '<p>参考</p>', 0, 0),
(27, '', '参考', 0, 0),
(28, '', '444', 0, 0),
(29, '', '参考', 0, 0),
(30, '', '参考', 0, 0),
(31, '', '参考', 0, 0),
(32, '', '参考', 0, 0),
(33, '', '参考', 0, 0),
(34, '', '参考', 0, 0),
(35, '', '&nbsp;(参考)', 0, 0),
(36, '', '参考', 0, 0),
(37, '', '&nbsp;参考', 0, 0),
(38, '', '参考', 0, 0),
(39, '', '参考', 0, 0),
(40, '', '参考', 0, 0),
(41, '', '参考', 0, 0),
(42, '', '参考', 0, 0),
(43, '', '参考', 0, 0),
(44, '', '参考', 0, 0),
(45, '', '参考', 0, 0),
(46, '', '参考', 0, 0),
(47, '', '参考', 0, 0),
(48, '', '参考', 0, 0),
(49, '', '参考', 0, 0),
(50, '', '参考', 0, 0),
(51, '', '参考', 0, 0),
(52, '', '参考', 0, 0),
(53, '', '参考', 0, 0),
(54, '', '参考', 0, 0),
(55, '', '参考', 0, 0),
(68, '', '参考', 0, 0),
(56, '', '参考', 0, 0),
(57, '', '参考', 0, 0),
(58, '', '参考', 0, 0),
(59, '', '参考', 0, 0),
(60, '', '参考', 0, 0),
(61, '', '参考', 0, 0),
(62, '', '参考', 0, 0),
(63, '', '参考', 0, 0),
(64, '', '参考', 0, 0),
(65, '', '参考', 0, 0),
(66, '', '&nbsp; 参考', 0, 0),
(67, '', '参考', 0, 0),
(69, '', '参考', 0, 0),
(70, '', '参考', 0, 0),
(71, '', '&nbsp;参考', 0, 0),
(72, '', '参考', 0, 0),
(73, '', '参考', 0, 0),
(74, '', '参考', 0, 0),
(75, '', '参考', 0, 0),
(76, '', '参考', 0, 0),
(77, '', '参考', 0, 0),
(78, '', '参考', 0, 0),
(79, '', '参考', 0, 0),
(80, '', '参考', 0, 0),
(81, '', '参考', 0, 0),
(82, '', '&nbsp;参考', 0, 0),
(83, '', '&nbsp;参考', 0, 0),
(84, '', '参考', 0, 0),
(85, '', '参考', 0, 0),
(87, '', '<p>酒店门市价七折(广交会除外)</p>', 0, 0),
(88, '', '凭卡消费住宿可打6折<br />\r\n三楼新粤穆期林多厅8.8折(消费可免费停车)<br />', 0, 0);

-- --------------------------------------------------------

--
-- 表的结构 `dc_c_info`
--

DROP TABLE IF EXISTS `dc_c_info`;
CREATE TABLE IF NOT EXISTS `dc_c_info` (
  `contentid` mediumint(8) unsigned NOT NULL,
  `template` char(30) NOT NULL,
  `content` mediumtext NOT NULL,
  PRIMARY KEY (`contentid`)
) ENGINE=MyISAM DEFAULT CHARSET=gbk;

--
-- 导出表中的数据 `dc_c_info`
--

INSERT INTO `dc_c_info` (`contentid`, `template`, `content`) VALUES
(14, '', '<span><a title=" 必胜客天河北万佳餐厅" href="http://dazhe.legoule.com/shop/shop.php?id=40" target="_blank"><font color="#333333">必胜客天河北万佳餐</font></a></span>');

-- --------------------------------------------------------

--
-- 表的结构 `dc_c_news`
--

DROP TABLE IF EXISTS `dc_c_news`;
CREATE TABLE IF NOT EXISTS `dc_c_news` (
  `contentid` mediumint(8) unsigned NOT NULL,
  `content` mediumtext NOT NULL,
  `copyfrom` varchar(100) NOT NULL,
  PRIMARY KEY (`contentid`)
) ENGINE=MyISAM DEFAULT CHARSET=gbk;

--
-- 导出表中的数据 `dc_c_news`
--

INSERT INTO `dc_c_news` (`contentid`, `content`, `copyfrom`) VALUES
(3, '<span style="color: #ff0000"><span style="font-size: 18px">2010年3月5日<br />\r\n热烈庆祝乐购乐消费联盟上线~</span></span>', ''),
(13, '（参考）', ''),
(86, '网站公告，仅供参考！网站公告，仅供参考！网站公告，仅供参考！网站公告，仅供参考！网站公告，仅供参考！网站公告，仅供参考！网站公告，仅供参考！网站公告，仅供参考！网站公告，仅供参考！网站公告，仅供参考！网站公告，仅供参考！网站公告，仅供参考！网站公告，仅供参考！网站公告，仅供参考！网站公告，仅供参考！网站公告，仅供参考！网站公告，仅供参考！网站公告，仅供参考！网站公告，仅供参考！网站公告，仅供参考！网站公告，仅供参考！网站公告，仅供参考！网站公告，仅供参考！网站公告，仅供参考！网站公告，仅供参考！网站公告，仅供参考！网站公告，仅供参考！网站公告，仅供参考！网站公告，仅供参考！网站公告，仅供参考！网站公告，仅供参考！网站公告，仅供参考！网站公告，仅供参考！', '');

-- --------------------------------------------------------

--
-- 表的结构 `dc_fav`
--

DROP TABLE IF EXISTS `dc_fav`;
CREATE TABLE IF NOT EXISTS `dc_fav` (
  `id` mediumint(8) unsigned NOT NULL AUTO_INCREMENT,
  `forid` int(10) unsigned NOT NULL,
  `userid` mediumint(8) unsigned NOT NULL,
  `module` varchar(20) NOT NULL DEFAULT '',
  `addtime` int(11) unsigned NOT NULL,
  PRIMARY KEY (`id`),
  KEY `userid` (`userid`),
  KEY `forid` (`forid`)
) ENGINE=MyISAM DEFAULT CHARSET=utf8;

--
-- 导出表中的数据 `dc_fav`
--


-- --------------------------------------------------------

--
-- 表的结构 `dc_gbook`
--

DROP TABLE IF EXISTS `dc_gbook`;
CREATE TABLE IF NOT EXISTS `dc_gbook` (
  `id` mediumint(8) unsigned NOT NULL AUTO_INCREMENT,
  `userid` mediumint(8) unsigned NOT NULL DEFAULT '0',
  `username` varchar(16) NOT NULL DEFAULT '',
  `content` text NOT NULL,
  `inputtime` int(10) NOT NULL DEFAULT '0',
  `status` tinyint(1) NOT NULL DEFAULT '1',
  `shopid` int(10) NOT NULL,
  `areacode` int(8) NOT NULL DEFAULT '0',
  PRIMARY KEY (`id`),
  KEY `userid` (`userid`,`inputtime`)
) ENGINE=MyISAM DEFAULT CHARSET=utf8;

--
-- 导出表中的数据 `dc_gbook`
--


-- --------------------------------------------------------

--
-- 表的结构 `dc_help`
--

DROP TABLE IF EXISTS `dc_help`;
CREATE TABLE IF NOT EXISTS `dc_help` (
  `id` mediumint(8) unsigned NOT NULL AUTO_INCREMENT,
  `title` char(255) NOT NULL DEFAULT '',
  `description` char(255) NOT NULL DEFAULT '',
  `keywords` char(40) NOT NULL DEFAULT '',
  `thumb` char(100) NOT NULL DEFAULT '',
  `content` mediumtext NOT NULL,
  `catcode` int(8) NOT NULL,
  `inputtime` int(10) unsigned NOT NULL DEFAULT '0',
  `hits` int(10) NOT NULL,
  `listorder` smallint(5) unsigned NOT NULL DEFAULT '999',
  PRIMARY KEY (`id`)
) ENGINE=MyISAM DEFAULT CHARSET=utf8;

--
-- 导出表中的数据 `dc_help`
--


-- --------------------------------------------------------

--
-- 表的结构 `dc_help_cat`
--

DROP TABLE IF EXISTS `dc_help_cat`;
CREATE TABLE IF NOT EXISTS `dc_help_cat` (
  `cid` mediumint(8) unsigned NOT NULL AUTO_INCREMENT,
  `catname` varchar(16) NOT NULL DEFAULT '',
  `catcode` int(8) NOT NULL,
  `setting` text NOT NULL,
  `listorder` smallint(5) unsigned NOT NULL DEFAULT '999',
  `items` mediumint(8) NOT NULL DEFAULT '0',
  PRIMARY KEY (`cid`),
  KEY `catcode` (`cid`,`listorder`)
) ENGINE=MyISAM  DEFAULT CHARSET=utf8;

--
-- 导出表中的数据 `dc_help_cat`
--

INSERT INTO `dc_help_cat` (`cid`, `catname`, `catcode`, `setting`, `listorder`, `items`) VALUES
(1, '网站介绍', 10, '', 999, 0),
(2, '会员中心', 11, '', 999, 0),
(3, '餐饮休闲频道', 12, '', 999, 0),
(4, '网点服务', 13, '', 999, 0),
(5, '分类信息', 14, '', 999, 0);

-- --------------------------------------------------------

--
-- 表的结构 `dc_marketarea`
--

DROP TABLE IF EXISTS `dc_marketarea`;
CREATE TABLE IF NOT EXISTS `dc_marketarea` (
  `id` mediumint(8) unsigned NOT NULL AUTO_INCREMENT,
  `areaname` varchar(16) NOT NULL DEFAULT '',
  `mappoint` varchar(50) NOT NULL DEFAULT '',
  `areacode` int(8) NOT NULL,
  `listorder` smallint(5) unsigned NOT NULL DEFAULT '999',
  `status` tinyint(1) NOT NULL,
  PRIMARY KEY (`id`),
  KEY `areacode` (`id`,`listorder`)
) ENGINE=MyISAM  DEFAULT CHARSET=utf8;

--
-- 导出表中的数据 `dc_marketarea`
--

INSERT INTO `dc_marketarea` (`id`, `areaname`, `mappoint`, `areacode`, `listorder`, `status`) VALUES
(1, '王府井', '', 1001, 999, 1);

-- --------------------------------------------------------

--
-- 表的结构 `dc_member`
--

DROP TABLE IF EXISTS `dc_member`;
CREATE TABLE IF NOT EXISTS `dc_member` (
  `userid` mediumint(8) unsigned NOT NULL AUTO_INCREMENT,
  `username` char(20) NOT NULL,
  `password` char(32) NOT NULL,
  `touserid` mediumint(8) unsigned NOT NULL DEFAULT '0',
  `email` char(40) NOT NULL,
  `groupid` tinyint(3) unsigned NOT NULL DEFAULT '0',
  `areacode` int(6) unsigned NOT NULL DEFAULT '0',
  `amount` float(6,2) unsigned NOT NULL DEFAULT '0.00',
  `point` smallint(5) unsigned NOT NULL DEFAULT '0',
  `modelid` tinyint(3) unsigned NOT NULL DEFAULT '0',
  `message` tinyint(1) unsigned NOT NULL DEFAULT '0',
  `disabled` tinyint(1) unsigned NOT NULL DEFAULT '0',
  `question` char(50) NOT NULL,
  `answer` char(32) NOT NULL,
  `avatar` int(10) unsigned NOT NULL DEFAULT '0',
  `regip` char(15) NOT NULL,
  `regtime` int(10) unsigned NOT NULL DEFAULT '0',
  `lastloginip` char(15) NOT NULL,
  `lastlogintime` int(10) unsigned NOT NULL DEFAULT '0',
  `logintimes` smallint(5) unsigned NOT NULL DEFAULT '0',
  `note` char(255) NOT NULL,
  `actortype` tinyint(3) unsigned NOT NULL DEFAULT '0',
  `answercount` mediumint(8) unsigned NOT NULL DEFAULT '0',
  `acceptcount` smallint(5) unsigned NOT NULL DEFAULT '0',
  `card` bigint(18) NOT NULL,
  PRIMARY KEY (`userid`),
  UNIQUE KEY `username` (`username`(15)),
  KEY `email` (`email`(20)),
  KEY `groupid` (`groupid`)
) ENGINE=MyISAM  DEFAULT CHARSET=utf8;

--
-- 导出表中的数据 `dc_member`
--

INSERT INTO `dc_member` (`userid`, `username`, `password`, `touserid`, `email`, `groupid`, `areacode`, `amount`, `point`, `modelid`, `message`, `disabled`, `question`, `answer`, `avatar`, `regip`, `regtime`, `lastloginip`, `lastlogintime`, `logintimes`, `note`, `actortype`, `answercount`, `acceptcount`, `card`) VALUES
(1, 'henter', 'e10adc3949ba59abbe56e057f20f883e', 0, '5115898173@qq.com', 1, 1001, 0.00, 0, 10, 0, 0, '', '', 0, '', 0, '127.0.0.1', 1279705212, 17, '', 0, 0, 0, 0),
(2, '9505059', 'dc483e80a7a0bd9ef71d8cf973673924', 0, 'wzf5912@163.com', 1, 220503, 0.00, 0, 10, 0, 0, '', '', 0, '', 0, '', 0, 0, '', 0, 0, 0, 0),
(3, 'anpv0629', '33ce04cd2a596d91b696d77fc629de0b', 0, '472023307@163.com', 1, 211601, 0.00, 0, 10, 0, 0, '', '', 0, '', 0, '58.243.27.170', 1268559872, 2, '', 0, 0, 0, 0),
(4, 'huang5566', '20e5f8bfadbf110dab46a77cd4f05bf0', 0, 'huang5566@163.com', 1, 160901, 0.00, 0, 10, 0, 0, '', '', 0, '', 0, '58.245.130.104', 1268623191, 2, '', 0, 0, 0, 0),
(5, '123654', '733d7be2196ff70efaf6913fc8bdcabf', 0, '1021965975@163.com', 1, 250102, 0.00, 0, 10, 0, 0, '', '', 0, '', 0, '115.55.226.103', 1269013622, 1, '', 0, 0, 0, 0),
(6, '593371266', '4b0887904b35d806dabfbbd5d3978181', 0, '593371266@qq.com', 1, 360301, 0.00, 0, 10, 0, 0, '', '', 0, '', 0, '117.33.11.118', 1269394166, 2, '', 0, 0, 0, 0),
(7, 'hanying', '9495a73d0c497ddc6c818c19672ad976', 0, 'hxbx888@126.com', 1, 150201, 0.00, 0, 10, 0, 0, '', '', 0, '', 0, '', 0, 0, '', 0, 0, 0, 0),
(8, 'hn_wdc', '139d0b1ed651c0838f102afe89195443', 0, 'wudechao80@163.com', 1, 2104, 0.00, 0, 10, 0, 0, '', '', 0, '', 0, '210.45.224.131', 1269761042, 1, '', 0, 0, 0, 0),
(9, 'xgz', 'e10adc3949ba59abbe56e057f20f883e', 0, 'xgz15679669018@163.com', 1, 230812, 0.00, 0, 10, 0, 0, '', '', 0, '', 0, '59.55.214.164', 1269779359, 2, '', 0, 0, 0, 0),
(10, '马庙金谷米专卖', 'ee7110018d17bd61942be51f2d4f5b71', 0, '294163908@qq.com', 1, 24, 0.00, 0, 10, 0, 0, '', '', 0, '', 0, '119.164.8.106', 1269857637, 2, '', 0, 0, 0, 0),
(11, '416198829', 'bd0a9cbac6a8f9519ac390a974964bbb', 0, '416198829@qq.com', 1, 2817, 0.00, 0, 10, 0, 0, '', '', 0, '', 0, '125.93.79.69', 1269978632, 3, '', 0, 0, 0, 0),
(12, '悠游天下', '06c40ce921c8b4eb38e7c511efe15805', 0, '771984599@qq.com', 1, 2903, 0.00, 0, 10, 0, 0, '', '', 0, '', 0, '121.14.27.2', 1270205832, 3, '', 0, 0, 0, 0),
(13, 'hongdaoli', '', 0, 'lidaohong521@163.com', 3, 260102, 0.00, 0, 10, 0, 0, '', '', 0, '', 0, '59.172.134.82', 1270393176, 1, '', 0, 0, 0, 0),
(14, '燕子', 'd9aa366b567d6a923bd0087eb6def5e3', 0, '272547135@qq.com', 1, 2801, 0.00, 0, 10, 0, 0, '', '', 0, '', 0, '113.109.57.122', 1270736990, 1, '', 0, 0, 0, 0),
(15, 'marko', 'e10adc3949ba59abbe56e057f20f883e', 0, 'mmmm@111.com', 1, 280104, 0.00, 0, 10, 0, 0, '', '', 0, '', 0, '219.135.216.98', 1272509167, 1, '', 0, 0, 0, 0),
(16, 'fanyanjing', 'cf8fe6334f9e3d461f1d9919b1cbd022', 0, '314991689@qq.com', 1, 28, 0.00, 0, 10, 0, 0, '', '', 0, '', 0, '222.245.2.96', 1272467549, 1, '', 0, 0, 0, 0);

-- --------------------------------------------------------

--
-- 表的结构 `dc_member_detail`
--

DROP TABLE IF EXISTS `dc_member_detail`;
CREATE TABLE IF NOT EXISTS `dc_member_detail` (
  `userid` mediumint(8) unsigned NOT NULL,
  `truename` varchar(50) NOT NULL DEFAULT '',
  `gender` tinyint(1) NOT NULL DEFAULT '2',
  `msn` varchar(20) NOT NULL DEFAULT '',
  `telephone` varchar(20) NOT NULL DEFAULT '',
  `address` varchar(100) NOT NULL DEFAULT '',
  `qq` varchar(15) NOT NULL DEFAULT '',
  `birthday` datetime NOT NULL,
  `postcode` varchar(15) NOT NULL DEFAULT '',
  `mobile` varchar(15) NOT NULL DEFAULT '',
  UNIQUE KEY `userid` (`userid`)
) ENGINE=MyISAM DEFAULT CHARSET=gbk;

--
-- 导出表中的数据 `dc_member_detail`
--

INSERT INTO `dc_member_detail` (`userid`, `truename`, `gender`, `msn`, `telephone`, `address`, `qq`, `birthday`, `postcode`, `mobile`) VALUES
(1, '', 2, '', '', '', '', '0000-00-00 00:00:00', '', ''),
(2, '', 2, '', '', '', '', '0000-00-00 00:00:00', '', ''),
(3, '周保', 0, '', '', '', '472023307', '1968-03-06 00:00:00', '', ''),
(4, '', 2, '', '', '', '', '0000-00-00 00:00:00', '', ''),
(5, '', 2, '', '', '', '', '0000-00-00 00:00:00', '', ''),
(6, '', 2, '', '', '', '', '0000-00-00 00:00:00', '', ''),
(7, '', 2, '', '', '', '', '0000-00-00 00:00:00', '', ''),
(8, '吴德超', 0, '', '', '', '1113591865', '0000-00-00 00:00:00', '', ''),
(9, '', 2, '', '', '', '', '0000-00-00 00:00:00', '', ''),
(10, '程相辰', 0, '', '', '山东省金乡县马庙镇', '294163908', '0000-00-00 00:00:00', '272202', '15105312941'),
(11, '胡海金', 0, '', '0769-28174780', '', '416198829', '1992-04-07 00:00:00', '', ''),
(12, 'Jason邵', 0, '', '07732157971', '', '771984599', '1966-07-12 00:00:00', '', '15607739101'),
(13, '', 0, '', '', '', '', '0000-00-00 00:00:00', '', ''),
(14, '', 2, '', '', '', '', '0000-00-00 00:00:00', '', ''),
(15, '人人都', 0, 'dczc_ae_koulam_chan_', '020-8988888', '', '11004455668', '2010-05-08 00:00:00', '', '13333333333'),
(16, '', 2, '', '', '', '', '0000-00-00 00:00:00', '', '');

-- --------------------------------------------------------

--
-- 表的结构 `dc_member_group`
--

DROP TABLE IF EXISTS `dc_member_group`;
CREATE TABLE IF NOT EXISTS `dc_member_group` (
  `groupid` tinyint(3) unsigned NOT NULL AUTO_INCREMENT,
  `name` char(20) NOT NULL,
  `issystem` tinyint(1) unsigned NOT NULL DEFAULT '0',
  `allowmessage` smallint(5) unsigned NOT NULL DEFAULT '0',
  `allowvisit` tinyint(1) unsigned NOT NULL DEFAULT '0',
  `allowpost` tinyint(1) unsigned NOT NULL DEFAULT '0',
  `allowsearch` tinyint(1) unsigned NOT NULL DEFAULT '0',
  `allowupgrade` tinyint(1) unsigned NOT NULL DEFAULT '1',
  `price_y` decimal(8,2) unsigned NOT NULL DEFAULT '0.00',
  `price_m` decimal(8,2) unsigned NOT NULL DEFAULT '0.00',
  `price_d` decimal(8,2) unsigned NOT NULL DEFAULT '0.00',
  `description` mediumtext NOT NULL,
  `listorder` smallint(5) unsigned NOT NULL DEFAULT '999',
  `disabled` tinyint(1) unsigned NOT NULL DEFAULT '0',
  PRIMARY KEY (`groupid`),
  KEY `disabled` (`disabled`),
  KEY `listorder` (`listorder`)
) ENGINE=MyISAM  DEFAULT CHARSET=utf8;

--
-- 导出表中的数据 `dc_member_group`
--

INSERT INTO `dc_member_group` (`groupid`, `name`, `issystem`, `allowmessage`, `allowvisit`, `allowpost`, `allowsearch`, `allowupgrade`, `price_y`, `price_m`, `price_d`, `description`, `listorder`, `disabled`) VALUES
(1, '注册会员', 1, 50, 1, 1, 1, 1, 0.00, 0.00, 0.00, '', 1, 0),
(2, '待审核', 1, 0, 1, 0, 0, 1, 0.00, 0.00, 0.00, '', 2, 0),
(3, '禁用', 1, 0, 0, 0, 0, 1, 0.00, 0.00, 0.00, '', 12, 0);

-- --------------------------------------------------------

--
-- 表的结构 `dc_menu`
--

DROP TABLE IF EXISTS `dc_menu`;
CREATE TABLE IF NOT EXISTS `dc_menu` (
  `menuid` smallint(5) unsigned NOT NULL AUTO_INCREMENT,
  `parentid` smallint(5) unsigned NOT NULL DEFAULT '0',
  `name` char(20) NOT NULL,
  `image` char(100) NOT NULL,
  `url` char(100) NOT NULL,
  `target` char(15) NOT NULL DEFAULT 'right',
  `roleids` char(60) NOT NULL,
  `isfolder` tinyint(1) unsigned NOT NULL DEFAULT '0',
  `isopen` tinyint(1) unsigned NOT NULL DEFAULT '0',
  `listorder` smallint(5) unsigned NOT NULL DEFAULT '999',
  `userid` mediumint(8) unsigned NOT NULL DEFAULT '0',
  `keyid` char(30) NOT NULL,
  `pass` int(1) NOT NULL DEFAULT '1',
  PRIMARY KEY (`menuid`),
  KEY `userid` (`userid`),
  KEY `keyid` (`keyid`),
  KEY `parentid` (`parentid`,`listorder`,`menuid`)
) ENGINE=MyISAM  DEFAULT CHARSET=utf8;

--
-- 导出表中的数据 `dc_menu`
--

INSERT INTO `dc_menu` (`menuid`, `parentid`, `name`, `image`, `url`, `target`, `roleids`, `isfolder`, `isopen`, `listorder`, `userid`, `keyid`, `pass`) VALUES
(1, 0, '常用操作', '', '', 'right', '', 1, 0, 0, 0, '', 1),
(2, 0, '基本设置', '', '?file=setting', 'right', '', 1, 0, 0, 0, '', 1),
(3, 0, '网站管理', '', '?file=cat', 'right', '', 1, 0, 0, 0, '', 1),
(4, 0, '用户管理', '', '?mod=member&file=member', 'right', '', 1, 0, 0, 0, '', 1),
(5, 0, '内容管理', '', '?mod=shop&file=shop', 'right', '', 1, 0, 0, 0, '', 1),
(6, 0, '模块管理', '', '?file=module', 'right', '', 1, 0, 0, 0, '', 1),
(7, 0, '插件设置', '', '', 'right', '', 1, 0, 0, 0, '', 0),
(8, 0, '系统工具', '', '?file=html', 'right', '', 1, 0, 0, 0, '', 1),
(9, 6, '模块管理', '', 'admin.php?file=module&action=manage', 'right', '', 1, 0, 0, 0, '', 1),
(10, 14, '地区管理', '', '?file=area', 'right', '', 0, 0, 0, 0, '', 1),
(11, 9, '新建模块', '', 'admin.php?file=module&action=add', 'right', '', 0, 0, 0, 0, '', 1),
(12, 3, '点评栏目', '', '', 'right', '', 1, 0, 0, 0, '', 0),
(13, 3, '模板风格', '', '', 'right', '', 1, 0, 0, 0, '', 1),
(14, 3, '相关管理', '', '', 'right', '', 1, 0, 0, 0, '', 1),
(15, 12, '添加栏目', '', '?file=cat&action=add', 'right', '', 0, 0, 0, 0, '', 1),
(16, 12, '栏目管理', '', '?file=cat', 'right', '', 0, 0, 0, 0, '', 1),
(17, 13, '主站风格管理', '', '?file=template&type=main', 'right', '', 0, 0, 1, 0, '', 1),
(18, 13, '个人空间风格管理', '', '?file=template&type=member', 'right', '', 0, 0, 3, 0, '', 1),
(19, 1, '管理菜单', '', '?file=menu', 'right', '', 0, 0, 0, 0, '', 1),
(20, 1, '后台首页', '', '?file=home', 'right', '', 0, 0, 0, 0, '', 1),
(21, 1, '更新缓存', '', '?file=tools&action=cache', 'right', '', 0, 0, 0, 0, '', 1),
(22, 1, '栏目管理', '', '?file=cat', 'right', '', 0, 0, 0, 0, '', 1),
(23, 1, '会员管理', '', '?mod=member&file=member', 'right', '', 0, 0, 0, 0, '', 1),
(24, 1, '地区管理', '', '?file=area', 'right', '', 0, 0, 0, 0, '', 1),
(25, 1, '网站配置', '', '?file=setting', 'right', '', 0, 0, 0, 0, '', 1),
(26, 9, '模块管理', '', '?file=module', 'right', '', 0, 0, 0, 0, '', 1),
(27, 9, '模块安装', '', '?file=module&action=install', 'right', '', 0, 0, 0, 0, '', 1),
(28, 14, '菜单管理', '', '?file=menu', 'right', '', 0, 0, 0, 0, '', 1),
(29, 13, '商铺风格管理', '', '?file=template&type=shop', 'right', '', 0, 0, 2, 0, '', 1),
(30, 4, '前台用户管理', '', '', 'right', '', 1, 0, 0, 0, '', 1),
(31, 4, '后台用户管理', '', '?file=admin', 'right', '', 1, 0, 0, 0, '', 1),
(32, 30, '用户列表', '', '?mod=member&file=member', 'right', '', 0, 0, 0, 0, '', 1),
(33, 30, '用户组', '', '?mod=member&file=group', 'right', '', 0, 0, 0, 0, '', 1),
(34, 30, '用户等级', '', '?mod=member&file=member&action=rank', 'right', '', 0, 0, 0, 0, '', 1),
(79, 7, '网站插件', '', '', 'right', '', 1, 0, 0, 0, '', 1),
(36, 31, '后台用户列表', '', '?file=admin', 'right', '', 0, 0, 0, 0, '', 1),
(37, 31, '添加后台用户', '', '?file=admin&action=add', 'right', '', 0, 0, 0, 0, '', 1),
(38, 8, '网站工具', '', '', 'right', '', 1, 0, 0, 0, '', 1),
(39, 8, '数据调用', '', '', 'right', '', 0, 0, 0, 0, '', 0),
(40, 8, '数据库管理', '', '', 'right', '', 1, 0, 0, 0, '', 1),
(41, 38, '生成静态', '', '?file=html', 'right', '', 0, 0, 1, 0, '', 1),
(42, 38, '更新网站缓存', '', '?file=tools&action=cache', 'right', '', 0, 0, 3, 0, '', 1),
(43, 38, '重建数据统计', '', '?file=tools&action=rebuild', 'right', '', 0, 0, 4, 0, '', 1),
(44, 38, '模型管理', '', '?file=model', 'right', '', 0, 0, 5, 0, '', 1),
(45, 38, 'PHP信息', '', '?file=tools&action=phpinfo', 'right', '', 0, 0, 6, 0, '', 1),
(46, 2, '类别设置', '', '?file=type', 'right', '', 0, 0, 2, 0, '', 1),
(47, 2, '标签管理', '', '?file=keyword', 'right', '', 0, 0, 3, 0, '', 1),
(48, 2, '地区管理', '', '?file=area', 'right', '', 0, 0, 4, 0, '', 1),
(49, 5, '网站栏目管理', '', '?file=cat', 'right', '', 0, 0, 5, 0, '', 1),
(50, 2, '网站配置', '', '?file=setting', 'right', '', 0, 0, 6, 0, '', 1),
(51, 2, '菜单管理', '', '?file=menu', 'right', '', 0, 0, 1, 0, '', 1),
(52, 5, '所有内容', '', '?file=content_all', 'right', '', 0, 0, 1, 0, '', 1),
(53, 5, '内容审核', '', '?file=content_all&action=inspect', 'right', '', 0, 0, 2, 0, '', 0),
(54, 5, '碎片管理', '', '?file=block', 'right', '', 0, 0, 3, 0, '', 1),
(55, 5, '内容发布管理', '', '?file=content', 'right', '', 0, 0, 4, 0, '', 1),
(56, 5, '审核', '', '', 'right', '', 1, 0, 6, 0, '', 1),
(57, 56, '审核商铺', '', '?mod=shop&file=shop&check=1', 'right', '', 0, 0, 0, 0, '', 1),
(58, 56, '审核点评', '', '?mod=shop&file=review&check=1', 'right', '', 0, 0, 0, 0, '', 1),
(59, 56, '审核回应', '', '?mod=shop&file=respond&check=1', 'right', '', 0, 0, 0, 0, '', 1),
(60, 56, '审核图片', '', '?mod=shop&file=pic&check=1', 'right', '', 0, 0, 0, 0, '', 1),
(61, 5, '商铺管理', '', '', 'right', '', 1, 0, 7, 0, '', 1),
(62, 61, '添加商铺', '', '?mod=shop&file=shop&action=add', 'right', '', 0, 0, 0, 0, '', 1),
(63, 61, '商铺管理', '', '?mod=shop&file=shop', 'right', '', 0, 0, 0, 0, '', 1),
(64, 61, '商铺补充', '', '?mod=shop&file=up', 'right', '', 0, 0, 0, 0, '', 1),
(65, 61, '商铺认领', '', '?mod=shop&file=apply', 'right', '', 0, 0, 0, 0, '', 1),
(66, 61, '商铺风格', '', '?file=template&type=shop', 'right', '', 0, 0, 0, 0, '', 1),
(67, 61, '图片管理', '', '?mod=shop&file=pic', 'right', '', 0, 0, 0, 0, '', 1),
(68, 61, '标签管理', '', '?file=keyword&module=shop', 'right', '', 0, 0, 0, 0, '', 1),
(69, 5, '点评/回应', '', '', 'right', '', 1, 0, 8, 0, '', 1),
(70, 69, '点评管理', '', '?mod=shop&file=review', 'right', '', 0, 0, 0, 0, '', 1),
(71, 69, '点评举报', '', '?mod=shop&file=review&action=reports', 'right', '', 0, 0, 0, 0, '', 0),
(72, 69, '回应管理', '', '?mod=shop&file=respond', 'right', '', 0, 0, 0, 0, '', 1),
(73, 69, '留言管理', '', '?mod=shop&file=gbook', 'right', '', 0, 0, 0, 0, '', 1),
(80, 79, '插件管理', '', '?file=plugins', 'right', '', 0, 0, 0, 0, '', 1),
(78, 30, '用户模型', '', '?mod=member&file=member_model', 'right', '', 0, 0, 0, 0, '', 1),
(81, 79, '添加插件', '', '?file=plugins&action=add', 'right', '', 0, 0, 0, 0, '', 1),
(82, 61, '商铺栏目管理', '', '?mod=shop&file=cat', 'right', '', 0, 0, 0, 0, '', 1),
(83, 61, '商铺字段管理', '', '?mod=shop&file=model_field', 'right', '', 0, 0, 0, 0, '', 1),
(84, 0, '代理商后台菜单', '', '', 'right', '', 1, 0, 0, 0, '', 1),
(85, 84, '商铺', '', '?file=shop&action=manage', 'right', '', 1, 0, 2, 0, '', 1),
(86, 84, '内容', '', '?file=content', 'right', '', 1, 0, 3, 0, '', 1),
(87, 84, '用户', '', '?file=admin', 'right', '', 1, 0, 4, 0, '', 1),
(88, 84, '广告', '', '?file=ads', 'right', '', 1, 0, 5, 0, '', 0),
(89, 85, '管理商铺', '', '?file=shop&action=manage', 'right', '', 0, 0, 0, 0, '', 1),
(90, 85, '添加商铺', '', '?file=shop&action=add', 'right', '', 0, 0, 0, 0, '', 1),
(91, 85, '点评管理', '', '?file=review&action=manage', 'right', '', 0, 0, 0, 0, '', 1),
(99, 5, '发布信息', '', '?file=content&action=catselect', 'right', '', 0, 0, 2, 0, '', 1),
(93, 86, '内容管理', '', '?file=content&action=manage', 'right', '', 0, 0, 0, 0, '', 1),
(94, 86, '发布信息', '', '?file=content&action=catselect', 'right', '', 0, 0, 0, 0, '', 1),
(95, 87, '用户管理', '', '?file=member&action=manage', 'right', '', 0, 0, 0, 0, '', 0),
(96, 87, '添加用户', '', '?file=member&action=add', 'right', '', 0, 0, 0, 0, '', 0),
(97, 88, '广告管理', '', '?file=ads&action=manage', 'right', '', 0, 0, 0, 0, '', 1),
(98, 30, '添加用户', '', '?mod=member&file=member&action=add', 'right', '', 0, 0, 0, 0, '', 1),
(100, 31, '后台用户组', '', '?file=role', 'right', '', 0, 0, 0, 0, '', 1),
(101, 84, '审核', '', '?file=shop&action=manage&check=1', 'right', '', 1, 0, 1, 0, '', 0),
(102, 101, '审核商铺', '', '?file=shop&action=manage&check=1', 'right', '', 0, 0, 0, 0, '', 1),
(103, 101, '审核点评', '', '?file=review&action=manage&check=1', 'right', '', 0, 0, 0, 0, '', 1),
(104, 101, '审核回应', '', '?file=respond&action=manage&check=1', 'right', '', 0, 0, 0, 0, '', 1),
(105, 101, '审核图片', '', '?file=pic&action=manage&check=1', 'right', '', 0, 0, 0, 0, '', 1),
(106, 6, '广告管理', '', '', '', '', 1, 0, 0, 0, 'ads', 1),
(114, 88, '添加广告', '', '?file=ads&action=add', 'right', '', 0, 0, 0, 0, '', 1),
(108, 106, '添加广告位', '', '?mod=ads&file=ads_place&action=add', 'right', '', 0, 0, 0, 0, 'ads', 1),
(109, 106, '管理广告位', '', '?mod=ads&file=ads_place&action=manage', 'right', '', 0, 0, 0, 0, 'ads', 1),
(110, 106, '添加广告', '', '?mod=ads&file=ads&action=add', 'right', '', 0, 0, 0, 0, 'ads', 1),
(111, 106, '管理广告', '', '?mod=ads&file=ads&action=manage', 'right', '', 0, 0, 0, 0, 'ads', 1),
(112, 106, '更新Html和JS', '', '?mod=ads&file=ads_place&action=createhtml', 'right', '', 0, 0, 0, 0, 'ads', 1),
(113, 106, '模块配置', '', '?mod=ads&file=setting', 'right', '', 0, 0, 0, 0, 'ads', 1),
(115, 85, '回应管理', '', '?file=respond&action=manage', 'right', '', 0, 0, 0, 0, '', 0),
(116, 85, '图片管理', '', '?file=pic&action=manage', 'right', '', 0, 0, 0, 0, '', 0),
(117, 87, '添加管理员', '', '?file=admin&action=add', 'right', '', 0, 0, 0, 0, '', 1),
(118, 87, '管理员列表', '', '?file=admin', 'right', '', 0, 0, 0, 0, '', 1),
(119, 84, '站点设置', '', '?file=areaconfig', 'right', '', 0, 0, 0, 0, '', 1),
(120, 61, '推荐位管理', '', '?file=position&module=shop', 'right', '', 0, 0, 0, 0, '', 1),
(121, 40, '数据库备份', '', '?file=database&action=export', 'right', '', 0, 0, 0, 0, '', 1),
(122, 40, '数据库恢复', '', '?file=database&action=import', 'right', '', 0, 0, 0, 0, '', 1),
(123, 40, '数据库修复', '', '?file=database&action=repair', 'right', '', 0, 0, 0, 0, '', 1),
(124, 40, '执行SQL', '', '?file=database&action=executesql', 'right', '', 0, 0, 0, 0, '', 1),
(125, 40, '字符串替换', '', '?file=database&action=replace', 'right', '', 0, 0, 0, 0, '', 1),
(126, 38, '更改后台目录', '', '?file=admindir', 'right', '', 0, 0, 7, 0, '', 1),
(127, 6, '帮助中心', '', '', '', '', 1, 0, 0, 0, 'help', 1),
(128, 127, '管理帮助分类', '', '?mod=help&file=cat', 'right', '', 0, 0, 0, 0, 'help', 1),
(129, 127, '管理帮助信息', '', '?mod=help&file=help', 'right', '', 0, 0, 0, 0, 'help', 1),
(130, 38, '更新URL', '', '?file=url', 'right', '', 0, 0, 2, 0, '', 1),
(131, 6, '优惠券', '', '', '', '', 1, 0, 0, 0, 'coupons', 1),
(132, 131, '添加优惠券', '', '?mod=coupons&file=coupons&action=add', 'right', '', 0, 0, 0, 0, 'coupons', 1),
(133, 131, '管理优惠券', '', '?mod=coupons&file=coupons', 'right', '', 0, 0, 0, 0, 'coupons', 1);

-- --------------------------------------------------------

--
-- 表的结构 `dc_model`
--

DROP TABLE IF EXISTS `dc_model`;
CREATE TABLE IF NOT EXISTS `dc_model` (
  `modelid` tinyint(3) unsigned NOT NULL AUTO_INCREMENT,
  `name` varchar(30) NOT NULL,
  `description` varchar(255) NOT NULL,
  `tablename` varchar(20) NOT NULL,
  `itemname` varchar(10) NOT NULL,
  `itemunit` varchar(10) NOT NULL,
  `workflowid` tinyint(3) unsigned NOT NULL DEFAULT '0',
  `template_category` varchar(30) NOT NULL,
  `template_list` varchar(30) NOT NULL,
  `template_show` varchar(30) NOT NULL,
  `template_print` varchar(30) NOT NULL,
  `ishtml` tinyint(1) unsigned NOT NULL DEFAULT '0',
  `category_urlruleid` tinyint(1) unsigned NOT NULL DEFAULT '0',
  `show_urlruleid` tinyint(1) unsigned NOT NULL DEFAULT '0',
  `enablesearch` tinyint(1) unsigned NOT NULL DEFAULT '1',
  `ischeck` tinyint(1) unsigned NOT NULL DEFAULT '1',
  `isrelated` tinyint(1) unsigned NOT NULL DEFAULT '1',
  `disabled` tinyint(1) unsigned NOT NULL DEFAULT '0',
  `modeltype` tinyint(1) unsigned NOT NULL DEFAULT '0',
  PRIMARY KEY (`modelid`)
) ENGINE=MyISAM  DEFAULT CHARSET=utf8;

--
-- 导出表中的数据 `dc_model`
--

INSERT INTO `dc_model` (`modelid`, `name`, `description`, `tablename`, `itemname`, `itemunit`, `workflowid`, `template_category`, `template_list`, `template_show`, `template_print`, `ishtml`, `category_urlruleid`, `show_urlruleid`, `enablesearch`, `ischeck`, `isrelated`, `disabled`, `modeltype`) VALUES
(1, '新闻', '', 'news', '新闻', '篇', 1, 'category', 'list', 'show', 'print', 1, 1, 7, 1, 1, 1, 0, 0),
(10, '普通会员', '', 'detail', '', '', 0, '', '', '', '', 0, 0, 0, 1, 0, 1, 0, 2),
(11, '商家', '生活商家信息', 'shop', '', '', 0, '', '', '', '', 0, 0, 0, 1, 1, 1, 0, 9),
(27, '分类信息', '分类信息', 'info', '信息', '条', 0, 'cat', 'list', 'show', 'print', 0, 0, 0, 1, 1, 1, 0, 0),
(30, '打折信息', '商家折扣信息', 'discount', '打折', '条', 0, '', '', '', '', 0, 0, 0, 1, 1, 1, 0, 0);

-- --------------------------------------------------------

--
-- 表的结构 `dc_model_field`
--

DROP TABLE IF EXISTS `dc_model_field`;
CREATE TABLE IF NOT EXISTS `dc_model_field` (
  `fieldid` mediumint(8) unsigned NOT NULL AUTO_INCREMENT,
  `modelid` tinyint(3) unsigned NOT NULL DEFAULT '0',
  `field` varchar(20) NOT NULL,
  `name` varchar(30) NOT NULL,
  `tips` text NOT NULL,
  `css` varchar(30) NOT NULL,
  `minlength` int(10) unsigned NOT NULL DEFAULT '0',
  `maxlength` int(10) unsigned NOT NULL DEFAULT '0',
  `pattern` varchar(255) NOT NULL,
  `errortips` varchar(255) NOT NULL,
  `formtype` varchar(20) NOT NULL,
  `setting` mediumtext NOT NULL,
  `formattribute` varchar(255) NOT NULL,
  `unsetgroupids` varchar(255) NOT NULL,
  `unsetroleids` varchar(255) NOT NULL,
  `iscore` tinyint(1) unsigned NOT NULL DEFAULT '0',
  `issystem` tinyint(1) unsigned NOT NULL DEFAULT '0',
  `isunique` tinyint(1) unsigned NOT NULL DEFAULT '0',
  `isbase` tinyint(1) unsigned NOT NULL DEFAULT '1',
  `issearch` tinyint(1) unsigned NOT NULL DEFAULT '0',
  `isselect` tinyint(1) unsigned NOT NULL DEFAULT '0',
  `iswhere` tinyint(1) unsigned NOT NULL DEFAULT '0',
  `isorder` tinyint(1) unsigned NOT NULL DEFAULT '0',
  `islist` tinyint(1) unsigned NOT NULL DEFAULT '0',
  `isshow` tinyint(1) unsigned NOT NULL DEFAULT '0',
  `isadd` tinyint(1) unsigned NOT NULL DEFAULT '1',
  `isfulltext` tinyint(1) unsigned NOT NULL DEFAULT '1',
  `listorder` smallint(5) unsigned NOT NULL DEFAULT '999',
  `disabled` tinyint(1) unsigned NOT NULL DEFAULT '0',
  PRIMARY KEY (`fieldid`),
  KEY `modelid` (`modelid`,`disabled`),
  KEY `field` (`field`,`modelid`)
) ENGINE=MyISAM  DEFAULT CHARSET=utf8;

--
-- 导出表中的数据 `dc_model_field`
--

INSERT INTO `dc_model_field` (`fieldid`, `modelid`, `field`, `name`, `tips`, `css`, `minlength`, `maxlength`, `pattern`, `errortips`, `formtype`, `setting`, `formattribute`, `unsetgroupids`, `unsetroleids`, `iscore`, `issystem`, `isunique`, `isbase`, `issearch`, `isselect`, `iswhere`, `isorder`, `islist`, `isshow`, `isadd`, `isfulltext`, `listorder`, `disabled`) VALUES
(1, 1, 'contentid', 'ID', '', '', 0, 0, '', '', 'number', '', '', '', '', 1, 1, 0, 1, 0, 1, 0, 1, 1, 0, 1, 0, 0, 0),
(2, 1, 'catcode', '栏目', '', '', 1, 6, '/^[0-9]{1,6}$/', '请选择栏目', 'catcode', 'array (\n  ''defaultvalue'' => '''',\n)', '', '-99', '-99', 0, 1, 0, 1, 1, 1, 1, 0, 1, 1, 1, 0, 1, 0),
(3, 1, 'typeid', '类别', '', '', 0, 0, '', '', 'typeid', 'array (\n  ''minnumber'' => '''',\n  ''maxnumber'' => '''',\n  ''defaultvalue'' => '''',\n)', '', '-99', '-99', 0, 1, 0, 1, 1, 1, 1, 0, 1, 1, 1, 0, 2, 1),
(4, 1, 'areacode', '地区', '', '', 0, 0, '', '', 'areacode', 'array (\n  ''defaultvalue'' => '''',\n)', '', '', '', 0, 1, 0, 1, 1, 1, 1, 0, 1, 1, 1, 0, 3, 0),
(5, 1, 'title', '标题', '', 'inputtitle', 0, 255, '', '', 'title', 'array (\n  ''size'' => ''50'',\n  ''defaultvalue'' => '''',\n)', '', '-99', '-99', 0, 1, 1, 1, 1, 1, 1, 1, 1, 1, 1, 1, 4, 0),
(8, 1, 'thumb', '缩略图', '', '', 0, 100, '', '', 'image', 'array (\n  ''size'' => ''50'',\n  ''defaultvalue'' => '''',\n  ''upload_maxsize'' => ''1024'',\n  ''upload_allowext'' => ''jpg|jpeg|gif|png'',\n  ''thumb_width'' => ''300'',\n  ''thumb_height'' => ''300'',\n  ''iswatermark'' => ''1'',\n)', '', '', '', 0, 1, 0, 1, 0, 1, 1, 0, 1, 1, 1, 0, 6, 0),
(704, 11, 'id', 'ID', '', '', 0, 0, '', '', '', '', '', '', '', 1, 1, 0, 1, 0, 0, 0, 1, 1, 1, 1, 1, 0, 0),
(705, 11, 'userid', '添加者', '', '', 0, 0, '', '', 'userid', '', '', '', '', 1, 1, 0, 1, 0, 1, 1, 1, 0, 0, 1, 1, 0, 0),
(9, 1, 'keywords', '关键词', '多关键词之间用空格隔开', '', 0, 40, '', '', 'keyword', 'array (\n  ''size'' => ''50'',\n  ''defaultvalue'' => '''',\n)', '', '-99', '-99', 0, 1, 0, 1, 1, 1, 1, 0, 0, 1, 1, 1, 7, 0),
(7088, 11, 'discount', '打折信息', '填写折扣信息，如：85折', '', 0, 0, '', '', 'text', 'array (\n  ''size'' => ''30'',\n  ''defaultvalue'' => '''',\n  ''ispassword'' => ''0'',\n)', '', '', '', 0, 0, 0, 1, 0, 0, 0, 0, 0, 0, 1, 1, 14, 0),
(7089, 30, 'contentid', 'ID', '', '', 0, 0, '', '', 'number', '', '', '', '', 1, 1, 0, 1, 0, 1, 0, 1, 1, 1, 1, 0, 0, 0),
(12, 1, 'description', '摘要', '', '', 0, 255, '', '', 'textarea', 'array (\n  ''rows'' => ''4'',\n  ''cols'' => ''20'',\n  ''defaultvalue'' => '''',\n  ''enablekeylink'' => ''0'',\n  ''replacenum'' => '''',\n  ''checkcharacter'' => ''1'',\n)', 'style="width:80%"', '-99', '-99', 0, 1, 0, 1, 0, 1, 0, 0, 1, 1, 1, 1, 10, 0),
(13, 1, 'userid', '发布人', '', '', 0, 0, '', '', 'userid', '', '', '', '', 1, 1, 0, 1, 0, 1, 1, 0, 0, 0, 1, 0, 11, 0),
(14, 1, 'updatetime', '更新时间', '', '', 0, 0, '', '', 'datetime', 'array (\r\n  ''dateformat'' => ''int'',\r\n  ''format'' => ''Y-m-d H:i:s'',\r\n  ''defaulttype'' => ''1'',\r\n  ''defaultvalue'' => '''',\r\n)', '', '', '', 1, 1, 0, 1, 0, 1, 1, 1, 0, 0, 1, 0, 12, 0),
(15, 1, 'content', '内容', '<label><input name="add_introduce" type="checkbox"  value="1" checked>是否截取内容</label><br><input type="text" name="introcude_length" value="200" size="3">字符至内容摘要\r\n<br/><br/>\r\n<label><input type=''checkbox'' name=''auto_thumb'' value="1" checked>是否获取内容第</label><br><input type="text" name="auto_thumb_no" value="1" size="2" class="">张图片作为标题图片', '', 1, 999999, '', '', 'editor', 'array (\n  ''toolbar'' => ''standard'',\n  ''width'' => ''90%'',\n  ''height'' => ''350'',\n  ''defaultvalue'' => '''',\n  ''storage'' => ''database'',\n  ''enablekeylink'' => ''1'',\n  ''replacenum'' => ''2'',\n  ''enablesaveimage'' => ''1'',\n)', '', '-99', '-99', 0, 0, 0, 1, 1, 0, 0, 0, 0, 0, 1, 1, 13, 0),
(17, 1, 'inputtime', '发布时间', '', '', 0, 0, '', '', 'datetime', 'array (\n  ''dateformat'' => ''int'',\n  ''format'' => ''Y-m-d H:i:s'',\n  ''defaulttype'' => ''1'',\n  ''defaultvalue'' => '''',\n)', '', '', '', 0, 1, 0, 0, 0, 1, 1, 1, 0, 0, 0, 0, 15, 0),
(23, 1, 'listorder', '排序', '', '', 0, 6, '', '', 'number', '', '', '', '', 1, 1, 0, 1, 0, 0, 0, 1, 0, 0, 1, 0, 97, 0),
(689, 27, 'contentid', 'ID', '', '', 0, 0, '', '', 'number', '', '', '', '', 1, 1, 0, 1, 0, 1, 0, 1, 1, 1, 1, 0, 0, 0),
(690, 27, 'catcode', '栏目', '', '', 1, 9999, '/^[0-9]+$/', '请选择所属栏目', 'catcode', 'array (\n  ''defaultvalue'' => '''',\n)', '', '', '', 0, 1, 0, 1, 1, 1, 1, 0, 1, 1, 1, 0, 1, 0),
(691, 27, 'typeid', '类别', '', '', 1, 0, '/^[0-9-]+$/', '', 'typeid', 'array (\n  ''minnumber'' => '''',\n  ''maxnumber'' => '''',\n  ''defaultvalue'' => '''',\n)', '', '', '', 0, 1, 0, 1, 1, 1, 1, 0, 1, 1, 1, 0, 2, 1),
(692, 27, 'areacode', '地区', '', '', 0, 0, '', '', 'areacode', 'array (\n  ''defaultvalue'' => '''',\n)', '', '', '', 0, 1, 0, 1, 1, 1, 1, 0, 1, 1, 1, 0, 3, 0),
(693, 27, 'title', '标题', '', 'inputtitle', 1, 80, '', '', 'title', 'array (\n  ''size'' => ''60'',\n  ''defaultvalue'' => '''',\n)', '', '', '', 0, 1, 0, 1, 1, 1, 0, 0, 1, 1, 1, 1, 4, 0),
(694, 27, 'thumb', '缩略图', '', '', 0, 100, '', '', 'image', 'array (\n  ''size'' => ''50'',\n  ''defaultvalue'' => '''',\n  ''upload_maxsize'' => ''1024'',\n  ''upload_allowext'' => ''jpg|jpeg|gif|png|bmp'',\n  ''isselectimage'' => ''1'',\n  ''isthumb'' => ''1'',\n  ''thumb_width'' => ''300'',\n  ''thumb_height'' => ''300'',\n  ''iswatermark'' => ''1'',\n  ''watermark_img'' => ''images/watermark.gif'',\n)', '', '', '', 0, 1, 0, 1, 0, 1, 1, 0, 1, 1, 1, 0, 6, 0),
(695, 27, 'keywords', '关键词', '多个关键词之间用空格隔开', '', 0, 40, '', '', 'keyword', 'array (\n  ''size'' => ''50'',\n  ''defaultvalue'' => '''',\n)', '', '', '', 0, 1, 0, 1, 1, 1, 1, 0, 0, 1, 1, 1, 7, 0),
(696, 27, 'description', '摘要', '', '', 0, 255, '', '', 'textarea', 'array (\n  ''rows'' => ''4'',\n  ''cols'' => ''50'',\n  ''defaultvalue'' => '''',\n  ''enablehtml'' => ''0'',\n  ''enablekeylink'' => ''0'',\n  ''enablefilterword'' => ''0'',\n)', '', '', '', 0, 1, 0, 1, 0, 1, 0, 0, 1, 1, 1, 1, 8, 0),
(697, 27, 'listorder', '排序', '', '', 1, 1, '', '', 'number', '', '', '', '', 1, 1, 0, 1, 0, 0, 0, 1, 0, 0, 1, 0, 97, 0),
(698, 27, 'userid', '发布人', '', '', 0, 0, '', '', 'userid', '', '', '', '', 1, 1, 0, 1, 0, 1, 1, 0, 0, 0, 1, 0, 9, 0),
(699, 27, 'updatetime', '更新时间', '', '', 0, 0, '', '', 'datetime', 'array (\r\n  ''dateformat'' => ''int'',\r\n  ''format'' => ''Y-m-d H:i:s'',\r\n  ''defaulttype'' => ''1'',\r\n  ''defaultvalue'' => '''',\r\n)', '', '', '', 1, 1, 0, 1, 0, 1, 1, 1, 0, 0, 1, 0, 10, 0),
(700, 27, 'inputtime', '发布时间', '', '', 0, 0, '', '', 'datetime', 'array (\r\n  ''dateformat'' => ''int'',\r\n  ''format'' => ''Y-m-d H:i:s'',\r\n  ''defaulttype'' => ''1'',\r\n  ''defaultvalue'' => '''',\r\n)', '', '', '', 0, 1, 0, 1, 0, 1, 1, 1, 0, 0, 0, 0, 12, 0),
(18, 1, 'status', '状态', '', '', 0, 2, '', '', 'number', '', '', '-99', '-99', 1, 1, 0, 1, 0, 0, 0, 0, 0, 0, 1, 1, 16, 0),
(702, 27, 'content', '内容', '', '', 1, 99999, '', '', 'editor', 'array (\n  ''toolbar'' => ''basic'',\n  ''width'' => ''500'',\n  ''height'' => ''350'',\n  ''defaultvalue'' => '''',\n  ''storage'' => ''database'',\n  ''enablesaveimage'' => ''1'',\n)', '', '', '', 0, 0, 0, 1, 0, 0, 0, 0, 0, 0, 1, 0, 11, 0),
(707, 11, 'ownerid', '商铺认领者', '', '', 0, 0, '', '', 'userid', '', '', '', '', 1, 1, 0, 1, 0, 1, 1, 1, 0, 0, 1, 1, 0, 0),
(710, 11, 'shopname', '商铺名称', '', '', 2, 200, '', '', 'text', 'array (\n  ''size'' => ''50'',\n  ''defaultvalue'' => '''',\n  ''ispassword'' => ''0'',\n)', '', '', '', 0, 0, 0, 1, 0, 0, 0, 0, 0, 0, 1, 1, 3, 0),
(706, 11, 'areacode', '地区', '', '', 0, 0, '', '请选择地区', 'areacode', 'array (\n  ''defaultvalue'' => '''',\n)', '', '', '', 0, 1, 0, 1, 0, 0, 0, 1, 1, 1, 1, 1, 1, 0),
(708, 11, 'catcode', '栏目', '', '', 0, 0, '', '请选择栏目', 'catcode', 'array (\n  ''defaultvalue'' => '''',\n)', '', '', '', 0, 1, 0, 1, 0, 0, 0, 1, 1, 1, 1, 1, 2, 0),
(7057, 11, 'subname', '分店名', '', '', 0, 0, '', '', 'text', 'array (\n  ''size'' => ''20'',\n  ''defaultvalue'' => '''',\n  ''ispassword'' => ''0'',\n)', '', '', '', 0, 0, 0, 1, 0, 0, 0, 0, 0, 0, 1, 1, 4, 0),
(7058, 11, 'address', '地址', '', '', 2, 255, '', '', 'text', 'array (\n  ''size'' => ''50'',\n  ''defaultvalue'' => '''',\n  ''ispassword'' => ''0'',\n)', '', '', '', 0, 0, 0, 1, 0, 0, 0, 0, 0, 0, 1, 1, 5, 0),
(7059, 11, 'website', '网址', '', '', 0, 0, '', '', 'text', 'array (\n  ''size'' => ''30'',\n  ''defaultvalue'' => '''',\n  ''ispassword'' => ''0'',\n)', '', '', '', 0, 0, 0, 1, 0, 0, 0, 0, 0, 0, 1, 1, 6, 0),
(7060, 11, 'videourl', '视频地址', '', '', 0, 0, '', '', 'text', 'array (\n  ''size'' => ''50'',\n  ''defaultvalue'' => '''',\n  ''ispassword'' => ''0'',\n)', '', '', '', 0, 0, 0, 1, 0, 0, 0, 0, 0, 0, 1, 1, 7, 0),
(7061, 11, 'tel1', '电话一', '', '', 6, 13, '', '电话号码必须填写', 'text', 'array (\n  ''size'' => ''20'',\n  ''defaultvalue'' => '''',\n  ''ispassword'' => ''0'',\n)', '', '', '', 0, 0, 0, 1, 0, 0, 0, 0, 0, 0, 1, 1, 8, 0),
(7062, 11, 'tel2', '电话二', '', '', 0, 0, '', '', 'text', 'array (\n  ''size'' => ''20'',\n  ''defaultvalue'' => '''',\n  ''ispassword'' => ''0'',\n)', '', '', '', 0, 0, 0, 1, 0, 0, 0, 0, 0, 0, 1, 1, 9, 0),
(7063, 11, 'mobile', '手机', '', '', 0, 0, '', '', 'text', 'array (\n  ''size'' => ''20'',\n  ''defaultvalue'' => '''',\n  ''ispassword'' => ''0'',\n)', '', '', '', 0, 0, 0, 1, 0, 0, 0, 0, 0, 0, 1, 1, 10, 0),
(7064, 11, 'bus', '公交信息', '', '', 0, 0, '', '', 'text', 'array (\n  ''size'' => ''60'',\n  ''defaultvalue'' => '''',\n  ''ispassword'' => ''0'',\n)', '', '', '', 0, 0, 0, 1, 0, 0, 0, 0, 0, 0, 1, 1, 11, 0),
(7065, 11, 'park', '停车状况', '', '', 0, 0, '', '', 'text', 'array (\n  ''size'' => ''50'',\n  ''defaultvalue'' => '''',\n  ''ispassword'' => ''0'',\n)', '', '', '', 0, 0, 0, 1, 0, 0, 0, 0, 0, 0, 1, 1, 12, 0),
(7066, 11, 'storehours', '营业时间', '', '', 0, 0, '', '', 'text', 'array (\n  ''size'' => ''50'',\n  ''defaultvalue'' => '''',\n  ''ispassword'' => ''0'',\n)', '', '', '', 0, 0, 0, 1, 0, 0, 0, 0, 0, 0, 1, 1, 13, 0),
(7067, 11, 'inputtime', '注册时间', '', '', 0, 0, '', '', 'datetime', 'array (\n  ''dateformat'' => ''int'',\n  ''format'' => ''Y-m-d H:i:s'',\n  ''defaulttype'' => ''1'',\n  ''defaultvalue'' => '''',\n)', '', '', '', 1, 1, 0, 1, 1, 1, 1, 1, 0, 0, 1, 1, 0, 0),
(7068, 11, 'template', '默认模板', '', '', 0, 255, '', '', 'shoptpl', 'array (\n  ''defaultvalue'' => ''default'',\n)', '', '', '', 0, 1, 0, 1, 1, 1, 1, 1, 0, 0, 1, 1, 4, 0),
(7069, 11, 'content', '商铺介绍', '', '', 0, 0, '', '', 'editor', 'array (\n  ''toolbar'' => ''standard'',\n  ''width'' => ''100%'',\n  ''height'' => ''400'',\n  ''defaultvalue'' => '''',\n  ''storage'' => ''database'',\n  ''enablekeylink'' => ''0'',\n  ''replacenum'' => ''1'',\n  ''enablesaveimage'' => ''0'',\n)', '', '', '', 0, 0, 0, 1, 0, 0, 0, 0, 0, 0, 1, 1, 14, 0),
(7070, 11, 'status', '状态', '', '', 0, 0, '', '', 'box', 'array (\n  ''options'' => ''正常|1\r\n待审核|0'',\n  ''boxtype'' => ''radio'',\n  ''fieldtype'' => ''CHAR'',\n  ''cols'' => ''5'',\n  ''width'' => ''80'',\n  ''size'' => ''1'',\n  ''defaultvalue'' => ''1'',\n)', '', '', '', 0, 1, 0, 1, 0, 0, 0, 0, 0, 0, 0, 1, 15, 0),
(7071, 11, 'elite', '推荐', '', '', 0, 255, '', '', 'box', 'array (\n  ''options'' => ''是|1\r\n否|0'',\n  ''boxtype'' => ''radio'',\n  ''fieldtype'' => ''CHAR'',\n  ''cols'' => ''5'',\n  ''width'' => ''80'',\n  ''size'' => ''1'',\n  ''defaultvalue'' => ''0'',\n)', '', '', '', 0, 1, 0, 1, 0, 0, 0, 0, 0, 0, 0, 1, 16, 0),
(7072, 11, 'hits', '点击数', '', '', 0, 0, '', '', 'number', 'array (\n  ''minnumber'' => ''0'',\n  ''maxnumber'' => '''',\n  ''decimaldigits'' => ''0'',\n  ''defaultvalue'' => ''1'',\n)', '', '', '', 1, 1, 0, 1, 0, 0, 0, 0, 0, 0, 1, 1, 0, 0),
(7073, 11, 'shopdomain', '店铺二级域名', '', '', 0, 0, '', '', 'text', 'array (\n  ''size'' => ''20'',\n  ''defaultvalue'' => '''',\n  ''ispassword'' => ''0'',\n)', '', '', '', 1, 1, 0, 1, 0, 0, 0, 0, 0, 0, 1, 1, 0, 0),
(7074, 11, 'avgsort', '平均分', '', '', 0, 0, '', '', 'number', 'array (\n  ''minnumber'' => ''1'',\n  ''maxnumber'' => ''10'',\n  ''decimaldigits'' => ''2'',\n  ''defaultvalue'' => ''0'',\n)', '', '', '', 1, 1, 0, 1, 0, 0, 0, 0, 0, 0, 1, 1, 0, 0),
(7075, 11, 'sort1', 'sort1', '', '', 0, 0, '', '', 'number', 'array (\n  ''minnumber'' => ''1'',\n  ''maxnumber'' => ''10'',\n  ''decimaldigits'' => ''2'',\n  ''defaultvalue'' => ''0'',\n)', '', '', '', 1, 1, 0, 1, 0, 0, 0, 0, 0, 0, 1, 1, 0, 0),
(7076, 11, 'sort2', 'sort2', '', '', 0, 0, '', '', 'number', 'array (\n  ''minnumber'' => ''1'',\n  ''maxnumber'' => ''10'',\n  ''decimaldigits'' => ''2'',\n  ''defaultvalue'' => ''0'',\n)', '', '', '', 1, 1, 0, 1, 0, 0, 0, 0, 0, 0, 1, 1, 0, 0),
(7077, 11, 'sort3', 'sort3', '', '', 0, 0, '', '', 'number', 'array (\n  ''minnumber'' => ''1'',\n  ''maxnumber'' => ''10'',\n  ''decimaldigits'' => ''2'',\n  ''defaultvalue'' => ''0'',\n)', '', '', '', 1, 1, 0, 1, 0, 0, 0, 0, 0, 0, 1, 1, 0, 0),
(7078, 11, 'sort4', 'sort4', '', '', 0, 0, '', '', 'number', 'array (\n  ''minnumber'' => ''1'',\n  ''maxnumber'' => ''10'',\n  ''decimaldigits'' => ''2'',\n  ''defaultvalue'' => ''0'',\n)', '', '', '', 1, 1, 0, 1, 0, 0, 0, 0, 0, 0, 1, 1, 0, 0),
(7079, 11, 'sort5', 'sort5', '', '', 0, 0, '', '', 'number', 'array (\n  ''minnumber'' => ''1'',\n  ''maxnumber'' => ''10'',\n  ''decimaldigits'' => ''2'',\n  ''defaultvalue'' => ''0'',\n)', '', '', '', 1, 1, 0, 1, 0, 0, 0, 0, 0, 0, 1, 1, 0, 0),
(7080, 11, 'sort6', 'sort6', '', '', 0, 0, '', '', 'number', 'array (\n  ''minnumber'' => ''1'',\n  ''maxnumber'' => ''10'',\n  ''decimaldigits'' => ''2'',\n  ''defaultvalue'' => ''0'',\n)', '', '', '', 1, 1, 0, 1, 0, 0, 0, 0, 0, 0, 1, 1, 0, 0),
(7081, 11, 'sort7', 'sort7', '', '', 0, 0, '', '', 'number', 'array (\n  ''minnumber'' => ''1'',\n  ''maxnumber'' => ''10'',\n  ''decimaldigits'' => ''2'',\n  ''defaultvalue'' => ''0'',\n)', '', '', '', 1, 1, 0, 1, 0, 0, 0, 0, 0, 0, 1, 1, 0, 0),
(7082, 11, 'sort8', 'sort8', '', '', 0, 0, '', '', 'number', 'array (\n  ''minnumber'' => ''1'',\n  ''maxnumber'' => ''10'',\n  ''decimaldigits'' => ''2'',\n  ''defaultvalue'' => ''0'',\n)', '', '', '', 1, 1, 0, 1, 0, 0, 0, 0, 0, 0, 1, 1, 0, 0),
(7083, 11, 'avgprice', '平均价格', '', '', 0, 0, '', '', 'number', 'array (\n  ''minnumber'' => ''1'',\n  ''maxnumber'' => '''',\n  ''decimaldigits'' => ''0'',\n  ''defaultvalue'' => '''',\n)', '', '', '', 1, 1, 0, 1, 0, 0, 0, 0, 0, 0, 1, 1, 0, 0),
(7084, 11, 'enjoy', '喜欢程度', '', '', 0, 0, '', '', 'number', 'array (\n  ''minnumber'' => ''1'',\n  ''maxnumber'' => '''',\n  ''decimaldigits'' => ''0'',\n  ''defaultvalue'' => '''',\n)', '', '', '', 1, 1, 0, 1, 0, 0, 0, 0, 0, 0, 1, 1, 0, 0),
(7085, 11, 'reviews', '点评数量', '', '', 0, 0, '', '', 'number', 'array (\n  ''minnumber'' => ''1'',\n  ''maxnumber'' => '''',\n  ''decimaldigits'' => ''0'',\n  ''defaultvalue'' => '''',\n)', '', '', '', 1, 1, 0, 1, 0, 0, 0, 0, 0, 0, 1, 1, 0, 0),
(7086, 11, 'gbook', '留言数量', '', '', 0, 0, '', '', 'number', 'array (\n  ''minnumber'' => ''1'',\n  ''maxnumber'' => '''',\n  ''decimaldigits'' => ''0'',\n  ''defaultvalue'' => '''',\n)', '', '', '', 1, 1, 0, 1, 0, 0, 0, 0, 0, 0, 1, 1, 0, 0),
(7087, 11, 'pics', '图片数量', '', '', 0, 0, '', '', 'number', 'array (\n  ''minnumber'' => ''1'',\n  ''maxnumber'' => '''',\n  ''decimaldigits'' => ''0'',\n  ''defaultvalue'' => '''',\n)', '', '', '', 1, 1, 0, 1, 0, 0, 0, 0, 0, 0, 1, 1, 0, 0),
(701, 27, 'status', '状态', '', '', 0, 2, '', '', 'number', '', '', '-99', '-99', 1, 1, 0, 1, 0, 0, 0, 0, 0, 0, 1, 1, 16, 0),
(7090, 30, 'catcode', '栏目', '', '', 1, 9999, '/^[0-9]+$/', '请选择所属栏目', 'catcode', 'array (\n  ''defaultvalue'' => '''',\n)', '', '', '', 0, 1, 0, 1, 1, 1, 1, 0, 1, 1, 1, 0, 1, 0),
(7091, 30, 'typeid', '类别', '', '', 0, 0, '', '', 'typeid', 'array (\n  ''minnumber'' => '''',\n  ''maxnumber'' => '''',\n  ''defaultvalue'' => '''',\n)', '', '', '', 0, 1, 0, 1, 1, 1, 1, 0, 1, 1, 1, 0, 2, 1),
(7092, 30, 'areacode', '地区', '', '', 0, 0, '', '', 'areacode', 'array (\n  ''defaultvalue'' => '''',\n)', '', '', '', 0, 1, 0, 1, 1, 1, 1, 0, 1, 1, 1, 0, 3, 0),
(7093, 30, 'title', '标题', '', 'inputtitle', 1, 80, '', '', 'title', 'array (\n  ''size'' => ''60'',\n  ''defaultvalue'' => '''',\n)', '', '', '', 0, 1, 0, 1, 1, 1, 0, 0, 1, 1, 1, 1, 4, 0),
(7094, 30, 'thumb', '缩略图', '', '', 0, 100, '', '', 'image', 'array (\n  ''size'' => ''50'',\n  ''defaultvalue'' => '''',\n  ''upload_maxsize'' => ''1024'',\n  ''upload_allowext'' => ''jpg|jpeg|gif|png'',\n  ''thumb_width'' => ''300'',\n  ''thumb_height'' => ''300'',\n  ''iswatermark'' => ''1'',\n)', '', '', '', 0, 1, 0, 1, 0, 1, 1, 0, 1, 1, 1, 0, 6, 0),
(7095, 30, 'keywords', '关键词', '多个关键词之间用空格隔开', '', 0, 40, '', '', 'keyword', 'array (\n  ''size'' => ''50'',\n  ''defaultvalue'' => '''',\n)', '', '', '', 0, 1, 0, 1, 1, 1, 1, 0, 0, 1, 1, 1, 7, 1),
(7096, 30, 'description', '摘要', '', '', 0, 255, '', '', 'textarea', 'array (\n  ''rows'' => ''4'',\n  ''cols'' => ''50'',\n  ''defaultvalue'' => '''',\n  ''enablehtml'' => ''0'',\n  ''enablekeylink'' => ''0'',\n  ''enablefilterword'' => ''0'',\n)', '', '', '', 0, 1, 0, 1, 0, 1, 0, 0, 1, 1, 1, 1, 8, 1),
(7097, 30, 'listorder', '排序', '', '', 1, 1, '', '', 'number', '', '', '', '', 1, 1, 0, 1, 0, 0, 0, 1, 0, 0, 1, 0, 97, 0),
(7098, 30, 'userid', '发布人', '', '', 0, 0, '', '', 'userid', '', '', '', '', 1, 1, 0, 1, 0, 1, 1, 0, 0, 0, 1, 0, 9, 0),
(7099, 30, 'updatetime', '更新时间', '', '', 0, 0, '', '', 'datetime', 'array (\r\n  ''dateformat'' => ''int'',\r\n  ''format'' => ''Y-m-d H:i:s'',\r\n  ''defaulttype'' => ''1'',\r\n  ''defaultvalue'' => '''',\r\n)', '', '', '', 1, 1, 0, 1, 0, 1, 1, 1, 0, 0, 1, 0, 10, 0),
(7100, 30, 'inputtime', '发布时间', '', '', 0, 0, '', '', 'datetime', 'array (\n  ''dateformat'' => ''int'',\n  ''format'' => ''Y-m-d H:i:s'',\n  ''defaulttype'' => ''1'',\n  ''defaultvalue'' => '''',\n)', '', '', '', 0, 1, 0, 0, 0, 1, 1, 1, 0, 0, 0, 0, 12, 0),
(7101, 30, 'status', '状态', '', '', 0, 2, '', '', 'box', '', '', '', '', 1, 1, 0, 1, 0, 0, 0, 0, 0, 0, 1, 0, 98, 0),
(7102, 30, 'content', '内容', '<input name="add_introduce" type="hidden"  value="1" />\r\n<input type="hidden" name="introcude_length" value="200" />\r\n\r\n<label><input type=''checkbox'' name=''auto_thumb'' value="1" checked>是否获取内容第</label><br><input type="text" name="auto_thumb_no" value="1" size="2" class="">张图片作为标题图片', '', 1, 99999, '', '', 'editor', 'array (\n  ''toolbar'' => ''basic'',\n  ''width'' => ''500'',\n  ''height'' => ''350'',\n  ''defaultvalue'' => '''',\n  ''storage'' => ''database'',\n  ''enablesaveimage'' => ''1'',\n)', '', '', '', 0, 0, 0, 1, 0, 0, 0, 0, 0, 0, 1, 0, 11, 0),
(7104, 30, 'shopid', '商铺ID', '', '', 0, 0, '', '', 'shopid', 'array (\n  ''size'' => ''50'',\n  ''defaultvalue'' => '''',\n  ''ispassword'' => ''0'',\n)', '', '', '', 1, 1, 0, 1, 0, 0, 0, 0, 0, 0, 1, 1, 0, 0),
(7105, 11, 'thumb', '商铺图片', '', '', 0, 255, '', '', 'image', 'array (\n  ''size'' => '''',\n  ''defaultvalue'' => '''',\n  ''upload_maxsize'' => ''2000'',\n  ''upload_allowext'' => ''gif|jpg|jpeg|png'',\n  ''iswatermark'' => ''1'',\n)', '', '', '', 0, 0, 0, 1, 0, 0, 0, 0, 0, 0, 1, 1, 4, 0),
(7106, 11, 'main', '主营', '', '', 2, 100, '', '主营项目必须填写', 'text', 'array (\n  ''size'' => ''50'',\n  ''defaultvalue'' => '''',\n  ''ispassword'' => ''0'',\n)', '', '', '', 0, 0, 0, 1, 0, 0, 0, 0, 0, 0, 1, 1, 4, 0),
(7107, 1, 'elite', '推荐', '', '', 0, 255, '', '', 'box', 'array (\r\n  ''options'' => ''是|1\r\n否|0'',\r\n  ''boxtype'' => ''radio'',\r\n  ''fieldtype'' => ''CHAR'',\r\n  ''cols'' => ''2'',\r\n  ''width'' => ''80'',\r\n  ''size'' => '''',\r\n  ''defaultvalue'' => '''',\r\n)', '', '', '', 0, 1, 0, 1, 0, 0, 0, 0, 0, 0, 1, 1, 17, 0),
(7108, 27, 'elite', '推荐', '', '', 0, 0, '', '', 'box', 'array (\r\n  ''options'' => ''是|1\r\n否|0'',\r\n  ''boxtype'' => ''radio'',\r\n  ''fieldtype'' => ''CHAR'',\r\n  ''cols'' => ''2'',\r\n  ''width'' => ''80'',\r\n  ''size'' => '''',\r\n  ''defaultvalue'' => '''',\r\n)', '', '', '', 0, 1, 0, 1, 0, 0, 0, 0, 0, 0, 1, 1, 17, 0),
(7109, 30, 'elite', '推荐', '', '', 0, 0, '', '', 'box', 'array (\n  ''options'' => ''是|1\r\n否|0'',\n  ''boxtype'' => ''radio'',\n  ''fieldtype'' => ''CHAR'',\n  ''cols'' => ''2'',\n  ''width'' => ''80'',\n  ''size'' => '''',\n  ''defaultvalue'' => '''',\n)', '', '', '', 0, 1, 0, 0, 0, 0, 0, 0, 0, 0, 1, 1, 17, 0),
(7110, 1, 'shopid', '商铺ID', '', '', 0, 0, '', '', 'number', 'array (\n  ''minnumber'' => ''1'',\n  ''maxnumber'' => '''',\n  ''decimaldigits'' => ''0'',\n  ''defaultvalue'' => '''',\n)', '', '', '', 1, 1, 0, 1, 0, 0, 0, 0, 0, 0, 1, 1, 0, 0),
(7111, 27, 'shopid', '商铺ID', '', '', 0, 0, '', '', 'number', 'array (\n  ''minnumber'' => ''1'',\n  ''maxnumber'' => '''',\n  ''decimaldigits'' => ''0'',\n  ''defaultvalue'' => '''',\n)', '', '', '', 1, 1, 0, 1, 0, 0, 0, 0, 0, 0, 1, 1, 0, 0),
(7112, 30, 'starttime', '开始时间', '', '', 0, 0, '', '', 'datetime', 'array (\n  ''dateformat'' => ''int'',\n  ''format'' => ''Y-m-d H:i:s'',\n  ''defaulttype'' => ''0'',\n  ''defaultvalue'' => '''',\n)', '', '', '', 0, 0, 0, 1, 0, 0, 0, 0, 0, 0, 1, 1, 16, 0),
(7113, 30, 'endtime', '结束时间', '', '', 0, 0, '', '', 'datetime', 'array (\n  ''dateformat'' => ''int'',\n  ''format'' => ''Y-m-d H:i:s'',\n  ''defaulttype'' => ''0'',\n  ''defaultvalue'' => '''',\n)', '', '', '', 0, 0, 0, 1, 0, 0, 0, 0, 0, 0, 1, 1, 16, 0),
(7114, 1, 'adminid', '代理商ID', '', '', 0, 0, '', '', 'number', 'array (\n  ''minnumber'' => ''1'',\n  ''maxnumber'' => '''',\n  ''decimaldigits'' => ''0'',\n  ''defaultvalue'' => '''',\n)', '', '', '', 1, 1, 0, 1, 0, 0, 0, 0, 0, 0, 1, 1, 0, 0),
(7115, 11, 'adminid', '代理商ID', '', '', 0, 0, '', '', 'number', '', '', '', '', 1, 1, 0, 1, 0, 0, 0, 0, 0, 0, 1, 1, 0, 0),
(7116, 11, 'map', '地图', '', '', 0, 0, '', '', 'map', 'array (\n  ''mapx'' => ''23.185813175302915'',\n  ''mapy'' => ''113.17703247070312'',\n  ''mapkey'' => ''ABQIAAAAnfhXv8naNMBHt3K2jNv9FhRf8_icm7gOmqyKW1v-cKTUNLlrYhQtc62JsAOzs_lYHd3CWzUjJv69vw'',\n)', '', '', '', 0, 0, 0, 1, 0, 0, 0, 0, 0, 0, 1, 1, 6, 0),
(7118, 11, 'setting', 'SEO数据', '', '', 0, 0, '', '', 'textarea', '', '', '', '', 1, 1, 0, 1, 0, 0, 0, 0, 0, 0, 1, 1, 0, 0),
(500, 10, 'truename', '姓名', '', '', 0, 0, '', '', 'text', 'array (\n  ''size'' => ''12'',\n  ''defaultvalue'' => '''',\n  ''ispassword'' => ''0'',\n)', '', '-99', '-99', 0, 0, 0, 1, 1, 1, 0, 0, 1, 0, 1, 0, 0, 0),
(501, 10, 'gender', '性别', '', '', 0, 1, '', '', 'box', 'array (\n  ''options'' => ''男|0\r\n女|1'',\n  ''boxtype'' => ''radio'',\n  ''fieldtype'' => ''TINYINT'',\n  ''cols'' => ''5'',\n  ''width'' => ''80'',\n  ''size'' => ''1'',\n  ''defaultvalue'' => ''0'',\n)', '', '-99', '-99', 0, 0, 0, 1, 1, 1, 1, 0, 1, 0, 1, 0, 0, 0),
(502, 10, 'birthday', '生日', '', '', 0, 0, '', '', 'datetime', 'array (\n  ''dateformat'' => ''date'',\n  ''format'' => ''Y-m-d H:i:s'',\n  ''defaulttype'' => ''0'',\n  ''defaultvalue'' => '''',\n)', '', '-99', '-99', 0, 0, 0, 1, 1, 1, 1, 0, 1, 0, 1, 1, 0, 0),
(503, 10, 'mobile', '手机', '', '', 0, 0, '/^(13|15)[0-9]{9}$/', '手机号格式不对', 'text', 'array (\n  ''size'' => ''15'',\n  ''defaultvalue'' => '''',\n  ''ispassword'' => ''0'',\n)', '', '-99', '-99', 0, 0, 0, 1, 1, 1, 0, 0, 1, 0, 1, 1, 0, 0),
(504, 10, 'telephone', '电话', '', '', 0, 0, '/^[0-9-]{6,13}$/', '电话格式不对', 'text', 'array (\n  ''size'' => ''20'',\n  ''defaultvalue'' => '''',\n  ''ispassword'' => ''0'',\n)', '', '-99', '-99', 0, 0, 0, 1, 1, 1, 0, 0, 1, 0, 1, 1, 0, 0),
(505, 10, 'qq', 'QQ', '', '', 0, 0, '/^[0-9]{5,20}$/', 'QQ号格式不对', 'text', 'array (\n  ''size'' => ''20'',\n  ''defaultvalue'' => '''',\n  ''ispassword'' => ''0'',\n)', '', '-99', '-99', 0, 0, 0, 1, 1, 1, 0, 0, 1, 0, 1, 1, 0, 0),
(506, 10, 'msn', 'MSN', '', '', 0, 0, '/^[\\w\\-\\.]+@[\\w\\-\\.]+(\\.\\w+)+$/', 'MSN格式不对', 'text', 'array (\n  ''size'' => ''40'',\n  ''defaultvalue'' => '''',\n  ''ispassword'' => ''0'',\n)', '', '-99', '-99', 0, 0, 0, 1, 1, 1, 0, 0, 1, 0, 1, 1, 0, 0),
(507, 10, 'address', '地址', '', '', 0, 0, '', '', 'text', 'array (\n  ''size'' => ''50'',\n  ''defaultvalue'' => '''',\n  ''ispassword'' => ''0'',\n)', '', '-99', '-99', 0, 0, 0, 1, 0, 0, 0, 0, 1, 0, 1, 1, 0, 0),
(508, 10, 'postcode', '邮编', '', '', 0, 0, '/^[0-9]{6}$/', '邮编格式不对', 'text', 'array (\n  ''size'' => ''6'',\n  ''defaultvalue'' => '''',\n  ''ispassword'' => ''0'',\n)', '', '-99', '-99', 0, 0, 0, 1, 1, 1, 1, 0, 1, 0, 1, 1, 0, 0),
(7120, 11, 'listorder', '排序', '', '', 0, 0, '', '', 'number', 'array (\n  ''minnumber'' => ''1'',\n  ''maxnumber'' => '''',\n  ''decimaldigits'' => ''0'',\n  ''defaultvalue'' => ''0'',\n)', '', '', '', 1, 1, 0, 1, 0, 0, 0, 0, 0, 0, 1, 1, 0, 0),
(7121, 11, 'posids', '推荐位', '', '', 0, 0, '', '', 'posid', 'array (\n  ''cols'' => ''3'',\n  ''width'' => ''100'',\n)', '', '', '', 0, 1, 0, 1, 0, 0, 0, 0, 0, 0, 0, 1, 17, 0),
(7122, 27, 'adminid', '代理商ID', '', '', 0, 0, '', '', 'number', 'array (  ''minnumber'' => ''1'',  ''maxnumber'' => '''',  ''decimaldigits'' => ''0'',  ''defaultvalue'' => '''',)', '', '', '', 1, 1, 0, 1, 0, 0, 0, 0, 0, 0, 1, 1, 0, 0),
(7123, 30, 'adminid', '代理商ID', '', '', 0, 0, '', '', 'number', 'array (  ''minnumber'' => ''1'',  ''maxnumber'' => '''',  ''decimaldigits'' => ''0'',  ''defaultvalue'' => '''',)', '', '', '', 1, 1, 0, 1, 0, 0, 0, 0, 0, 0, 1, 1, 0, 0),
(7124, 1, 'hits', '点击数', '', '', 0, 0, '', '', 'number', '', '', '', '', 1, 1, 0, 1, 0, 0, 0, 0, 0, 0, 1, 1, 0, 0),
(7125, 27, 'hits', '点击数', '', '', 0, 0, '', '', 'number', '', '', '', '', 1, 1, 0, 1, 0, 0, 0, 0, 0, 0, 1, 1, 0, 0),
(7126, 30, 'hits', '点击数', '', '', 0, 0, '', '', 'number', '', '', '', '', 1, 1, 0, 1, 0, 0, 0, 0, 0, 0, 1, 1, 0, 0),
(7127, 1, 'url', 'URL', '', '', 0, 0, '', '', 'text', '', '', '', '', 1, 1, 0, 1, 0, 0, 0, 0, 0, 0, 1, 1, 0, 0),
(7128, 11, 'url', 'URL', '', '', 0, 0, '', '', 'text', '', '', '', '', 1, 1, 0, 1, 0, 0, 0, 0, 0, 0, 1, 1, 0, 0),
(7129, 27, 'url', 'URL', '', '', 0, 0, '', '', 'text', '', '', '', '', 1, 1, 0, 1, 0, 0, 0, 0, 0, 0, 1, 1, 0, 0),
(7130, 30, 'url', 'URL', '', '', 0, 0, '', '', 'text', '', '', '', '', 1, 1, 0, 1, 0, 0, 0, 0, 0, 0, 1, 1, 0, 0),
(7131, 11, 'aid', '附件ID', '', '', 0, 0, '', '', 'number', '', '', '', '', 1, 1, 0, 1, 0, 0, 0, 0, 0, 0, 1, 1, 0, 0),
(7132, 11, 'discountchuwai', '非打折说明', '例如：节假日除外', '', 0, 255, '', '', 'text', 'array (\n  ''size'' => ''50'',\n  ''defaultvalue'' => '''',\n  ''ispassword'' => ''0'',\n)', '', '', '', 0, 0, 0, 1, 0, 0, 0, 0, 0, 0, 1, 1, 15, 0),
(7133, 11, 'isimg', '显示图片', '', '', 0, 255, '', '', 'box', 'array (\n  ''options'' => ''显示图片|1\r\n显示文字|0'',\n  ''boxtype'' => ''radio'',\n  ''fieldtype'' => ''CHAR'',\n  ''cols'' => ''5'',\n  ''width'' => ''80'',\n  ''size'' => ''1'',\n  ''defaultvalue'' => ''0'',\n)', '', '', '', 0, 0, 0, 1, 0, 0, 0, 0, 0, 0, 1, 1, 999, 0),
(7134, 11, 'description', '简介', '', '', 0, 0, '', '', 'textarea', 'array (\n  ''rows'' => ''6'',\n  ''cols'' => ''80'',\n  ''defaultvalue'' => '''',\n  ''enablehtml'' => ''0'',\n  ''enablekeylink'' => ''0'',\n  ''replacenum'' => ''1'',\n)', '', '', '', 0, 0, 0, 1, 0, 0, 0, 0, 0, 0, 1, 1, 13, 0);

-- --------------------------------------------------------

--
-- 表的结构 `dc_module`
--

DROP TABLE IF EXISTS `dc_module`;
CREATE TABLE IF NOT EXISTS `dc_module` (
  `module` varchar(15) NOT NULL,
  `name` varchar(20) NOT NULL,
  `path` varchar(50) NOT NULL,
  `url` varchar(50) NOT NULL,
  `iscore` tinyint(1) unsigned NOT NULL DEFAULT '0',
  `version` varchar(50) NOT NULL DEFAULT '',
  `author` varchar(50) NOT NULL DEFAULT '',
  `site` varchar(100) NOT NULL DEFAULT '',
  `email` varchar(50) NOT NULL DEFAULT '',
  `description` mediumtext NOT NULL,
  `license` mediumtext NOT NULL,
  `faq` mediumtext NOT NULL,
  `tagtypes` mediumtext NOT NULL,
  `setting` mediumtext NOT NULL,
  `listorder` smallint(5) unsigned NOT NULL DEFAULT '999',
  `disabled` tinyint(1) unsigned NOT NULL DEFAULT '0',
  `publishdate` date NOT NULL DEFAULT '0000-00-00',
  `installdate` date NOT NULL DEFAULT '0000-00-00',
  `updatedate` date NOT NULL DEFAULT '0000-00-00',
  PRIMARY KEY (`module`)
) ENGINE=MyISAM DEFAULT CHARSET=gbk;

--
-- 导出表中的数据 `dc_module`
--

INSERT INTO `dc_module` (`module`, `name`, `path`, `url`, `iscore`, `version`, `author`, `site`, `email`, `description`, `license`, `faq`, `tagtypes`, `setting`, `listorder`, `disabled`, `publishdate`, `installdate`, `updatedate`) VALUES
('dearcms', 'dearcms', '', '/', 1, '1.0.0.0', 'Henter', 'http://dc.test.com', 'zhou871127@qq.com', 'Dear Content Manage System', '', '', 'array (\r\n ''phpcms-content''=>''phpcms'',\r\n ''phpcms-category''=>''栏目标签'',\r\n)', 'array (\n  ''sitename'' => ''消费联盟'',\n  ''siteurl'' => ''http://dc.test.com/'',\n  ''cpurl'' => ''http://dc.test.com/agents/'',\n  ''meta_title'' => ''乐购乐'',\n  ''meta_keywords'' => ''乐购乐消费联盟'',\n  ''meta_description'' => ''乐购乐消费联盟'',\n  ''hotkeywords'' => ''川菜 湘菜 火锅'',\n  ''copyright'' => ''<p class="address">公司地址：广州市天河区天河北路685号光大银行大厦23楼     邮编：510630<br />   \r\n  Copyright 2009 legoule.com All Right Reserved<br />\r\n  粤ICP备09009743号 增值电信业务经营许可证B2-20090133</p>\r\n      <p><img src="images/icp.gif" width="108" height="40" />&nbsp;&nbsp;<img src="images/cnnic.gif" width="112" height="40" /></p>'',\n  ''icp'' => ''备案申请中。。。'',\n  ''siteclose'' => ''0'',\n  ''closenote'' => ''网站开发中·····'',\n  ''closereg'' => ''0'',\n  ''disuser'' => ''admin henter manage'',\n  ''existemailreg'' => ''0'',\n  ''welcomemsg'' => ''$username\r\n     你好，欢迎来到$sitename！\r\n$time'',\n  ''showregrule'' => ''1'',\n  ''regrule'' => ''<p>乐购乐消费联盟服务条款<br />\r\n乐购乐消费联盟（dazhe.legoule.com）所提供的各项服务的所有权和运作权归广州三好网络科技有限公司。用户必须同意下述所有服务条款并完成注册程序，才能成为乐购乐消费联盟的正式会员并使用乐购乐消费联盟提供的各项服务。服务条款的修改权归广州三好网络科技有限公司所有。用户应当随时关注本服务条款的修改，并决定是否继续使用本网站提供的各项服务。用户登录并使用乐购乐消费联盟各项服务的行为，将被视为用户对当时的用户注册协议的同意和承诺遵守。</p>\r\n<p>商户用户还须同意及遵守《商户服务条款》。</p>\r\n<p>一、乐购乐消费联盟运用自己的操作系统，通过国际互联网络等手段为会员提供消费信息、优惠信息、电子刊物等网络服务。乐购乐消费联盟保留随时修改或中断服务而不需知照会员的权利。乐购乐消费联盟行使修改或中断服务的权利，不需对会员或第三方负责。</p>\r\n<p>广州三好网络科技有限公司会在必要时修改服务条款，乐购乐消费联盟会员服务条款一旦发生变动，公司将会在用户进入下一步使用前的页面提示修改内容。如果你同意改动，则点击&ldquo;同意服务条款&rdquo;按钮。如果你不接受，则及时取消你的用户使用服务资格。</p>\r\n<p>用户要继续使用乐购乐消费联盟会员服务需要两方面的确认： <br />\r\n（1）首先确认乐购乐消费联盟服务条款及其变动。 <br />\r\n（2）同意接受所有的服务条款限制。</p>\r\n<p>二、用户必须自行准备如下设备和承担如下开支：<br />\r\n（1）上网设备，包括并不限于电脑或者其他上网终端、调制解调器及其他上网装置。<br />\r\n（2）上网开支，包括并不限于网络接入费、上网设备租用费等；</p>\r\n<p>三、保护会员隐私权<br />\r\n本协议所称之会员隐私包括被法律确认为隐私内容，并符合下述范围的信息：<br />\r\n您注册乐购乐消费联盟、乐购乐消费联盟BBS论坛或者申请乐购乐消费联盟会员卡时，跟据网站要求提供的个人信息；<br />\r\n在您使用乐购乐消费联盟服务、参加网站活动、或访问网站网页时，网站自动接收并记录的您浏览器上的服务器数据，包括但不限于IP地址、网站Cookie中的资料及您要求取用的网页记录；<br />\r\n乐购乐消费联盟通过合法途径从商业伙伴处取得的用户个人资料。</p>\r\n<p>乐购乐消费联盟不会向任何人出售或出借您的个人信息，除非事先得到您的许可。<br />\r\n为服务用户的目的，乐购乐消费联盟可能通过使用您的个人信息，向您提供服务，包括但不限于向您发出活动和服务信息等。用户在享用乐购乐消费联盟会员服务的同时，同意接受乐购乐消费联盟络会员服务提供的各类信息服务。<br />\r\n乐购乐消费联盟承诺不公开或透露您的密码、姓名、手机号码等在本站的非公开信息，除非因会员本人的需要、法律或其他合法程序的要求、服务条款的改变或修订等。<br />\r\n您的个人信息将在下述情况下部分或全部被披露：<br />\r\n● 经您同意，向第三方披露；<br />\r\n● 如您是合格的知识产权人并已提起投诉，应被投诉人要求，向被投诉人披露，以便双方处理可能的权利纠纷；<br />\r\n● 根据法律的有关规定，或者行政或司法机构的要求，向第三方或者行政、司法机构披露；<br />\r\n● 如果您出现违反中国有关法律或者网站政策的情况，需要向第三方披露；<br />\r\n● 为提供你所要求的产品和服务，而必须和第三方分享您的个人信息；<br />\r\n● 其他本网站根据法律或者网站政策认为合适的披露</p>\r\n<p>同时会员须做到：<br />\r\n● 用户名和昵称的注册与使用应符合网络道德，遵守中华人民共和国的相关法律法规。<br />\r\n● 用户名和昵称中不能含有威胁、淫秽、漫骂、非法、侵害他人权益等有争议性的文字。<br />\r\n● 注册成功后，会员必须保护好自己的帐号和密码，因会员本人泄露而造成的任何损失由会员本人负责。另外，每个用户都要对其帐户中的所有活动和事件负全责。你可随时改变你的密码和图标，也可以结束旧的帐户重开一个新帐户。用户若发现任何非法使用用户帐号或安全漏洞的情况，应当立即通告乐购乐消费联盟。 <br />\r\n● 不得盗用他人帐号，由此行为造成的后果自负。</p>\r\n<p>四、责任说明<br />\r\n基于技术和不可预见的原因而导致的服务中断，或者因会员的非法操作而造成的损失，乐购乐消费联盟不负责任。会员应当自行承担一切因自身行为而直接或者间接导致的民事或刑事法律责任。</p>\r\n<p>五、会员必须做到：<br />\r\n1、不得利用本站危害国家安全、泄露国家秘密，不得侵犯国家社会集体的和公民的合法权益，不得利用本站制作、复制和传播下列信息：<br />\r\n（1）煽动抗拒、破坏宪法和法律、行政法规实施的；<br />\r\n（2）煽动颠覆国家政权，推翻社会主义制度的；<br />\r\n（3）煽动分裂国家、破坏国家统一的；<br />\r\n（4）煽动民族仇恨、民族歧视，破坏民族团结的；<br />\r\n（5）捏造或者歪曲事实，散布谣言，扰乱社会秩序的；<br />\r\n（6）宣扬封建迷信、淫秽、色情、赌博、暴力、凶杀、恐怖、教唆犯罪的；<br />\r\n（7）公然侮辱他人或者捏造事实诽谤他人的，或者进行其他恶意攻击的；<br />\r\n（8）损害国家机关信誉的；<br />\r\n（9）其他违反宪法和法律行政法规的；<br />\r\n（10）进行商业广告行为的。<br />\r\n2、未经本站的授权或许可，任何会员不得借用本站的名义从事任何商业活动，也不得将本站作为从事商业活动的场所、平台或其他任何形式的媒介。禁止将本站用作从事各种非法活动的场所、平台或者其他任何形式的媒介。如会员违反上述规定，则乐购乐消费联盟有权直接采取一切必要的措施，包括但不限于删除会员发布的内容、取消会员在网站获得的星级、荣誉以及虚拟财富，暂停或查封会员帐号，乃至通过诉讼形式追究会员法律责任等。<br />\r\n3、乐购乐消费联盟保留经自行裁决和判断而过滤、编辑或移除任何上述内容的权利。 <br />\r\n乐购乐消费联盟对您或任何第三方发布、存储或上传的任何内容或其任何损失或损害，均不负责也不承担责任，对您可能遇到的任何错误、中伤、诽谤、诬蔑、不作为、谬误、淫秽、色情或亵渎，乐购乐消费联盟也不承担责任。作为互动服务的提供者，乐购乐消费联盟对其用户在任何公共论坛、个人主页或其它互动区域提供的任何陈述、声明或内容均不承担责任。乐购乐消费联盟保留在任何时候为任何理由而不经通知地移除、筛查或编辑本网站上发布或存储的任何内容的权利，且其具有绝对的裁量权如此行为，您须自行负责备份和替换您在本网站发布或存储的任何内容，成本和费用自理。</p>\r\n<p>六、版权说明：任何会员接受本注册协议，即表明该用户主动将其在任何时间段在本站发表的任何形式的信息的著作财产权，包括并不限于：复制权、发行权、出租权、展览权、表演权、放映权、广播权、信息网络传播权、摄制权、改编权、翻译权、汇编权以及应当由著作权人享有的其他可转让权利无偿独家转让给乐购乐消费联盟运营商所有，同时表明该会员许可乐购乐消费联盟有权利就任何主体侵权而单独提起诉讼，并获得全部赔偿。 本协议已经构成《著作权法》第二十五条所规定的书面协议，其效力及于用户在乐购乐消费联盟发布的任何受著作权法保护的作品内容，无论该内容形成于本协议签订前还是本协议签订后。<br />\r\n会员同意并明确了解上述条款，不将已发表于本站的信息，以任何形式发布或授权其它网站（及媒体）使用。<br />\r\n同时，乐购乐消费联盟保留删除站内各类不符合规定点评而不通知会员的权利：<br />\r\n广州三好网络科技有限公司是乐购乐消费联盟的制作者,拥有此网站内容及资源的版权,受国家知识产权保护,享有对本网站声明的最终解释与修改权；未经广州三好网络科技有限公司的明确书面许可,任何单位或个人不得以任何方式,以任何文字作全部和局部复制、转载、引用和链接。否则本公司将追究其法律责任。</p>\r\n<p>七、免责声明：<br />\r\n● 乐购乐消费联盟对于任何包含、经由或连接、下载或从任何与有关本网站所获得的任何内容、信息或广告，不声明或保证其正确性或可靠性；并且对于用户经本网站上的内容、广告、展示而购买、取得的任何产品、信息或资料，乐购乐消费联盟不负保证责任。用户自行负担使用本网站的风险。<br />\r\n● 乐购乐消费联盟有权但无义务，改善或更正本网站任何部分之任何疏漏、错误。<br />\r\n● 本站内会员点评仅代表其个人的观点，并不表示本站赞同其观点或证实其描述，本站不承担由此引发的法律责任。任何单位或者个人认为本站用户发布的任何信息侵犯其权利，均可以通过下列联系方式通知乐购乐消费联盟：<br />\r\n邮寄地址：广州市天河区天河北路685号光大银行大厦23楼<br />\r\n邮政编码：510630<br />\r\n收件人：乐购乐消费联盟法务部</p>\r\n<p><br />\r\n敬请按照以下格式（包括各项编号）提供下述信息： <br />\r\n明确指出您声称被侵权的受版权保护的作品。 <br />\r\n明确指出您声称侵犯受版权保护作品的材料，以及使我们能在本网站上找到该材料的信息，例如一个指向侵权材料的链接。 <br />\r\n您的联络方式，以便我们能回复您的投诉，最好包括电子邮件地址和电话号码。 <br />\r\n纳入以下声明：&ldquo;本人本着诚信原则，认为被指侵犯版权的材料未获得版权所有人、其代理或法律的授权&rdquo;。 <br />\r\n纳入以下声明：&ldquo;本人宣誓，此通知里的信息是准确的，本人是声称被侵犯的排他性权利的版权所有人，或获得授权代表该权利所有人行为，所言不实甘受伪誓处罚&rdquo;。 <br />\r\n通知必须经被授权人签字，该被授权人是代表声称被侵犯的排他性权利的所有人而行为。 <br />\r\n我们建议您在提起通知或通知应答之前咨询您的法律顾问。此外，我们提请您注意：如果对版权侵权所作的指称不实，则您可能承担损害赔偿（包括各种费用和律师费）的责任。</p>\r\n<p>八、侵权者政策<br />\r\n对于被视为侵犯他人知识产权的任何用户，乐购乐消费联盟可自行决定限制其对本网站的访问和／或终止其帐户。</p>\r\n<p>九、保证否认声明<br />\r\n除非乐购乐消费联盟以书面形式明确另行规定，否则本网站、其中所包含的材料以及本网站上提供的或与之相关而提供的服务（&ldquo;服务&rdquo;）均以&ldquo;现状&rdquo;提供，不带任何类型的保证，无论明示还是默示。就本网站上的服务、信息、内容以及材料，乐购乐消费联盟明确否认所有其它明示或默示的保证，包括但不限于有关适销性、适合特定目的、所有权以及不侵权的默示保证。乐购乐消费联盟不声明或保证本网站的材料或服务是准确的、完整的、可靠的、当前的或无差错的，并且否认有关本网站、本网站内容或其任何部分的准确性或专有性的任何保证或声明。 <br />\r\n乐购乐消费联盟对与定价、文本或摄影有关的排字错误或疏忽不负责。虽然乐购乐消费联盟力图使您能对本网站和服务进行安全访问和使用，但乐购乐消费联盟不能也不会声明或保证本网站或其服务器是不含病毒或其它有害因素的；因此您应使用业界公认的软件查杀任何下载文件中的病毒。</p>\r\n<p><br />\r\n十、适用法律和裁判地点<br />\r\n本网站（第三方网站除外）由广州三好网络科技有限公司控制并运营。本网站可在中国及其他国家进行访问。您和广州三好网络科技有限公司均受益于与本网站有关的可预见法律环境的建立。因此，您和广州三好网络科技有限公司明确同意，因您使用本网站而引起或与之相关的一切争议、权利主张或其它事项，均受中华人民共和国法律的管辖，但不考虑其法律冲突原则。您同意，如果出现任何因本网站引起或与之相关的争议，您和广州三好网络科技有限公司应首先本着诚信原则通过协商加以解决。如果协商不成，您将同意接受广州三好网络科技有限公司住所地法院管辖。</p>\r\n<p>十一、可分性<br />\r\n如果本网站条款的任何规定被视为不合法、无效或因任何原因而无法执行，则此等规定应视为可从本网站条款分割，且不得影响任何其余规定的效力和可执行性。</p>\r\n<p>十二、冲突选择<br />\r\n本协议是乐购乐消费联盟与用户之间的法律关系的重要文件，乐购乐消费联盟或者注册用户的任何书面或者口头意思表示与本协议不一致的，均应当与本协议为准，除非本协议被乐购乐消费联盟声明作废或者被新版本代替。</p>\r\n<p>十三、问题与意见<br />\r\n如果您对本网站条款或本网站的使用还存有任何疑问，您可以联系我们。</p>\r\n<p>十四、针对搜索引擎<br />\r\n乐购乐消费联盟要求各搜索引擎遵循行业规范，即&ldquo;拒绝 Robots 访问标准&rdquo;(Robots Exclusion Standard)，否则将视你的抓取行为是对我网站财产权利和知识产权的侵犯，有权通过法律诉讼维护网站利益。<br />\r\n&nbsp;</p>'',\n  ''tpl'' => \n  array (\n    ''main'' => ''new'',\n    ''shop'' => ''new'',\n    ''member'' => ''default'',\n  ),\n  ''html'' => ''0'',\n  ''rewrite'' => ''0'',\n  ''num_shop'' => ''10'',\n  ''num_list_review'' => ''10'',\n  ''num_show_review'' => ''5'',\n  ''num_respond_review'' => ''5'',\n  ''catorder'' => ''listorder'',\n  ''shopthumb'' => ''3'',\n  ''show_allthumb_enable'' => ''1'',\n  ''ckcode'' => ''-99'',\n  ''pic_thumb'' => \n  array (\n    ''small'' => \n    array (\n      ''width'' => ''120'',\n      ''height'' => ''90'',\n    ),\n    ''big'' => \n    array (\n      ''width'' => ''120'',\n      ''height'' => ''90'',\n    ),\n  ),\n  ''pic_upload_size'' => ''1000'',\n  ''watermark'' => ''0'',\n  ''watermark_minwidth'' => ''300'',\n  ''watermark_minheight'' => ''300'',\n  ''watermark_pct'' => ''100'',\n  ''auditing'' => \n  array (\n    ''shop'' => ''1'',\n    ''review'' => ''0'',\n    ''respond'' => ''0'',\n    ''uploadpic'' => ''1'',\n  ),\n  ''mail'' => \n  array (\n    ''usesmtp'' => ''0'',\n    ''smtp'' => ''smtp.126.com'',\n    ''port'' => ''25'',\n    ''email'' => ''zp7456@126.com'',\n    ''username'' => ''zp7456'',\n    ''password'' => ''123456'',\n  ),\n  ''clearcachetime'' => ''1'',\n  ''search'' => \n  array (\n    ''limit'' => ''10'',\n    ''maxresults'' => ''1000'',\n    ''cachelife'' => ''3600'',\n  ),\n  ''point'' => \n  array (\n    ''reg'' => \n    array (\n      ''point'' => ''100'',\n      ''coin'' => ''10'',\n    ),\n    ''addshop'' => \n    array (\n      ''point'' => ''10'',\n      ''coin'' => ''1'',\n    ),\n    ''updateshop'' => \n    array (\n      ''point'' => ''3'',\n      ''coin'' => '''',\n    ),\n    ''addreview'' => \n    array (\n      ''point'' => ''2'',\n      ''coin'' => '''',\n    ),\n    ''addpic'' => \n    array (\n      ''point'' => '''',\n      ''coin'' => '''',\n    ),\n    ''addrespond'' => \n    array (\n      ''point'' => ''2'',\n      ''coin'' => '''',\n    ),\n    ''addcoupon'' => \n    array (\n      ''point'' => ''5'',\n      ''coin'' => '''',\n    ),\n    ''delshop'' => \n    array (\n      ''point'' => '''',\n      ''coin'' => '''',\n    ),\n    ''delreview'' => \n    array (\n      ''point'' => '''',\n      ''coin'' => '''',\n    ),\n    ''delpic'' => \n    array (\n      ''point'' => '''',\n      ''coin'' => '''',\n    ),\n    ''delrespond'' => \n    array (\n      ''point'' => '''',\n      ''coin'' => '''',\n    ),\n  ),\n  ''review'' => \n  array (\n    ''min'' => ''5'',\n    ''max'' => ''400'',\n  ),\n  ''respond'' => \n  array (\n    ''min'' => ''5'',\n    ''max'' => ''300'',\n  ),\n  ''avatar_review'' => ''1'',\n  ''filter'' => ''你爷爷的 胡锦涛 江泽民'',\n  ''uc'' => ''0'',\n  ''_uc'' => \n  array (\n    ''uc_exange'' => ''1'',\n    ''uc_feed'' => ''1'',\n    ''uc_uch'' => ''0'',\n    ''uc_uch_url'' => ''http://test.com/ucenter/'',\n  ),\n  ''default_areacode'' => ''28'',\n  ''default_catcode'' => ''10'',\n)', 0, 0, '2008-10-28', '2008-10-28', '2008-10-28'),
('member', '会员', 'member/', 'member/', 1, '1.0.0.0', 'Phpcms Team', 'http://www.legoule.com/', 'phpcms@163.com', '', '', '', 'array (\r\n  ''member''=>''会员类型'',\r\n)\r\n\r\n\r\n', 'array (\n  ''preserve'' => '''',\n)', 0, 0, '2008-10-28', '2008-10-28', '2008-10-28'),
('space', '个人空间', 'space/', 'space/', 0, '1.0.0.0', 'Phpcms Team', 'http://www.legoule.com/', 'phpcms@163.com', '', '', '', '', '', 0, 0, '2008-10-28', '2008-10-28', '2008-10-28'),
('comment', '评论', 'comment/', 'comment/', 0, '1.0.0.0', 'Phpcms Team', 'http://www.legoule.com/', 'phpcms@163.com', '', '', '', '', 'array (\n  ''ischecklogin'' => ''1'',\n  ''ischeckcomment'' => ''0'',\n  ''enablecheckcode'' => ''1'',\n  ''maxnum'' => ''10'',\n  ''enabledkey'' => '','',\n)', 0, 0, '2008-10-28', '2008-10-28', '2008-10-28'),
('vote', '投票问卷', 'vote/', 'vote/', 0, '1.0.0.0', 'Phpcms Team', 'http://www.legoule.com/', 'phpcms@163.com', '多标题投票模块 for PHPCMS2008', '', '', '', 'array (\n  ''editor'' => ''1'',\n  ''template'' => '''',\n  ''checkcode'' => ''0'',\n  ''anonymous'' => ''1'',\n)', 0, 0, '2008-10-28', '2008-10-28', '2008-10-28'),
('link', '友情链接', 'link/', 'link/', 0, '1.0.0.0', 'Phpcms Team', 'http://www.legoule.com/', 'phpcms@163.com', '', '', '', '', 'array (\n  ''seo_keywords'' => ''友情链接'',\n  ''seo_description'' => ''友情链接'',\n  ''enablecheckcode'' => ''0'',\n  ''ischeck'' => ''1'',\n)', 0, 0, '2008-10-28', '2008-10-28', '2008-10-28'),
('message', '短消息', 'message/', 'message/', 0, '1.0.0.0', 'Phpcms Team', 'http://www.legoule.com/', 'phpcms@163.com', '', '', '', '', '', 0, 1, '2008-10-28', '2008-10-28', '2008-10-28'),
('ads', '广告管理', 'ads/', 'ads/', 0, '1.0.0.0', 'Henter', 'http://511589173.qzone.qq.com', '511589173@qq.com', '', '', '', '', 'array (\n  ''pagesize'' => ''15'',\n  ''ext'' => ''jpg|jpeg|gif|png|swf'',\n  ''maxsize'' => ''307200'',\n  ''htmldir'' => ''js'',\n)', 0, 0, '2010-01-30', '2010-01-30', '2010-01-30'),
('announce', '网站公告', 'announce/', 'announce/', 0, '1.0.0.0', 'Phpcms Team', 'http://www.legoule.com/', 'phpcms@163.com', '', '', '', '', '', 0, 0, '2008-10-28', '2008-10-28', '2008-10-28'),
('formguide', '表单向导', 'formguide/', 'formguide/', 0, '1.0.0.0', 'Phpcms Team', 'http://www.legoule.com/', 'phpcms@163.com', '', '', '', '', 'array (\n  ''allowmultisubmit'' => ''1'',\n  ''allowunregsubmit'' => ''1'',\n  ''allowsendemail'' => ''0'',\n)', 0, 0, '2008-10-28', '2008-10-28', '2008-10-28'),
('shop', '商铺', 'shop/', 'shop/', 1, '1.0.0', 'henter', 'http://www.legoule.com', '511589173@qq.com', '商家信息', '<br />', '<br />', '', 'array (\n  ''seo_title'' => '''',\n  ''seo_keywords'' => '''',\n  ''seo_description'' => '''',\n  ''groupimg'' => \n  array (\n    1 => '''',\n    4 => ''yp/images/gold.gif'',\n    5 => ''yp/images/gold.gif'',\n    6 => ''yp/images/g_1.gif'',\n  ),\n  ''enableSecondDomain'' => ''0'',\n  ''secondDomain'' => ''c.cc'',\n  ''domainlestleth'' => ''3'',\n  ''savedDomain'' => '''',\n  ''businessdir'' => ''business'',\n  ''cache_index'' => ''10'',\n  ''cache_list'' => ''10'',\n  ''cache_show'' => ''10'',\n  ''ischeck'' => ''0'',\n  ''check_cert'' => ''1'',\n  ''enable_rewrite'' => ''0'',\n  ''priv_roleid'' => \n  array (\n    0 => ''1'',\n    1 => ''6'',\n  ),\n  ''allow_add_news'' => \n  array (\n    0 => ''1'',\n    1 => ''6'',\n  ),\n  ''allow_add_product'' => \n  array (\n    0 => ''1'',\n    1 => ''6'',\n  ),\n  ''allow_add_buy'' => \n  array (\n    0 => ''1'',\n    1 => ''6'',\n  ),\n  ''allow_add_job'' => \n  array (\n    0 => ''1'',\n    1 => ''6'',\n  ),\n  ''allow_add_stat'' => \n  array (\n    0 => ''1'',\n    1 => ''6'',\n  ),\n  ''allow_add_cert'' => \n  array (\n    0 => ''1'',\n    1 => ''6'',\n  ),\n  ''allow_add_map'' => \n  array (\n    0 => ''1'',\n    1 => ''6'',\n  ),\n  ''add_check'' => \n  array (\n    0 => ''1'',\n    1 => ''6'',\n  ),\n)', 0, 0, '2009-03-02', '2009-03-02', '2009-03-02'),
('help', '帮助中心', 'help/', 'help/', 0, '1.0.0.0', 'Henter', 'http://511589173.qzone.qq.com', '511589173@qq.com', '', '', '', '', '', 0, 0, '2010-03-10', '2010-03-10', '2010-03-10'),
('coupons', '优惠券', 'coupons/', 'coupons/', 0, '1.0.0.0', 'Henter', 'http://henter.me/', '511589173@qq.com', '', '', '', '', '', 0, 0, '2010-04-06', '2010-04-06', '2010-04-06');

-- --------------------------------------------------------

--
-- 表的结构 `dc_pos`
--

DROP TABLE IF EXISTS `dc_pos`;
CREATE TABLE IF NOT EXISTS `dc_pos` (
  `posid` smallint(5) unsigned NOT NULL AUTO_INCREMENT,
  `name` varchar(30) NOT NULL DEFAULT '',
  `module` varchar(30) NOT NULL DEFAULT '',
  `listorder` smallint(5) unsigned NOT NULL DEFAULT '999',
  PRIMARY KEY (`posid`)
) ENGINE=MyISAM  DEFAULT CHARSET=utf8;

--
-- 导出表中的数据 `dc_pos`
--

INSERT INTO `dc_pos` (`posid`, `name`, `module`, `listorder`) VALUES
(1, '省站显示', 'shop', 0),
(2, '市站显示', 'shop', 0),
(3, '区站显示', 'shop', 0),
(4, '最新', 'shop', 0),
(5, '热门', 'shop', 0);

-- --------------------------------------------------------

--
-- 表的结构 `dc_position`
--

DROP TABLE IF EXISTS `dc_position`;
CREATE TABLE IF NOT EXISTS `dc_position` (
  `contentid` mediumint(8) unsigned NOT NULL DEFAULT '0',
  `shopid` mediumint(8) unsigned NOT NULL DEFAULT '0',
  `posid` smallint(5) unsigned NOT NULL DEFAULT '0',
  KEY `posid` (`posid`),
  KEY `shopid` (`shopid`),
  KEY `contentid` (`contentid`)
) ENGINE=MyISAM DEFAULT CHARSET=gbk;

--
-- 导出表中的数据 `dc_position`
--

INSERT INTO `dc_position` (`contentid`, `shopid`, `posid`) VALUES
(0, 1, 1),
(0, 1, 2),
(0, 1, 3),
(0, 2, 3),
(0, 2, 2),
(0, 73, 1),
(0, 70, 1),
(0, 7, 3),
(0, 7, 2),
(0, 71, 2),
(0, 6, 3),
(0, 5, 3),
(0, 4, 3),
(0, 4, 2),
(0, 3, 3),
(0, 2, 1),
(0, 3, 2),
(0, 3, 1),
(0, 5, 2),
(0, 6, 2),
(0, 72, 1),
(0, 69, 1),
(0, 70, 2),
(0, 7, 1),
(0, 6, 1),
(0, 5, 1),
(0, 4, 1),
(0, 11, 3),
(0, 11, 2),
(0, 11, 1),
(0, 12, 3),
(0, 14, 3),
(0, 13, 3),
(0, 15, 3),
(0, 15, 2),
(0, 14, 2),
(0, 13, 2),
(0, 12, 2),
(0, 12, 1),
(0, 13, 1),
(0, 14, 1),
(0, 15, 1),
(0, 18, 3),
(0, 18, 2),
(0, 18, 1),
(0, 17, 3),
(0, 16, 3),
(0, 17, 2),
(0, 16, 2),
(0, 16, 1),
(0, 17, 1),
(0, 19, 3),
(0, 19, 2),
(0, 19, 1),
(0, 20, 3),
(0, 20, 2),
(0, 20, 1),
(0, 23, 3),
(0, 21, 3),
(0, 22, 3),
(0, 21, 2),
(0, 22, 2),
(0, 23, 2),
(0, 23, 1),
(0, 22, 1),
(0, 21, 1),
(0, 24, 2),
(0, 24, 3),
(0, 24, 1),
(0, 26, 3),
(0, 26, 2),
(0, 25, 1),
(0, 25, 3),
(0, 26, 1),
(0, 25, 2),
(0, 27, 3),
(0, 27, 2),
(0, 121, 1),
(0, 28, 3),
(0, 28, 2),
(0, 28, 1),
(0, 29, 3),
(0, 29, 2),
(0, 30, 3),
(0, 29, 1),
(0, 30, 2),
(0, 30, 1),
(0, 31, 3),
(0, 32, 3),
(0, 34, 3),
(0, 33, 3),
(0, 35, 3),
(0, 35, 2),
(0, 34, 2),
(0, 33, 2),
(0, 32, 2),
(0, 31, 2),
(0, 32, 1),
(0, 31, 1),
(0, 33, 1),
(0, 95, 1),
(0, 93, 1),
(0, 36, 3),
(0, 36, 2),
(0, 92, 1),
(0, 37, 3),
(0, 37, 2),
(0, 37, 1),
(0, 38, 3),
(0, 38, 2),
(0, 38, 1),
(0, 39, 1),
(0, 39, 2),
(0, 39, 3),
(0, 40, 3),
(0, 40, 2),
(0, 40, 1),
(0, 41, 3),
(0, 41, 2),
(0, 41, 1),
(0, 42, 3),
(0, 42, 2),
(0, 43, 3),
(0, 43, 2),
(0, 44, 3),
(0, 44, 2),
(0, 89, 1),
(0, 45, 3),
(0, 45, 2),
(0, 47, 1),
(0, 46, 3),
(0, 46, 2),
(0, 81, 1),
(0, 47, 3),
(0, 47, 2),
(0, 87, 1),
(0, 48, 3),
(0, 48, 2),
(0, 48, 1),
(0, 49, 3),
(0, 49, 2),
(0, 49, 1),
(0, 50, 3),
(0, 50, 2),
(0, 50, 1),
(0, 51, 3),
(0, 51, 2),
(0, 51, 1),
(0, 52, 3),
(0, 52, 2),
(0, 52, 1),
(0, 53, 3),
(0, 53, 2),
(0, 53, 1),
(0, 54, 3),
(0, 54, 2),
(0, 54, 1),
(0, 55, 3),
(0, 55, 2),
(0, 55, 1),
(0, 56, 3),
(0, 56, 2),
(0, 56, 1),
(0, 57, 3),
(0, 57, 2),
(0, 57, 1),
(0, 58, 3),
(0, 58, 2),
(0, 58, 1),
(0, 59, 3),
(0, 59, 2),
(0, 59, 1),
(0, 60, 3),
(0, 60, 2),
(0, 60, 1),
(0, 61, 3),
(0, 61, 2),
(0, 61, 1),
(0, 62, 3),
(0, 62, 2),
(0, 62, 1),
(0, 63, 3),
(0, 63, 2),
(0, 63, 1),
(0, 78, 3),
(0, 65, 2),
(0, 65, 1),
(0, 64, 3),
(0, 64, 1),
(0, 66, 3),
(0, 69, 3),
(0, 65, 3),
(0, 67, 1),
(0, 72, 2),
(0, 71, 1),
(0, 68, 3),
(0, 67, 3),
(0, 64, 2),
(0, 68, 2),
(0, 68, 1),
(0, 73, 2),
(0, 9, 3),
(0, 74, 2),
(0, 75, 2),
(0, 75, 3),
(0, 72, 3),
(0, 74, 3),
(0, 73, 3),
(0, 9, 1),
(0, 8, 3),
(0, 8, 2),
(0, 10, 3),
(0, 10, 2),
(0, 9, 2),
(0, 71, 3),
(0, 70, 3),
(0, 75, 1),
(0, 74, 1),
(0, 10, 1),
(0, 76, 3),
(0, 76, 2),
(0, 77, 3),
(0, 77, 2),
(0, 67, 2),
(0, 66, 2),
(0, 66, 1),
(0, 79, 5),
(0, 79, 3),
(0, 80, 3),
(0, 80, 2),
(0, 81, 3),
(0, 81, 2),
(0, 45, 1),
(0, 80, 1),
(0, 69, 2),
(0, 82, 2),
(0, 82, 3),
(0, 44, 1),
(0, 83, 3),
(0, 83, 2),
(0, 83, 1),
(0, 84, 3),
(0, 84, 2),
(0, 84, 1),
(0, 212, 3),
(0, 85, 3),
(0, 85, 2),
(0, 212, 5),
(0, 86, 5),
(0, 86, 3),
(0, 87, 3),
(0, 87, 2),
(0, 36, 1),
(0, 88, 3),
(0, 88, 2),
(0, 89, 3),
(0, 89, 2),
(0, 35, 1),
(0, 90, 3),
(0, 90, 2),
(0, 90, 1),
(0, 91, 5),
(0, 91, 3),
(0, 92, 3),
(0, 92, 2),
(0, 27, 1),
(0, 93, 3),
(0, 93, 2),
(0, 34, 1),
(0, 94, 3),
(0, 94, 2),
(0, 94, 1),
(0, 95, 3),
(0, 95, 2),
(0, 122, 1),
(0, 96, 3),
(0, 96, 2),
(0, 97, 3),
(0, 97, 2),
(0, 43, 1),
(0, 98, 5),
(0, 98, 3),
(0, 99, 3),
(0, 99, 2),
(0, 100, 3),
(0, 100, 2),
(0, 212, 2),
(0, 101, 3),
(0, 102, 3),
(0, 102, 2),
(0, 102, 1),
(0, 103, 5),
(0, 103, 3),
(0, 104, 3),
(0, 104, 2),
(0, 105, 3),
(0, 105, 2),
(0, 106, 3),
(0, 174, 3),
(0, 107, 3),
(0, 173, 3),
(0, 173, 2),
(0, 174, 2),
(0, 111, 5),
(0, 109, 3),
(0, 109, 2),
(0, 122, 3),
(0, 122, 2),
(0, 113, 3),
(0, 175, 3),
(0, 123, 3),
(0, 137, 3),
(0, 139, 3),
(0, 125, 3),
(0, 120, 3),
(0, 120, 2),
(0, 42, 1),
(0, 125, 2),
(0, 136, 3),
(0, 137, 2),
(0, 126, 5),
(0, 127, 3),
(0, 134, 3),
(0, 136, 2),
(0, 128, 3),
(0, 134, 2),
(0, 134, 1),
(0, 129, 3),
(0, 133, 3),
(0, 133, 2),
(0, 130, 3),
(0, 132, 5),
(0, 132, 3),
(0, 131, 3),
(0, 132, 2),
(0, 133, 1),
(0, 139, 2),
(0, 139, 1),
(0, 140, 3),
(0, 140, 2),
(0, 140, 1),
(0, 141, 3),
(0, 141, 2),
(0, 141, 1),
(0, 121, 2),
(0, 121, 3),
(0, 142, 3),
(0, 142, 2),
(0, 142, 1),
(0, 143, 3),
(0, 143, 2),
(0, 143, 1),
(0, 144, 3),
(0, 144, 2),
(0, 144, 1),
(0, 145, 3),
(0, 145, 2),
(0, 145, 1),
(0, 146, 5),
(0, 146, 3),
(0, 146, 2),
(0, 147, 3),
(0, 147, 2),
(0, 147, 1),
(0, 148, 3),
(0, 148, 2),
(0, 148, 1),
(0, 151, 3),
(0, 151, 2),
(0, 152, 3),
(0, 103, 2),
(0, 153, 3),
(0, 212, 1),
(0, 152, 2),
(0, 153, 2),
(0, 156, 5),
(0, 156, 3),
(0, 157, 3),
(0, 157, 2),
(0, 158, 3),
(0, 158, 2),
(0, 159, 3),
(0, 159, 2),
(0, 160, 3),
(0, 160, 2),
(0, 161, 3),
(0, 162, 3),
(0, 163, 3),
(0, 173, 1),
(0, 165, 3),
(0, 166, 3),
(0, 164, 3),
(0, 167, 5),
(0, 8, 1),
(0, 167, 3),
(0, 167, 2),
(0, 167, 1),
(0, 168, 3),
(0, 169, 3),
(0, 170, 3),
(0, 171, 3),
(0, 172, 3),
(0, 175, 2),
(0, 176, 3),
(0, 176, 2),
(0, 177, 3),
(0, 177, 2),
(0, 179, 3),
(0, 179, 2),
(0, 82, 1),
(0, 97, 1),
(0, 186, 3),
(0, 186, 2),
(0, 195, 3),
(0, 126, 3),
(0, 196, 3),
(0, 83, 5),
(0, 197, 3),
(0, 176, 1),
(0, 190, 3),
(0, 190, 2),
(0, 190, 1),
(0, 198, 3),
(0, 199, 3),
(0, 177, 1),
(0, 200, 5),
(0, 205, 5),
(0, 200, 3),
(0, 179, 1),
(0, 213, 2),
(0, 205, 3),
(0, 9, 5),
(0, 10, 5),
(0, 204, 3),
(0, 173, 6),
(0, 174, 1),
(0, 186, 1),
(0, 86, 2),
(0, 210, 5),
(0, 175, 1),
(0, 204, 2),
(0, 91, 2),
(0, 200, 2),
(0, 167, 6),
(0, 156, 2),
(0, 156, 1),
(0, 152, 1),
(0, 153, 1),
(0, 151, 1),
(0, 79, 2),
(0, 98, 2),
(0, 109, 1),
(0, 125, 1),
(0, 124, 3),
(0, 123, 6),
(0, 122, 6),
(0, 121, 6),
(0, 120, 1),
(0, 119, 3),
(0, 118, 3),
(0, 117, 3),
(0, 116, 3),
(0, 115, 3),
(0, 114, 3),
(0, 113, 1),
(0, 112, 3),
(0, 111, 3),
(0, 110, 3),
(0, 146, 1),
(0, 123, 1),
(0, 123, 2),
(0, 105, 1),
(0, 104, 1),
(0, 103, 1),
(0, 101, 2),
(0, 100, 1),
(0, 99, 1),
(0, 98, 1),
(0, 97, 6),
(0, 96, 1),
(0, 95, 6),
(0, 94, 6),
(0, 92, 6),
(0, 93, 6),
(0, 91, 1),
(0, 90, 6),
(0, 89, 6),
(0, 88, 1),
(0, 87, 6),
(0, 86, 1),
(0, 85, 1),
(0, 84, 6),
(0, 83, 6),
(0, 82, 6),
(0, 81, 6),
(0, 79, 1),
(0, 77, 1),
(0, 76, 1),
(0, 168, 6),
(0, 165, 6),
(0, 211, 3),
(0, 164, 6),
(0, 163, 6),
(0, 162, 6),
(0, 160, 1),
(0, 161, 6),
(0, 159, 1),
(0, 158, 1),
(0, 157, 1),
(0, 155, 3),
(0, 154, 3),
(0, 150, 3),
(0, 149, 3),
(0, 188, 3),
(0, 187, 3),
(0, 185, 3),
(0, 184, 3),
(0, 183, 3),
(0, 182, 3),
(0, 181, 3),
(0, 180, 3),
(0, 172, 6),
(0, 171, 6),
(0, 170, 6),
(0, 169, 6),
(0, 201, 3),
(0, 202, 3),
(0, 8, 6),
(0, 9, 6),
(0, 200, 1),
(0, 192, 3),
(0, 193, 3),
(0, 194, 3),
(0, 191, 3),
(0, 189, 3),
(0, 204, 1),
(0, 166, 6),
(0, 10, 6),
(0, 211, 2),
(0, 206, 3),
(0, 213, 1),
(0, 147, 5),
(0, 132, 1),
(0, 207, 3),
(0, 208, 3),
(0, 211, 1),
(0, 209, 3),
(0, 210, 3),
(0, 213, 5);

-- --------------------------------------------------------

--
-- 表的结构 `dc_respond`
--

DROP TABLE IF EXISTS `dc_respond`;
CREATE TABLE IF NOT EXISTS `dc_respond` (
  `id` mediumint(8) unsigned NOT NULL AUTO_INCREMENT,
  `reviewid` mediumint(8) unsigned NOT NULL DEFAULT '0',
  `areacode` int(6) NOT NULL,
  `userid` mediumint(8) unsigned NOT NULL DEFAULT '0',
  `username` varchar(20) NOT NULL DEFAULT '',
  `content` text NOT NULL,
  `inputtime` int(10) NOT NULL DEFAULT '0',
  `status` tinyint(1) NOT NULL DEFAULT '1',
  `ip` varchar(15) NOT NULL DEFAULT '',
  PRIMARY KEY (`id`),
  KEY `userid` (`userid`,`status`),
  KEY `reviewid` (`reviewid`,`status`)
) ENGINE=MyISAM  DEFAULT CHARSET=utf8;

--
-- 导出表中的数据 `dc_respond`
--

INSERT INTO `dc_respond` (`id`, `reviewid`, `areacode`, `userid`, `username`, `content`, `inputtime`, `status`, `ip`) VALUES
(1, 4, 280101, 0, '', 'sdffsdfaaaaaaaaaaaa', 1268363870, 1, ''),
(2, 8, 280102, 0, '', 'dfsdfsdfs', 1271400679, 1, ''),
(3, 8, 280102, 0, '', '好 很好 非超好', 1272009106, 1, ''),
(4, 7, 280102, 0, '', '非常哦啊', 1272009125, 1, ''),
(5, 8, 280102, 0, '', '挺好的', 1272517398, 1, ''),
(6, 9, 280102, 0, '', '很划算', 1272525369, 1, ''),
(7, 23, 280104, 0, '', '33333333333', 1288749973, 1, ''),
(8, 23, 280104, 0, '', '432143214321', 1288749981, 1, ''),
(9, 23, 280104, 0, '', '432143214321543', 1288749984, 1, ''),
(10, 23, 280104, 0, '', '432143214321543', 1288749986, 1, '');

-- --------------------------------------------------------

--
-- 表的结构 `dc_review`
--

DROP TABLE IF EXISTS `dc_review`;
CREATE TABLE IF NOT EXISTS `dc_review` (
  `id` mediumint(8) unsigned NOT NULL AUTO_INCREMENT,
  `userid` mediumint(8) unsigned NOT NULL DEFAULT '0',
  `username` varchar(20) NOT NULL DEFAULT '',
  `shopid` mediumint(8) unsigned NOT NULL DEFAULT '0',
  `sort1` tinyint(1) unsigned NOT NULL DEFAULT '0',
  `sort2` tinyint(1) unsigned NOT NULL DEFAULT '0',
  `sort3` tinyint(1) unsigned NOT NULL DEFAULT '0',
  `sort4` tinyint(1) unsigned NOT NULL DEFAULT '0',
  `sort5` tinyint(1) unsigned NOT NULL DEFAULT '0',
  `sort6` tinyint(1) unsigned NOT NULL DEFAULT '0',
  `sort7` tinyint(1) unsigned NOT NULL DEFAULT '0',
  `sort8` tinyint(1) unsigned NOT NULL DEFAULT '0',
  `sumsort` smallint(2) unsigned NOT NULL DEFAULT '0',
  `avgprice` int(10) unsigned NOT NULL DEFAULT '0',
  `enjoy` tinyint(1) unsigned NOT NULL DEFAULT '0',
  `content` text NOT NULL,
  `inputtime` int(10) NOT NULL DEFAULT '0',
  `isupdate` tinyint(1) NOT NULL DEFAULT '0',
  `flower` int(8) unsigned NOT NULL DEFAULT '0',
  `respond` int(8) unsigned NOT NULL DEFAULT '0',
  `shoptags` varchar(60) NOT NULL DEFAULT '',
  `producttags` varchar(60) NOT NULL DEFAULT '',
  `suitplacetags` varchar(60) NOT NULL DEFAULT '',
  `status` tinyint(1) NOT NULL DEFAULT '1',
  `ip` varchar(15) NOT NULL DEFAULT '',
  `areacode` int(8) NOT NULL DEFAULT '0',
  PRIMARY KEY (`id`),
  KEY `posttime` (`inputtime`,`status`),
  KEY `userid` (`userid`,`status`,`inputtime`),
  KEY `flower` (`flower`,`status`),
  KEY `respond` (`respond`,`status`),
  KEY `shopid` (`shopid`)
) ENGINE=MyISAM  DEFAULT CHARSET=utf8;

--
-- 导出表中的数据 `dc_review`
--

INSERT INTO `dc_review` (`id`, `userid`, `username`, `shopid`, `sort1`, `sort2`, `sort3`, `sort4`, `sort5`, `sort6`, `sort7`, `sort8`, `sumsort`, `avgprice`, `enjoy`, `content`, `inputtime`, `isupdate`, `flower`, `respond`, `shoptags`, `producttags`, `suitplacetags`, `status`, `ip`, `areacode`) VALUES
(1, 0, '', 1, 5, 4, 3, 2, 0, 0, 0, 0, 0, 55, 2, '44444444444', 1267690869, 0, 0, 0, '', '', '', 1, '', 1001),
(2, 0, '', 1, 5, 4, 3, 2, 0, 0, 0, 0, 0, 55, 2, '44444444444', 1267690907, 0, 0, 0, '', '', '', 1, '', 1001),
(10, 0, '', 123, 3, 3, 0, 0, 0, 0, 0, 0, 0, 0, 2, '还不错啊~我很喜欢这种风格', 1271499201, 0, 0, 0, '', '', '', 1, '', 280103),
(4, 0, '', 15, 2, 5, 4, 5, 0, 0, 0, 0, 0, 1000, 2, 'dfdfs', 1268363842, 0, 0, 1, 'sff', 'sdfsf', '', 1, '', 280101),
(5, 0, '', 41, 3, 3, 3, 0, 0, 0, 0, 0, 0, 210, 2, '还不错~~', 1269594310, 0, 0, 0, '', '', '', 1, '', 280105),
(6, 0, '', 77, 5, 5, 5, 0, 0, 0, 0, 0, 0, 10, 3, 'sddds', 1270368545, 0, 0, 0, '', '', '', 1, '', 280104),
(7, 0, '', 78, 3, 3, 3, 3, 0, 0, 0, 0, 0, 100, 3, '地方高度是大方', 1271040145, 0, 0, 1, '', '的师傅说的 吃吃', '', 1, '', 280102),
(8, 0, '', 78, 3, 3, 3, 3, 0, 0, 0, 0, 0, 0, 2, '去吃过，感觉不错', 1271124896, 0, 0, 3, '', '', '', 1, '', 280102),
(9, 0, '', 79, 4, 4, 5, 0, 0, 0, 0, 0, 0, 200, 2, '很不错，用过很划算。', 1271366519, 0, 0, 1, '', '', '', 1, '', 280102),
(11, 0, '', 82, 3, 3, 3, 0, 0, 0, 0, 0, 0, 0, 0, '1d7j5v  awzcllcolktr, [url=http://gngktzmmfrtq.com/]gngktzmmfrtq[/url], [link=http://hrivemsbrwmz.com/]hrivemsbrwmz[/link], http://zopkjrodxfov.com/', 1271818273, 0, 0, 0, 'hYzWUPmxYu', 'LBmNmWAbfuzoQtQ', '', 1, '', 280104),
(18, 0, '', 200, 3, 3, 3, 0, 0, 0, 0, 0, 0, 65, 2, '配套挺齐全，也挺干净卫生。', 1272503569, 0, 0, 0, '', '', '', 1, '', 280104),
(19, 0, '', 113, 3, 3, 3, 0, 0, 0, 0, 0, 0, 400, 3, '不错的酒店呵', 1272691343, 0, 0, 0, '', '', '', 1, '', 280104),
(20, 0, '', 147, 3, 3, 3, 0, 0, 0, 0, 0, 0, 0, 2, '不错~~ 吃过', 1273127173, 0, 0, 0, '', '', '', 1, '', 280104),
(21, 0, '', 147, 3, 3, 3, 0, 0, 0, 0, 0, 0, 12, 2, '不错不错', 1273127211, 0, 0, 0, '', '', '', 1, '', 280104),
(16, 0, '', 160, 3, 3, 3, 0, 0, 0, 0, 0, 0, 43, 2, '日期为43214321', 1272009006, 0, 0, 0, '', '', '', 1, '', 280104),
(17, 0, '', 155, 3, 3, 3, 0, 0, 0, 0, 0, 0, 30, 2, '挺好的', 1272089818, 0, 0, 0, '', '', '', 1, '', 280106),
(23, 0, '', 213, 5, 5, 5, 0, 0, 0, 0, 0, 0, 5555, 2, '555555555555555555555', 1288749960, 0, 0, 4, '', '', '', 1, '', 280104);

-- --------------------------------------------------------

--
-- 表的结构 `dc_shop`
--

DROP TABLE IF EXISTS `dc_shop`;
CREATE TABLE IF NOT EXISTS `dc_shop` (
  `id` int(10) unsigned NOT NULL AUTO_INCREMENT,
  `userid` int(10) NOT NULL,
  `areacode` int(8) NOT NULL,
  `catcode` int(8) NOT NULL,
  `ownerid` int(10) NOT NULL,
  `shopname` varchar(200) NOT NULL DEFAULT '',
  `subname` varchar(255) NOT NULL DEFAULT '',
  `address` varchar(255) NOT NULL DEFAULT '',
  `website` varchar(255) NOT NULL DEFAULT '',
  `videourl` varchar(255) NOT NULL DEFAULT '',
  `tel1` varchar(13) NOT NULL DEFAULT '',
  `tel2` varchar(255) NOT NULL DEFAULT '',
  `mobile` varchar(255) NOT NULL DEFAULT '',
  `bus` varchar(255) NOT NULL DEFAULT '',
  `park` varchar(255) NOT NULL DEFAULT '',
  `storehours` varchar(255) NOT NULL DEFAULT '',
  `inputtime` int(10) unsigned NOT NULL DEFAULT '0',
  `template` varchar(255) NOT NULL DEFAULT 'default',
  `content` mediumtext NOT NULL,
  `status` char(10) NOT NULL DEFAULT '1',
  `elite` char(255) NOT NULL DEFAULT '0',
  `hits` int(10) unsigned NOT NULL DEFAULT '1',
  `shopdomain` varchar(255) NOT NULL DEFAULT '',
  `avgsort` float unsigned NOT NULL DEFAULT '0',
  `sort1` tinyint(1) unsigned NOT NULL DEFAULT '0',
  `sort2` tinyint(1) unsigned NOT NULL DEFAULT '0',
  `sort3` tinyint(1) unsigned NOT NULL DEFAULT '0',
  `sort4` tinyint(1) unsigned NOT NULL DEFAULT '0',
  `sort5` tinyint(1) unsigned NOT NULL DEFAULT '0',
  `sort6` tinyint(1) unsigned NOT NULL DEFAULT '0',
  `sort7` tinyint(1) unsigned NOT NULL DEFAULT '0',
  `sort8` tinyint(1) unsigned NOT NULL DEFAULT '0',
  `avgprice` int(10) unsigned NOT NULL DEFAULT '0',
  `enjoy` int(10) unsigned NOT NULL DEFAULT '0',
  `reviews` int(10) unsigned NOT NULL DEFAULT '0',
  `gbook` int(10) unsigned NOT NULL DEFAULT '0',
  `pics` int(10) unsigned NOT NULL DEFAULT '0',
  `discount` varchar(255) NOT NULL DEFAULT '',
  `thumb` varchar(255) NOT NULL DEFAULT '',
  `main` varchar(100) NOT NULL DEFAULT '',
  `adminid` int(8) unsigned NOT NULL DEFAULT '0',
  `map` varchar(50) NOT NULL DEFAULT '',
  `setting` text NOT NULL,
  `listorder` smallint(5) unsigned NOT NULL DEFAULT '999',
  `posids` tinyint(1) unsigned NOT NULL DEFAULT '0',
  `url` char(100) NOT NULL,
  `aid` int(10) NOT NULL DEFAULT '0',
  `discountchuwai` varchar(255) NOT NULL DEFAULT '',
  `isimg` char(255) NOT NULL DEFAULT '0',
  `description` mediumtext NOT NULL,
  PRIMARY KEY (`id`)
) ENGINE=MyISAM  DEFAULT CHARSET=utf8;

--
-- 导出表中的数据 `dc_shop`
--

INSERT INTO `dc_shop` (`id`, `userid`, `areacode`, `catcode`, `ownerid`, `shopname`, `subname`, `address`, `website`, `videourl`, `tel1`, `tel2`, `mobile`, `bus`, `park`, `storehours`, `inputtime`, `template`, `content`, `status`, `elite`, `hits`, `shopdomain`, `avgsort`, `sort1`, `sort2`, `sort3`, `sort4`, `sort5`, `sort6`, `sort7`, `sort8`, `avgprice`, `enjoy`, `reviews`, `gbook`, `pics`, `discount`, `thumb`, `main`, `adminid`, `map`, `setting`, `listorder`, `posids`, `url`, `aid`, `discountchuwai`, `isimg`, `description`) VALUES
(1, 0, 1001, 1002, 0, '北京国际饭店湘都府', '', '建国门内大街9号(北京国际饭店一层)', '', '', '010-88882828', '', '', '', '', '', 1267414098, '', 'sa\r\nfas\r\naf\r\nasf\r\nafds\r\nadfs\r\nadfs\r\nafds\r\n', '0', '0', 70, '', 0, 0, 0, 0, 0, 0, 0, 0, 0, 0, 0, 2, 0, 0, '8.9', 'uploadfile/2010/0304/20100304032929727.jpg', 'aa', 0, '23.185813175302915,113.17703247070312', 'array (\n  ''title'' => '''',\n  ''keywords'' => '''',\n  ''description'' => '''',\n  ''defaultpic'' => '''',\n)', 999, 1, 'shop/shop.php?id=1', 1, '0', '0', ''),
(2, 0, 280101, 1601, 0, '1987咖啡厅', '天河分店', '广州市天河区天河北路', 'http://qq.com', '', '12345678', '', '', '', '', '', 1267414098, 'default', '1987咖啡厅1987咖啡厅1987咖啡厅1987咖啡厅1987咖啡厅1987咖啡厅1987咖啡厅1987咖啡厅1987咖啡厅1987咖啡厅1987咖啡厅1987咖啡厅1987咖啡厅1987咖啡厅1987咖啡厅1987咖啡厅1987咖啡厅1987咖啡厅1987咖啡厅1987咖啡厅1987咖啡厅1987咖啡厅1987咖啡厅', '0', '0', 20, '', 0, 0, 0, 0, 0, 0, 0, 0, 0, 0, 0, 0, 0, 0, '8.5', 'uploadfile/2010/0330/20100330012141577_thumb.jpg', '咖啡', 3, '23.125244965641844,113.35568904876709', 'array (\n  ''title'' => '''',\n  ''keywords'' => '''',\n  ''description'' => '''',\n  ''defaultpic'' => '''',\n)', 999, 1, 'shop/shop.php?id=2', 40, '0', '0', ''),
(3, 0, 280104, 1002, 0, '同湘会', '天河北路店', '天河北路613号鸿翔大厦3楼(近万佳百货),中信广场附近', '', '', '020-38762003', '', '', '263 133 43 41 136 185 177 54 191 130 283', '', '', 1267414098, 'default', '<p>剁椒鱼头 小炒黄牛肉 木香子鸡 竹桶猪肚</p>', '0', '0', 43, '', 0, 0, 0, 0, 0, 0, 0, 0, 0, 0, 0, 0, 0, 0, '', 'uploadfile/2010/0304/20100304044551992.jpg', '剁椒鱼头 小炒黄牛肉 木香子鸡 竹桶猪肚 ', 3, '23.135940105405936,113.36620330810547', 'array (\n  ''title'' => '''',\n  ''keywords'' => '''',\n  ''description'' => '''',\n  ''defaultpic'' => '''',\n)', 999, 1, 'shop/shop.php?id=3', 2, '0', '0', ''),
(4, 0, 280104, 1002, 0, ' 川江鱼头火锅', '天河店', ' 石牌东路2号', '', '', '020-87562623', '', '', '138 地铁3线 师大暨站 石牌东路 岗顶站', '免费停车', '', 1267414098, 'default', '<p>新鲜卫生 环境舒适 灯光有气氛</p>', '0', '0', 25, '', 0, 0, 0, 0, 0, 0, 0, 0, 0, 0, 0, 0, 0, 0, '', 'uploadfile/2010/0330/20100330124538602_thumb.jpg', '水煮鱼 酸菜鱼 鱼头 香辣蟹 回锅肉 南瓜饼', 3, '23.132230448732436,113.34375858306885', 'array (\n  ''title'' => '''',\n  ''keywords'' => '''',\n  ''description'' => '''',\n  ''defaultpic'' => '''',\n)', 999, 1, 'shop/shop.php?id=4', 3, '0', '0', ''),
(5, 0, 280104, 1002, 0, ' 湘村馆', '水荫路店', '水荫路52号', '', '', '020-37612869', '', '', '', '', '', 1267414098, 'default', '', '0', '0', 26, '', 0, 0, 0, 0, 0, 0, 0, 0, 0, 0, 0, 0, 0, 0, '', 'uploadfile/2010/0330/20100330110121702.jpg', '酸辣鱼头 青椒茄子 剁椒鱼头 酸辣鱼', 3, '23.185813175302915,113.17703247070312', 'array (\n  ''title'' => '''',\n  ''keywords'' => '''',\n  ''description'' => '''',\n  ''defaultpic'' => '''',\n)', 999, 1, 'shop/shop.php?id=5', 6, '0', '0', ''),
(6, 0, 280104, 1002, 0, ' 粗茶香饭', '', '龙口东路5号龙晖大厦1楼', '', '', '020-87579755', '', '', '', '', '', 1267414098, 'default', '', '0', '0', 30, '', 0, 0, 0, 0, 0, 0, 0, 0, 0, 0, 0, 0, 0, 0, '', 'uploadfile/2010/0330/20100330112741351.jpg', '脆皮叉烧 鹅肠 剁椒鱼头 雪梅娘 渔家佬炒饭', 3, '23.13262509793696,113.33985328674316', 'array (\n  ''defaultpic'' => '''',\n)', 999, 1, 'shop/shop.php?id=6', 4, '0', '0', ''),
(7, 0, 280104, 1002, 0, '石头咕', '', '地址：芳村大道中211号', '', '', '020-81805557', '', '', '', '', '', 1267414098, 'default', '', '0', '0', 21, '', 0, 0, 0, 0, 0, 0, 0, 0, 0, 0, 0, 0, 0, 0, '', 'uploadfile/2010/0330/20100330112205808.jpg', '南瓜饼 香辣虾 香辣蟹 剁椒魚頭 剁椒鱼头', 1, '23.185813175302915,113.17703247070312', 'array (\n  ''title'' => '''',\n  ''keywords'' => '''',\n  ''description'' => '''',\n  ''defaultpic'' => '''',\n)', 999, 1, 'shop/shop.php?id=7', 5, '0', '0', ''),
(8, 0, 280101, 1002, 0, '洞庭土菜馆', '增槎路店', '增槎路16号(云硫酒店二楼)', '', '', '020-81788792', '', '', '', '', '', 1267414098, 'default', '<p>风景不错 情侣约会 小资很多</p>', '0', '0', 59, '', 0, 0, 0, 0, 0, 0, 0, 0, 0, 0, 0, 0, 0, 0, '', 'uploadfile/2010/0330/20100330124108293_thumb.jpg', '攸县香干 土鸡汤 辣子鸡 干锅手撕包菜 外婆菜', 1, '23.147778748756757,113.22269439697265', 'array (\n  ''title'' => '''',\n  ''keywords'' => '''',\n  ''description'' => '''',\n  ''defaultpic'' => '''',\n)', 3, 1, 'shop/shop.php?id=8', 7, '', '0', ''),
(9, 0, 280101, 1002, 0, '荷塘水榭', '', '西湖路68号201,301', '', '', '020-83381695', '', '', '', '', '', 1267414098, 'default', ' 高性价比 好吃的不得了', '0', '1', 112, '', 0, 0, 0, 0, 0, 0, 0, 0, 0, 0, 0, 0, 0, 0, '8', 'uploadfile/2010/0330/20100330124948606_thumb.jpg', '手撕鸭 蟹黄豆腐 手撕包菜 炒牛肉碎 剁椒鱼头', 1, '23.141696776321186,113.34203124046325', 'array (\n  ''title'' => '''',\n  ''keywords'' => '''',\n  ''description'' => '''',\n  ''defaultpic'' => '''',\n)', 2, 1, 'shop/shop.php?id=9', 8, '0', '0', ''),
(10, 0, 280101, 1002, 0, '洞庭土菜馆', '中山八路店', ' 中山八路(万佳百货)', '', '', '020-61270699', '', '', '', '', '', 1267414098, 'default', '<p>感觉不错 小资很多</p>', '0', '1', 70, '', 0, 0, 0, 0, 0, 0, 0, 0, 0, 0, 0, 0, 0, 3, '', 'uploadfile/2010/0330/20100330103659980.jpg', '垛椒鱼头 干锅手撕鸡 干锅包心菜 剁椒鱼头', 1, '23.185813175302915,113.17703247070312', 'array (\n  ''title'' => '''',\n  ''keywords'' => '''',\n  ''description'' => '''',\n  ''defaultpic'' => '''',\n)', 4, 1, 'shop/shop.php?id=10', 9, '', '0', ''),
(11, 0, 2801, 1002, 0, '湖南人湘菜食馆', '', '站前路142号', '', '', '020-86679199', '', '', '', '', '', 1267414098, 'default', '', '0', '0', 46, '', 0, 0, 0, 0, 0, 0, 0, 0, 0, 0, 0, 0, 0, 0, '', 'uploadfile/2010/0330/20100330110345856.jpg', '剁辣椒鱼头 酱板鸭', 0, '23.185813175302915,113.17703247070312', 'array (\n  ''title'' => '''',\n  ''keywords'' => '''',\n  ''description'' => '''',\n  ''defaultpic'' => '''',\n)', 999, 1, 'shop/shop.php?id=11', 10, '0', '0', ''),
(12, 0, 280101, 1604, 0, ' 钱柜', '', '先烈中路80号汇华商厦1楼 ', '', '', '020-37619999', '', '', '', '', '', 1267414098, 'default', '大大的推荐 帅哥不少 环境好', '0', '0', 18, '', 0, 0, 0, 0, 0, 0, 0, 0, 0, 0, 0, 0, 0, 0, '', 'uploadfile/2010/0330/20100330012023507_thumb.jpg', 'KTV 朋友聚会 自助餐 唱歌 聚欢 休闲 聚会 ', 0, '23.185813175302915,113.17703247070312', 'array (\n  ''title'' => '''',\n  ''keywords'' => '''',\n  ''description'' => '''',\n  ''defaultpic'' => '''',\n)', 999, 1, 'shop/shop.php?id=12', 12, '0', '0', ''),
(13, 0, 2801, 1604, 0, '艺莱茶苑', '上社分店', '华兴街91号尊积广场 ', '', '', '020-87592632', '', '', '', '', '', 1267414098, 'default', '', '0', '0', 22, '', 0, 0, 0, 0, 0, 0, 0, 0, 0, 0, 0, 0, 0, 0, '', 'uploadfile/2010/0330/20100330011857622_thumb.jpg', '艺莱茶苑上社分店 KTV 歌舞厅 ', 0, '23.185813175302915,113.17703247070312', 'array (\n  ''title'' => '''',\n  ''keywords'' => '''',\n  ''description'' => '''',\n  ''defaultpic'' => '''',\n)', 999, 1, 'shop/shop.php?id=13', 14, '0', '0', ''),
(14, 0, 280101, 1604, 0, '堂会自助餐和卡拉OK', '天河店', '起义路1号(海印缤缤广场九楼)', '', '', '020-83333999', '', '', '', '', '', 1267414098, 'default', '<p>永远都是很多人 人气很旺</p>', '0', '0', 63, '', 0, 0, 0, 0, 0, 0, 0, 0, 0, 0, 0, 0, 0, 0, '', 'uploadfile/2010/0330/20100330011744974_thumb.jpg', 'KTV 朋友聚会 唱歌 迪吧 自助餐 堂会 ', 0, '23.185813175302915,113.17703247070312', 'array (\n  ''title'' => '''',\n  ''keywords'' => '''',\n  ''description'' => '''',\n  ''defaultpic'' => '''',\n)', 999, 1, 'shop/shop.php?id=14', 15, '0', '0', ''),
(15, 0, 280101, 1604, 0, '龙胜吧', '', '沿江中路199号 ', '', '', '020-83362383', '', '', '', '', '', 1267414098, 'default', '大大的推荐  帅哥不少 ', '0', '0', 52, '', 0, 2, 5, 4, 5, 0, 0, 0, 0, 1000, 0, 1, 0, 0, '', 'uploadfile/2010/0330/20100330011502706_thumb.jpg', '自助餐 KTV 歌舞厅 酒吧 可唱歌 朋友聚餐 ', 0, '23.185813175302915,113.17703247070312', 'array (\n  ''title'' => '''',\n  ''keywords'' => '''',\n  ''description'' => '''',\n  ''defaultpic'' => '''',\n)', 999, 1, 'shop/shop.php?id=15', 16, '0', '0', ''),
(16, 0, 280101, 1604, 0, '名都会娱乐俱乐部', '', '人民北路668号(蓝宝石大厦三楼)', '', '', '020-81361613', '', '', '', '', '', 1267414098, 'default', '帅哥不少 气氛特别热闹 环境好 ', '0', '0', 17, '', 0, 0, 0, 0, 0, 0, 0, 0, 0, 0, 0, 0, 0, 0, '', 'uploadfile/2010/0330/20100330011154889_thumb.jpg', 'KTV 俱乐部 歌舞厅 ', 0, '23.185813175302915,113.17703247070312', 'array (\n  ''title'' => '''',\n  ''keywords'' => '''',\n  ''description'' => '''',\n  ''defaultpic'' => '''',\n)', 999, 1, 'shop/shop.php?id=16', 17, '0', '0', ''),
(17, 0, 280101, 1604, 0, '歌哥量贩式KTV康王加盟店', '', '上下九路90-92号东急商场四楼 ', '', '', '020-81248488', '', '', '', '', '', 1267414098, 'default', '大大的推荐 经常来  美女很多 ', '0', '0', 39, '', 0, 0, 0, 0, 0, 0, 0, 0, 0, 0, 0, 0, 0, 0, '', 'uploadfile/2010/0330/20100330010408327_thumb.jpg', ' KTV 休闲娱乐 歌哥东急店上下九力量人 歌哥 ', 0, '23.185813175302915,113.17703247070312', 'array (\n  ''title'' => '''',\n  ''keywords'' => '''',\n  ''description'' => '''',\n  ''defaultpic'' => '''',\n)', 999, 1, 'shop/shop.php?id=17', 18, '0', '0', ''),
(18, 0, 280101, 1604, 0, '金蚂蚁量贩KTV', '', '惠福西路38号(惠福大酒店2楼) ', '', '', '020-81309180', '', '', '', '', '', 1267414098, 'default', '大大的推荐 感觉很好 ', '0', '0', 24, '', 0, 0, 0, 0, 0, 0, 0, 0, 0, 0, 0, 0, 0, 0, '', 'uploadfile/2010/0330/20100330010123872_thumb.jpg', '唱K 自助餐 KTV 聚会 朋友聚餐 生日 ', 0, '23.185813175302915,113.17703247070312', 'array (\n  ''title'' => '''',\n  ''keywords'' => '''',\n  ''description'' => '''',\n  ''defaultpic'' => '''',\n)', 999, 1, 'shop/shop.php?id=18', 19, '0', '0', ''),
(19, 0, 280103, 1703, 0, ' 安心酒店预订网', '', '天河大道388号', '', '', '020-39926225', '', '', '', '', '', 1267414098, '', ' 广交会特价酒店 流花展馆酒店 琶洲展馆附近酒店 \r\n\r\n环境还不错 大大的推荐 可能还会来 优先选择 ', '0', '0', 11, '', 0, 0, 0, 0, 0, 0, 0, 0, 0, 0, 0, 0, 0, 0, '', 'uploadfile/2010/0304/20100304070330409.jpg', '住宿 ', 0, '23.185813175302915,113.17703247070312', 'array (\n  ''title'' => '''',\n  ''keywords'' => '''',\n  ''description'' => '''',\n  ''defaultpic'' => '''',\n)', 999, 1, 'shop/shop.php?id=19', 20, '0', '0', ''),
(20, 0, 280105, 1703, 0, '国际机场宾馆', '', '机场路云霄街340号', '', '', '020-86638838', '', '', '', '', '', 1267414098, 'default', '交通便利 比较享受 看到很多美女 ', '0', '0', 21, '', 0, 0, 0, 0, 0, 0, 0, 0, 0, 0, 0, 0, 0, 0, '', 'uploadfile/2010/0331/20100331100149244_thumb.jpg', '三星级宾馆酒店 星级宾馆酒店 宾馆 酒店 ', 0, '23.185813175302915,113.17703247070312', 'array (\n  ''title'' => '''',\n  ''keywords'' => '''',\n  ''description'' => '''',\n  ''defaultpic'' => '''',\n)', 999, 1, 'shop/shop.php?id=20', 21, '0', '0', ''),
(21, 0, 280105, 1703, 0, '广州越秀天安大厦', '', '解放北路960号', '', '', '020-86665666', '', '', '', '', '', 1267414098, 'default', '服务耐心周到 稍微有些贵 优先选择 ', '0', '0', 13, '', 0, 0, 0, 0, 0, 0, 0, 0, 0, 0, 0, 0, 0, 0, '', 'uploadfile/2010/0331/20100331100653992_thumb.jpg', '三星级宾馆酒店 三星级 星级宾馆酒店 住宅区 ', 0, '23.185813175302915,113.17703247070312', 'array (\n  ''title'' => '''',\n  ''keywords'' => '''',\n  ''description'' => '''',\n  ''defaultpic'' => '''',\n)', 999, 1, 'shop/shop.php?id=21', 22, '0', '0', ''),
(22, 0, 280105, 1703, 0, '广天大厦酒店', '', '广州市天河区黄埔大道243号 ', '', '', '020-28389889', '', '', '', '', '', 1267414098, 'default', ' 三星级宾馆酒店 三星级 星级宾馆酒店 ', '0', '0', 17, '', 0, 0, 0, 0, 0, 0, 0, 0, 0, 0, 0, 0, 0, 0, '', 'uploadfile/2010/0331/20100331100352883_thumb.jpg', ' 三星级宾馆酒店 三星级 星级宾馆酒店 ', 0, '23.185813175302915,113.17703247070312', 'array (\n  ''title'' => '''',\n  ''keywords'' => '''',\n  ''description'' => '''',\n  ''defaultpic'' => '''',\n)', 999, 1, 'shop/shop.php?id=22', 23, '0', '0', ''),
(23, 0, 280103, 1703, 0, '爱群大酒店', '', '沿江西路113号 ', '', '', '020-81866668', '', '', '', '', '', 1267414098, 'default', ' 价格有点雷人 还算靠谱 交通便利 ', '0', '0', 14, '', 0, 0, 0, 0, 0, 0, 0, 0, 0, 0, 0, 0, 0, 0, '', 'uploadfile/2010/0331/20100331095757245_thumb.jpg', '宾馆酒店 要三块钱的 三星级宾馆酒店 三星级 ', 0, '23.185813175302915,113.17703247070312', 'array (\n  ''title'' => '''',\n  ''keywords'' => '''',\n  ''description'' => '''',\n  ''defaultpic'' => '''',\n)', 999, 1, 'shop/shop.php?id=23', 24, '0', '0', ''),
(24, 0, 280103, 1703, 0, '天一酒店', '', '海珠区 同福东路644号', '', '', '020-34098388', '', '', '', '', '', 1267414098, '', '停车方便 稍微有些贵 交通便利 ', '0', '0', 12, '', 0, 0, 0, 0, 0, 0, 0, 0, 0, 0, 0, 0, 0, 0, '', 'uploadfile/2010/0304/20100304071245915.jpg', '酒店 三星级宾馆酒店 三星级 星级宾馆酒店 宾馆 ', 0, '23.185813175302915,113.17703247070312', 'array (\n  ''title'' => '''',\n  ''keywords'' => '''',\n  ''description'' => '''',\n)', 999, 0, 'shop/shop.php?id=24', 25, '0', '0', ''),
(25, 0, 280107, 1704, 0, ' 科尔海悦酒店', '', ' 清河东路288号', '', '', '020-34622838', '', '', '', '', '', 1267414098, '', '还算靠谱 可能还会来 停车方便', '0', '0', 15, '', 0, 0, 0, 0, 0, 0, 0, 0, 0, 0, 0, 0, 0, 0, '', 'uploadfile/2010/0304/20100304071503835.jpg', '五星级 三星级宾馆酒店 星级宾馆酒店 ', 0, '23.185813175302915,113.17703247070312', 'array (\n  ''title'' => '''',\n  ''keywords'' => '''',\n  ''description'' => '''',\n)', 999, 0, 'shop/shop.php?id=25', 26, '0', '0', ''),
(26, 0, 280107, 1703, 0, '正和大酒店', '', '市桥南郊陈涌金业街1号', '', '', '020-23883333', '', '', '', '', '', 1267414098, '', '停车方便 服务耐心周到 第一次来 看到很多美女 ', '0', '0', 25, '', 0, 0, 0, 0, 0, 0, 0, 0, 0, 0, 0, 0, 0, 0, '', 'uploadfile/2010/0304/20100304074457911.jpg', ' 三星级宾馆酒店 三星级 星级宾馆酒店 ', 0, '23.185813175302915,113.17703247070312', 'array (\n  ''title'' => '''',\n  ''keywords'' => '''',\n  ''description'' => '''',\n  ''defaultpic'' => '''',\n)', 999, 1, 'shop/shop.php?id=26', 37, '0', '0', ''),
(27, 0, 280104, 1801, 0, 'TONI&GUY', '', '天河东路75号109B-110室', '', '', '020-87542113', '', '', '', '', '', 1267414098, 'default', '', '0', '0', 18, '', 0, 0, 0, 0, 0, 0, 0, 0, 0, 0, 0, 0, 0, 0, '', 'uploadfile/2010/0330/20100330040040944_thumb.jpg', '美发 ', 0, '23.185813175302915,113.17703247070312', 'array (\n  ''title'' => '''',\n  ''keywords'' => '''',\n  ''description'' => '''',\n  ''defaultpic'' => '''',\n)', 999, 1, 'shop/shop.php?id=27', 27, '0', '0', ''),
(28, 0, 280104, 1901, 0, '华润万家生活超市', '天河北店', '天河北路605号', '', '', '020-38473390', '', '', '', '', '', 1267414098, 'default', '<p>常常光顾 可选性大 帅哥不少 环境好</p>', '1', '0', 70, '', 0, 0, 0, 0, 0, 0, 0, 0, 0, 0, 0, 0, 0, 0, '', 'uploadfile/2010/0304/20100304072022622.jpg', '超市 百货商场 老字号 ', 0, '23.185813175302915,113.17703247070312', 'array (\n  ''title'' => '''',\n  ''keywords'' => '''',\n  ''description'' => '''',\n  ''defaultpic'' => '''',\n)', 999, 1, 'shop/shop.php?id=28', 29, '0', '0', ''),
(29, 0, 280104, 1901, 0, ' 万佳百货', '中山店', '中山大道西160－178号', '', '', '020-87432670', '', '', '', '', '', 1267414098, 'default', '', '1', '0', 36, '', 0, 0, 0, 0, 0, 0, 0, 0, 0, 0, 0, 0, 0, 0, '', 'uploadfile/2010/0304/20100304072217105.jpg', '百货商场 购物中心 购物商场 ', 0, '23.185813175302915,113.17703247070312', 'array (\n  ''title'' => '''',\n  ''keywords'' => '''',\n  ''description'' => '''',\n  ''defaultpic'' => '''',\n)', 999, 1, 'shop/shop.php?id=29', 30, '0', '0', ''),
(30, 0, 280103, 1901, 0, '广百百货', '总店', '越秀区北京路295号', '', '', '020-83322348', '', '', '', '', '', 1267414098, 'default', '<p>价格经济实惠 漂亮服务员</p>', '1', '0', 64, '', 0, 0, 0, 0, 0, 0, 0, 0, 0, 0, 0, 0, 0, 0, '', 'uploadfile/2010/0304/20100304074536784.jpg', '购物中心 百货商场 wonderland桃花源 ', 0, '23.185813175302915,113.17703247070312', 'array (\n  ''title'' => '''',\n  ''keywords'' => '''',\n  ''description'' => '''',\n  ''defaultpic'' => '''',\n)', 999, 1, 'shop/shop.php?id=30', 39, '0', '0', ''),
(31, 0, 280103, 1901, 0, '萝莉塔少女专门店', '', '北京路步行街光明广场1楼', '', '', '020-83388150', '', '', '', '', '', 1267414098, '', '', '0', '0', 16, '', 0, 0, 0, 0, 0, 0, 0, 0, 0, 0, 0, 0, 0, 0, '', 'uploadfile/2010/0304/20100304072421990.jpg', '百货商场 公主 服饰 蕾丝 蝴蝶结 宫廷 萝莉塔 ', 0, '23.185813175302915,113.17703247070312', 'array (\n  ''title'' => '''',\n  ''keywords'' => '''',\n  ''description'' => '''',\n)', 999, 0, 'shop/shop.php?id=31', 31, '0', '0', ''),
(32, 0, 280103, 1901, 0, '奥斯酒业', '', '芳村浣花路浣南东街66号盛大南庭A1-0 ', '', '', '020-81405330', '', '', '', '', '', 1267414098, '', '', '0', '0', 11, '', 0, 0, 0, 0, 0, 0, 0, 0, 0, 0, 0, 0, 0, 0, '', 'uploadfile/2010/0304/20100304072522212.jpg', '红酒 葡萄酒 ', 0, '23.185813175302915,113.17703247070312', 'array (\n  ''title'' => '''',\n  ''keywords'' => '''',\n  ''description'' => '''',\n)', 999, 0, 'shop/shop.php?id=32', 32, '0', '0', ''),
(33, 0, 280103, 1901, 0, '包果时尚精品', '', ' 江南西路江南新地商业街富二层F25C', '', '', '020-84234081', '', '', '', '', '', 1267414098, '', '', '0', '0', 22, '', 0, 255, 255, 255, 0, 0, 0, 0, 0, 0, 0, 0, 0, 0, '', 'uploadfile/2010/0304/20100304072615421.jpg', '饰品 包包 ', 0, '23.185813175302915,113.17703247070312', 'array (\n  ''title'' => '''',\n  ''keywords'' => '''',\n  ''description'' => '''',\n)', 999, 0, 'shop/shop.php?id=33', 33, '0', '0', ''),
(34, 0, 280103, 1802, 0, '广州古铜屋美黑日晒中心', '', '天河北路帝景苑商业中心6楼614室(百佳斜对面)', '', '', '020-38467312', '', '', '', '', '', 1267414098, 'default', '', '0', '0', 20, '', 0, 0, 0, 0, 0, 0, 0, 0, 0, 0, 0, 0, 0, 0, '', 'uploadfile/2010/0330/20100330040223806_thumb.jpg', '美容 ', 0, '23.185813175302915,113.17703247070312', 'array (\n  ''title'' => '''',\n  ''keywords'' => '''',\n  ''description'' => '''',\n  ''defaultpic'' => '''',\n)', 999, 1, 'shop/shop.php?id=34', 34, '0', '0', ''),
(35, 0, 280102, 1802, 0, ' LINA彩妆造型工作室', '', ' 广州越秀区淘金路50号丽晶大厦5C', '', '', '020-83507757', '', '', '', '', '', 1267414098, 'default', '', '0', '0', 16, '', 0, 0, 0, 0, 0, 0, 0, 0, 0, 0, 0, 0, 0, 0, '', 'uploadfile/2010/0330/20100330035821262_thumb.jpg', '美发 美容 ', 0, '23.185813175302915,113.17703247070312', 'array (\n  ''title'' => '''',\n  ''keywords'' => '''',\n  ''description'' => '''',\n  ''defaultpic'' => '''',\n)', 999, 1, 'shop/shop.php?id=35', 35, '0', '0', ''),
(36, 0, 280102, 1802, 0, '加拿大奥瑞拉养生SPA会馆广州旗舰店', '', '中山四路16号(百信诚大厦303-304室)', '', '', '020-83744611', '', '', '', '', '', 1267414098, 'default', '', '0', '0', 22, '', 0, 0, 0, 0, 0, 0, 0, 0, 0, 0, 0, 0, 0, 0, '', 'uploadfile/2010/0330/20100330040410460_thumb.jpg', '美容SPA 美发 美容 ', 0, '23.185813175302915,113.17703247070312', 'array (\n  ''title'' => '''',\n  ''keywords'' => '''',\n  ''description'' => '''',\n  ''defaultpic'' => '''',\n)', 999, 1, 'shop/shop.php?id=36', 36, '0', '0', ''),
(37, 0, 280103, 1601, 0, '绿茵阁咖啡厅', '江南西路店', '江南西路23-1号2F ', '', '', '020-84242707', '', '', '', '', '', 1267414098, 'default', '', '0', '0', 32, '', 0, 0, 0, 0, 0, 0, 0, 0, 0, 0, 0, 0, 0, 0, '', 'uploadfile/2010/0330/20100330125800147_thumb.jpg', '东南亚套餐 扒 泰皇炒饭 卡布奇诺 牛仔骨 ', 0, '23.185813175302915,113.17703247070312', 'array (\n  ''title'' => '''',\n  ''keywords'' => '''',\n  ''description'' => '''',\n  ''defaultpic'' => '''',\n)', 999, 1, 'shop/shop.php?id=37', 42, '0', '0', ''),
(38, 0, 280104, 1605, 0, '天河电影城', '', '天河路623号天河娱乐广场5楼', '', '', '020-87576722', '', '', '', '', '', 1267414098, 'default', '美女很多 感觉很好 想去试试', '0', '0', 59, '', 0, 0, 0, 0, 0, 0, 0, 0, 0, 0, 0, 0, 0, 0, '', 'uploadfile/2010/0330/20100330125546231_thumb.jpg', '电影院 电影 情侣 大厅 ', 0, '23.185813175302915,113.17703247070312', 'array (\n  ''title'' => '''',\n  ''keywords'' => '''',\n  ''description'' => '''',\n  ''defaultpic'' => '''',\n)', 999, 1, 'shop/shop.php?id=38', 43, '0', '0', ''),
(73, 0, 280105, 1012, 0, '美华海鲜酒家', '', '广州市白云区三元里大道美华海鲜酒家269号', '', '', '86576022', '', '', '', '', '', 1269934039, 'default', '', '0', '0', 13, '', 0, 0, 0, 0, 0, 0, 0, 0, 0, 0, 0, 0, 0, 1, '', 'uploadfile/2010/0330/20100330032713310_thumb.jpg', '饭店', 0, '23.185813175302915,113.17703247070312', 'array (\n  ''title'' => '''',\n  ''keywords'' => '''',\n  ''description'' => '''',\n  ''defaultpic'' => ''uploadfile/2010/0330/20100330032809650.jpg'',\n)', 999, 0, 'shop/shop.php?id=73', 0, '0', '0', ''),
(40, 0, 280104, 1015, 0, ' 必胜客天河北万佳餐厅', '', ' 天河北路607号(万佳百货首层)', '', '', '020-38473048', '', '', '', '', '', 1267414098, 'default', '', '0', '0', 110, '', 0, 0, 0, 0, 0, 0, 0, 0, 0, 0, 0, 0, 0, 0, '85折', 'uploadfile/2010/0330/20100330105538323.jpg', ' 两人或三人套餐 披萨 pizza ', 0, '23.185813175302915,113.17703247070312', 'array (\n  ''title'' => '''',\n  ''keywords'' => '''',\n  ''description'' => '''',\n  ''defaultpic'' => '''',\n)', 999, 1, 'shop/shop.php?id=40', 45, '0', '0', ''),
(42, 0, 280104, 2005, 0, ' 广州白领婚嫁中心', '', '天河596号(岗顶百脑汇科技大厦C栋1914室)', '', '', '020-22035386', '', '', '', '', '', 1267414098, 'default', '', '0', '0', 50, '', 0, 0, 0, 0, 0, 0, 0, 0, 0, 0, 0, 0, 0, 0, '', 'uploadfile/2010/0330/20100330035425209_thumb.jpg', ' 约会 婚姻介绍 交友 婚介/交友 ', 0, '23.185813175302915,113.17703247070312', 'array (\n  ''title'' => '''',\n  ''keywords'' => '''',\n  ''description'' => '''',\n  ''defaultpic'' => '''',\n)', 999, 1, 'shop/shop.php?id=42', 47, '0', '0', ''),
(43, 0, 280102, 2001, 0, ' 广州爱之缘婚庆策划有限公司', '', '小北路239号台山大厦5楼502', '', '', '020-83556320', '', '', '', '', '', 1267414098, 'default', '', '0', '0', 21, '', 0, 0, 0, 0, 0, 0, 0, 0, 0, 0, 0, 0, 0, 0, '', 'uploadfile/2010/0330/20100330035210309_thumb.jpg', '会场布置 花车装饰 摄影摄像 新娘化妆 婚礼策划 ', 0, '23.185813175302915,113.17703247070312', 'array (\n  ''title'' => '''',\n  ''keywords'' => '''',\n  ''description'' => '''',\n  ''defaultpic'' => '''',\n)', 999, 1, 'shop/shop.php?id=43', 48, '0', '0', ''),
(44, 0, 280101, 1804, 0, '美皇后干洗脸美容院', '', '三元里瑶台瑶华大街159号', '', '', '020-61151737', '', '', '', '', '', 1267414098, 'default', '', '0', '0', 27, '', 0, 0, 0, 0, 0, 0, 0, 0, 0, 0, 0, 0, 0, 0, '', 'uploadfile/2010/0330/20100330035029915_thumb.jpg', '瘦身', 0, '23.185813175302915,113.17703247070312', 'array (\n  ''title'' => '''',\n  ''keywords'' => '''',\n  ''description'' => '''',\n  ''defaultpic'' => '''',\n)', 999, 1, 'shop/shop.php?id=44', 50, '0', '0', ''),
(45, 0, 280103, 1804, 0, '法国百莲凯美容美体国际连锁机构---简悦美容院', '', '广州市越秀区大沙头永胜上沙路东湖新村11号103 ', '', '', '020-83791279', '', '', '', '', '', 1267414098, 'default', '', '0', '0', 17, '', 0, 0, 0, 0, 0, 0, 0, 0, 0, 0, 0, 0, 0, 0, '', 'uploadfile/2010/0330/20100330034940254_thumb.jpg', '美体减肥 ', 0, '23.185813175302915,113.17703247070312', 'array (\n  ''title'' => '''',\n  ''keywords'' => '''',\n  ''description'' => '''',\n  ''defaultpic'' => '''',\n)', 999, 1, 'shop/shop.php?id=45', 49, '0', '0', ''),
(46, 0, 280102, 1802, 0, '瑞士瑞蔻美容美体连锁机构 ', '', '广州市荔湾区中山八路16号-10 ', '', '', '020-81939591', '', '', '', '', '', 1267414098, 'default', '', '0', '0', 59, '', 0, 0, 0, 0, 0, 0, 0, 0, 0, 0, 0, 0, 0, 0, '', 'uploadfile/2010/0330/20100330034617638_thumb.jpg', '瑞士瑞蔻美容美体连锁机构 ', 0, '23.185813175302915,113.17703247070312', 'array (\n  ''title'' => '''',\n  ''keywords'' => '''',\n  ''description'' => '''',\n  ''defaultpic'' => '''',\n)', 999, 1, 'shop/shop.php?id=46', 52, '0', '0', ''),
(47, 0, 280102, 1802, 0, '广美医学整形美容中心', '', '广州市天河区粤垦路533号广美整形美容医院燕康楼9楼 ', '', '', '020-87292789 ', '', '', '', '', '', 1267414098, 'default', '', '0', '0', 23, '', 0, 0, 0, 0, 0, 0, 0, 0, 0, 0, 0, 0, 0, 0, '', 'uploadfile/2010/0330/20100330034245250_thumb.jpg', 'SPA 美发 美容 美体 ', 0, '23.185813175302915,113.17703247070312', 'array (\n  ''title'' => '''',\n  ''keywords'' => '''',\n  ''description'' => '''',\n  ''defaultpic'' => '''',\n)', 999, 1, 'shop/shop.php?id=47', 53, '0', '0', ''),
(48, 0, 280104, 2308, 0, ' 广州天河海棠居公寓', '', '棠东棠德花苑东门斜对面棠东牌坊内100米', '', '', '020-85628973', '', '', '', '', '', 1267414098, 'default', '', '0', '0', 28, '', 0, 0, 0, 0, 0, 0, 0, 0, 0, 0, 0, 0, 0, 0, '', 'uploadfile/2010/0330/20100330033610840_thumb.jpg', '公寓 住宅房产 住宅区 小区 ', 0, '23.185813175302915,113.17703247070312', 'array (\n  ''title'' => '''',\n  ''keywords'' => '''',\n  ''description'' => '''',\n  ''defaultpic'' => '''',\n)', 999, 1, 'shop/shop.php?id=48', 54, '0', '0', ''),
(49, 0, 280101, 2308, 0, ' 星河湾酒店公寓', '', '迎宾路', '', '', '020-38620701', '', '', '', '', '', 1267414098, 'default', '', '0', '0', 25, '', 0, 0, 0, 0, 0, 0, 0, 0, 0, 0, 0, 0, 0, 0, '', 'uploadfile/2010/0330/20100330033428164_thumb.jpg', '公寓 住宅房产 住宅区 小区 ', 0, '23.185813175302915,113.17703247070312', 'array (\n  ''title'' => '''',\n  ''keywords'' => '''',\n  ''description'' => '''',\n  ''defaultpic'' => '''',\n)', 999, 1, 'shop/shop.php?id=49', 55, '0', '0', ''),
(50, 0, 280104, 2303, 0, '合群大厦', '', '东山合群一马路43号', '', '', '020-87762988', '', '', '', '', '', 1267414098, 'default', '', '0', '0', 24, '', 0, 0, 0, 0, 0, 0, 0, 0, 0, 0, 0, 0, 0, 0, '', 'uploadfile/2010/0330/20100330034023694_thumb.jpg', '商务房产 大厦/写字楼 大厦 ', 0, '23.185813175302915,113.17703247070312', 'array (\n  ''title'' => '''',\n  ''keywords'' => '''',\n  ''description'' => '''',\n  ''defaultpic'' => '''',\n)', 999, 1, 'shop/shop.php?id=50', 56, '0', '0', ''),
(51, 0, 280104, 2303, 0, '米奇天地', '', '体育西路109号高盛大厦10A ', '', '', '020-22380335', '', '', '', '', '', 1267414098, 'default', '', '0', '0', 27, '', 0, 0, 0, 0, 0, 0, 0, 0, 0, 0, 0, 0, 0, 0, '', 'uploadfile/2010/0330/20100330033218271_thumb.jpg', '家具店 大厦/写字楼 大厦 家居店 装修装璜装饰 ', 0, '23.185813175302915,113.17703247070312', 'array (\n  ''title'' => '''',\n  ''keywords'' => '''',\n  ''description'' => '''',\n  ''defaultpic'' => '''',\n)', 999, 1, 'shop/shop.php?id=51', 57, '0', '0', ''),
(52, 0, 280104, 2312, 0, ' 广州必美原装进口地板', '', '黄埔大道喜龙建材商业广场P3号', '', '', '020-85360858', '', '', '', '', '', 1267414098, 'default', '', '0', '0', 20, '', 0, 0, 0, 0, 0, 0, 0, 0, 0, 0, 0, 0, 0, 0, '', 'uploadfile/2010/0330/20100330032207363_thumb.jpg', '进口地板 装修建材 地板 复合地板 强化地板 ', 0, '23.185813175302915,113.17703247070312', 'array (\n  ''title'' => '''',\n  ''keywords'' => '''',\n  ''description'' => '''',\n  ''defaultpic'' => '''',\n)', 999, 1, 'shop/shop.php?id=52', 58, '0', '0', ''),
(53, 0, 280104, 2301, 0, ' 广州浩项环保科技有限公司', '', ' 车陂路口天朗明居s1-406 ', '', '', '020-35930502', '', '', '', '', '', 1267414098, 'default', '', '0', '0', 27, '', 0, 0, 0, 0, 0, 0, 0, 0, 0, 0, 0, 0, 0, 0, '', 'uploadfile/2010/0330/20100330032430741_thumb.jpg', '门窗 真空 隔音 装修建材 噪音 夹胶 浩项 ', 0, '23.185813175302915,113.17703247070312', 'array (\n  ''title'' => '''',\n  ''keywords'' => '''',\n  ''description'' => '''',\n  ''defaultpic'' => '''',\n)', 999, 1, 'shop/shop.php?id=53', 59, '0', '0', ''),
(54, 0, 280104, 2313, 0, '广州利民装修公司', '', '黄埔大道西288号 ', '', '', '020-87511454', '', '', '', '', '', 1267414098, 'default', '', '0', '0', 17, '', 0, 0, 0, 0, 0, 0, 0, 0, 0, 0, 0, 0, 0, 0, '', 'uploadfile/2010/0330/20100330020757599_thumb.jpg', '广州装饰 家庭装修 维修 厂房装修 办公室装修 ', 0, '23.185813175302915,113.17703247070312', 'array (\n  ''title'' => '''',\n  ''keywords'' => '''',\n  ''description'' => '''',\n  ''defaultpic'' => '''',\n)', 999, 1, 'shop/shop.php?id=54', 60, '0', '0', ''),
(55, 0, 280104, 2313, 0, ' 幸福家居', '金海马分店', '黄埔大道中(即百安居旁边)', '', '', '020-82305556', '', '', '', '', '', 1267414098, 'default', '', '0', '0', 71, '', 0, 0, 0, 0, 0, 0, 0, 0, 0, 0, 0, 0, 0, 0, '', 'uploadfile/2010/0330/20100330032315444_thumb.jpg', '团购 家具店 装修装璜装饰 ', 0, '23.185813175302915,113.17703247070312', 'array (\n  ''title'' => '''',\n  ''keywords'' => '''',\n  ''description'' => '''',\n  ''defaultpic'' => '''',\n)', 999, 1, 'shop/shop.php?id=55', 61, '0', '0', ''),
(56, 0, 280104, 2301, 0, ' 广州市春泥装饰涂料有限公司', '', '设计 建筑 ', '', '', '020-62728426', '', '', '', '', '', 1267414098, 'default', '', '0', '0', 18, '', 0, 0, 0, 0, 0, 0, 0, 0, 0, 0, 0, 0, 0, 0, '', 'uploadfile/2010/0330/20100330012629172_thumb.jpg', '黄埔大道中棠石路', 0, '23.185813175302915,113.17703247070312', 'array (\n  ''title'' => '''',\n  ''keywords'' => '''',\n  ''description'' => '''',\n  ''defaultpic'' => '''',\n)', 999, 1, 'shop/shop.php?id=56', 62, '0', '0', ''),
(57, 0, 280104, 2301, 0, ' 广州驾势堂设计室', '', ' 新港中路会展西岸A1栋1604 ', '', '', '020-34477607', '', '', '', '', '', 1267414098, 'default', '', '0', '0', 18, '', 0, 0, 0, 0, 0, 0, 0, 0, 0, 0, 0, 0, 0, 0, '', 'uploadfile/2010/0330/20100330022148227_thumb.jpg', '建筑/设计 ', 0, '23.185813175302915,113.17703247070312', 'array (\n  ''title'' => '''',\n  ''keywords'' => '''',\n  ''description'' => '''',\n  ''defaultpic'' => '''',\n)', 999, 1, 'shop/shop.php?id=57', 63, '0', '0', ''),
(58, 0, 280104, 2403, 0, '暨南大学 ', '', '黄埔大道西601号', '', '', '020-85220042 ', '', '', '', '', '', 1267414098, 'default', '', '0', '0', 20, '', 0, 0, 0, 0, 0, 0, 0, 0, 0, 0, 0, 0, 0, 0, '', 'uploadfile/2010/0331/20100331095013583_thumb.jpg', '教育 学校 大学 ', 0, '23.185813175302915,113.17703247070312', 'array (\n  ''title'' => '''',\n  ''keywords'' => '''',\n  ''description'' => '''',\n  ''defaultpic'' => '''',\n)', 999, 1, 'shop/shop.php?id=58', 64, '0', '0', ''),
(59, 0, 280104, 2403, 0, ' 广州大学麓湖校区', '', '小北路', '', '', '020-83597348', '', '', '', '', '', 1267414098, 'default', '', '0', '0', 24, '', 0, 0, 0, 0, 0, 0, 0, 0, 0, 0, 0, 0, 0, 0, '', 'uploadfile/2010/0330/20100330021427559_thumb.jpg', '学校 大学 ', 0, '23.185813175302915,113.17703247070312', 'array (\n  ''title'' => '''',\n  ''keywords'' => '''',\n  ''description'' => '''',\n  ''defaultpic'' => '''',\n)', 999, 1, 'shop/shop.php?id=59', 65, '0', '0', ''),
(60, 0, 280101, 2415, 0, '师大家教中心', '', '东风西路195号', '', '', '020-89847959', '', '', '', '', '', 1267414098, 'default', '', '0', '0', 28, '', 0, 0, 0, 0, 0, 0, 0, 0, 0, 0, 0, 0, 0, 0, '', 'uploadfile/2010/0331/20100331094451596_thumb.jpg', '家教 ', 0, '23.185813175302915,113.17703247070312', 'array (\n  ''title'' => '''',\n  ''keywords'' => '''',\n  ''description'' => '''',\n  ''defaultpic'' => '''',\n)', 999, 1, 'shop/shop.php?id=60', 66, '0', '0', ''),
(61, 0, 280103, 2413, 0, '英伦朗文教育机构', '', '新港中路丽影广场A区后座二楼客村地铁旁和光大花园内', '', '', '020-61139291', '', '', '', '', '', 1267414098, 'default', '', '0', '0', 32, '', 0, 0, 0, 0, 0, 0, 0, 0, 0, 0, 0, 0, 0, 0, '', 'uploadfile/2010/0331/20100331094701160_thumb.jpg', ' 少儿英语 0岁 18岁课程 中外教结合 小班教学 ', 0, '23.185813175302915,113.17703247070312', 'array (\n  ''title'' => '''',\n  ''keywords'' => '''',\n  ''description'' => '''',\n  ''defaultpic'' => '''',\n)', 999, 1, 'shop/shop.php?id=61', 67, '0', '0', ''),
(62, 0, 280104, 2201, 0, ' 广东国际旅行卫生保健中心(体检中心)', '', '龙口西路207号 ', '', '', '020-87516499', '', '', '', '', '', 1267414098, 'default', '', '0', '0', 64, '', 0, 0, 0, 0, 0, 0, 0, 0, 0, 0, 0, 0, 0, 0, '', 'uploadfile/2010/0331/20100331094827761_thumb.jpg', ' 健康体检 健康不打折 综合医院 个人体检 ', 0, '23.185813175302915,113.17703247070312', 'array (\n  ''title'' => '''',\n  ''keywords'' => '''',\n  ''description'' => '''',\n  ''defaultpic'' => '''',\n)', 999, 1, 'shop/shop.php?id=62', 68, '0', '0', ''),
(63, 0, 280104, 2201, 0, ' 中国人民解放军第421医院', '', '新港中路468号', '', '', '020-34049828', '', '', '', '', '', 1267414098, 'default', '', '0', '0', 67, '', 0, 0, 0, 0, 0, 0, 0, 0, 0, 0, 0, 0, 0, 0, '', 'uploadfile/2010/0331/20100331092222651_thumb.jpg', '药店 综合医院 医院 部队医院 ', 0, '23.185813175302915,113.17703247070312', 'array (\n  ''title'' => '''',\n  ''keywords'' => '''',\n  ''description'' => '''',\n  ''defaultpic'' => '''',\n)', 999, 1, 'shop/shop.php?id=63', 69, '0', '0', ''),
(64, 0, 280103, 2207, 0, '百万葵园主题公园', '', ' 番禺万顷沙镇新垦十五涌', '', '', '020-84956863', '', '', '', '', '', 1267414098, 'default', '', '0', '0', 29, '', 0, 0, 0, 0, 0, 0, 0, 0, 0, 0, 0, 0, 0, 0, '', 'uploadfile/2010/0331/20100331091946243_thumb.jpg', '公园 百万葵园 主题公园 旅游 花 绿色 薰衣草 ', 0, '23.185813175302915,113.17703247070312', 'array (\n  ''title'' => '''',\n  ''keywords'' => '''',\n  ''description'' => '''',\n  ''defaultpic'' => '''',\n)', 999, 1, 'shop/shop.php?id=64', 70, '0', '0', ''),
(65, 0, 280103, 2207, 0, '人民公园', '', '连新路8号 ', '', '', '020-83334842', '', '', '', '', '', 1267414098, 'default', '', '0', '0', 24, '', 0, 0, 0, 0, 0, 0, 0, 0, 0, 0, 0, 0, 0, 0, '', 'uploadfile/2010/0331/20100331084631234_thumb.jpg', '公园 ', 0, '23.185813175302915,113.17703247070312', 'array (\n  ''title'' => '''',\n  ''keywords'' => '''',\n  ''description'' => '''',\n  ''defaultpic'' => '''',\n)', 999, 1, 'shop/shop.php?id=65', 71, '0', '0', ''),
(66, 0, 280104, 2408, 0, '广州程通驾驶员培训有限公司', '', ' 五山翰景路2号', '', '', '020-38848000', '', '', '', '', '', 1267414098, 'default', '广州程通驾驶员培训有限公司', '0', '0', 23, '', 0, 0, 0, 0, 0, 0, 0, 0, 0, 0, 0, 0, 0, 0, '', 'uploadfile/2010/0331/20100331095207774_thumb.jpg', '驾校 驾校/陪练 培训 学车 ', 0, '23.185813175302915,113.17703247070312', 'array (\n  ''title'' => '''',\n  ''keywords'' => '''',\n  ''description'' => '''',\n  ''defaultpic'' => '''',\n)', 999, 1, 'shop/shop.php?id=66', 72, '0', '0', ''),
(67, 0, 280103, 2408, 0, '白云龙湖驾校', '', '新港中路客村珠影352号', '', '', '020-34313351', '', '', '', '', '', 1267414098, 'default', '', '0', '0', 44, '', 0, 0, 0, 0, 0, 0, 0, 0, 0, 0, 0, 0, 0, 0, '', 'uploadfile/2010/0331/20100331095428525_thumb.jpg', '驾校 程通 培训 陪练 ', 0, '23.185813175302915,113.17703247070312', 'array (\n  ''title'' => '''',\n  ''keywords'' => '''',\n  ''description'' => '''',\n  ''defaultpic'' => '''',\n)', 999, 1, 'shop/shop.php?id=67', 73, '0', '0', ''),
(76, 0, 280104, 1703, 0, '广州汉风国际大酒店', '', '广州市天河北路6-8号（时代广场西侧）', '', '', '020-38860888', '', '', '', '', '', 1269998885, 'default', '<p>广州汉风国际大酒店地处天河商务区之核心地带（天河北路6-8号），距琶洲展馆20分钟车程，是一家集商务、会议、住宿、娱乐为一体的综合涉外商务酒店。汉代风格设计，简约高雅、古朴、大方，酒店拥有各类客房130余间，远眺白云山风景区，近临东风公园精致花草，让您在都市中感受自然。所有房间均配有高速光纤宽带端口，专业的管理和体贴入微的服务，为您营造出一个份外舒适的家。酒店配有2个风格不同德宴会厅和多功能会议厅，可容纳30至260人不等（80-300平米），均配有先进的音响设备及无线上网系统，更有专业的销售与服务队伍为您的会议进行精心策划和妥善安排。广州汉风国际大酒店在交易会期间推出多重优惠，欢迎海内外宾客的到来。优惠礼遇：&#61548; 免费房间宽带上网，豪华蜜月房、行政大床房及行政套房均配备免费电脑。&#61548; 入住每晚赠送欢迎果盘及瓶装饮用水。&#61548; 会展期间，免费提供新旧展馆穿梭巴士往返接送。&#61548; 入住客房均可免费送早餐，接收传真，国内长途、市话免费任打。&#61548; 凭酒店房卡在酒店其它各项配套设施消费均享受VIP特价服务。灵风茶艺馆KTV 灵风茶艺馆KTV装潢华丽，拥有26间贵宾房，适合10到30人不等。均配备高级音响系统及巨型大银幕，令您恍如置身演唱会当中，是休闲及商务应酬之首选。服务时间: 10:30 至 02:00 所在楼层:3楼</p>', '1', '0', 187, '', 0, 0, 0, 0, 0, 0, 0, 0, 0, 0, 0, 0, 0, 6, '6', 'uploadfile/2010/0331/20100331101221670_thumb.jpg', '住宿 餐饮', 0, '23.14056716630239,113.3158528804779', 'array (\n  ''tabletitle'' => \n  array (\n    0 => ''房型'',\n    1 => ''门市价(元)'',\n    2 => ''协议价(元)'',\n  ),\n  ''table_1'' => \n  array (\n    0 => '''',\n    1 => '''',\n    2 => '''',\n  ),\n  ''table_2'' => \n  array (\n    0 => '''',\n    1 => '''',\n    2 => '''',\n  ),\n  ''table_3'' => \n  array (\n    0 => '''',\n    1 => '''',\n    2 => '''',\n  ),\n  ''title'' => '''',\n  ''keywords'' => '''',\n  ''description'' => '''',\n  ''defaultpic'' => ''uploadfile/2010/0331/20100331095815121.jpg'',\n  ''pricetable'' => '''',\n)', 999, 1, 'shop/shop.php?id=76', 0, '广交、亚运会等其它节日除外', '1', ''),
(79, 0, 280102, 1702, 0, '龙洲大酒店', '', '越秀区水荫路119号', 'http://www.longzhouhotel.com', '', '020-22018333', '', '', '199.192.27.78', '', '', 1270257623, 'default', '<p>广州龙州大酒店是一家按四星级酒店标准建造的综合性商务酒店，位于广州市文化艺术圈水荫路。酒店环境优雅，交通便利，与最繁华的金融商务商业中心天河北路为邻，距琶洲、流花会展中心15分钟，距广州新白云机场40分钟车程，距广州火车东站10分钟车程。 酒店总建筑面积2万平方米，拥有155间宽敞舒适、格调高雅、设施先进的各类客房，所有房间均可免费宽带上网，配有独立淋浴间，数字电视，私人保险箱，无烟楼层更于细微之处彰显人文关怀。 风格各异的风味餐厅，提供川菜和格式精品美食。娱乐设施有:桑拿、沐足、棋牌等。酒店的健康中心是您工作之余舒缓身心的好去处。 酒店的多功能会议室可容纳80人，配备一流的会议设备，提供一流的服务，可满足您会务，培训所需，是商旅人士首选下榻居停之所。</p>', '1', '0', 209, '', 0, 4, 4, 5, 0, 0, 0, 0, 0, 200, 0, 1, 0, 13, '7', 'uploadfile/2010/0403/20100403092111121.jpg', '服务', 0, '23.140833538081455,113.31210851669311', 'array (\n  ''tabletitle'' => \n  array (\n    0 => ''房型'',\n    1 => ''门市价(元)'',\n    2 => ''协议价(元)'',\n  ),\n  ''table_1'' => \n  array (\n    0 => '''',\n    1 => '''',\n    2 => '''',\n  ),\n  ''table_2'' => \n  array (\n    0 => '''',\n    1 => '''',\n    2 => '''',\n  ),\n  ''table_3'' => \n  array (\n    0 => '''',\n    1 => '''',\n    2 => '''',\n  ),\n  ''title'' => '''',\n  ''keywords'' => '''',\n  ''description'' => '''',\n  ''defaultpic'' => ''uploadfile/2010/0403/20100403092735750.jpg'',\n  ''pricetable'' => '''',\n)', 999, 1, 'shop/shop.php?id=79', 0, '广交、亚运会等其它节日除外', '0', ''),
(70, 0, 280105, 1702, 0, '中央海航酒店', '', '广州市白云区机场路31号', '', '', '83278931', '', '', '', '', '', 1269930746, 'default', '', '0', '0', 31, '', 0, 0, 0, 0, 0, 0, 0, 0, 0, 0, 0, 0, 0, 2, '', 'uploadfile/2010/0330/20100330023125803_thumb.jpg', '酒店', 0, '23.185813175302915,113.17703247070312', 'array (\n  ''title'' => '''',\n  ''keywords'' => '''',\n  ''description'' => '''',\n  ''defaultpic'' => ''uploadfile/2010/0330/20100330023435590.jpg'',\n)', 999, 0, 'shop/shop.php?id=70', 0, '0', '0', ''),
(71, 0, 280105, 1704, 0, '华龄美大酒店', '', '广园东路 ', '', '', '111111', '', '', '', '', '', 1269932277, 'default', '', '0', '0', 33, '', 0, 0, 0, 0, 0, 0, 0, 0, 0, 0, 0, 0, 0, 1, '', 'uploadfile/2010/0330/20100330025725357_thumb.jpg', '酒店', 0, '23.185813175302915,113.17703247070312', 'array (\n  ''title'' => '''',\n  ''keywords'' => '''',\n  ''description'' => '''',\n  ''defaultpic'' => ''uploadfile/2010/0330/20100330025918619.jpg'',\n)', 999, 1, 'shop/shop.php?id=71', 0, '0', '0', ''),
(72, 0, 280105, 1007, 0, '青海穆斯林饭店', '', '广州市白云区三元里广花路 ', '', '', '86570920', '', '', '', '', '', 1269933144, 'default', '', '0', '0', 14, '', 0, 0, 0, 0, 0, 0, 0, 0, 0, 0, 0, 0, 0, 1, '', 'uploadfile/2010/0330/20100330031143640_thumb.jpg', '饭店', 0, '23.185813175302915,113.17703247070312', 'array (\n  ''title'' => '''',\n  ''keywords'' => '''',\n  ''description'' => '''',\n  ''defaultpic'' => ''uploadfile/2010/0330/20100330031534773.jpg'',\n)', 999, 1, 'shop/shop.php?id=72', 0, '0', '0', ''),
(74, 0, 280105, 1005, 0, '华宁酒店', '', '光州市白云区广园西路342号', '', '', '123456', '', '', '', '', '', 1269934412, 'default', '', '0', '0', 21, '', 0, 0, 0, 0, 0, 0, 0, 0, 0, 0, 0, 0, 0, 1, '', 'uploadfile/2010/0330/20100330033252451_thumb.jpg', '酒店', 0, '23.185813175302915,113.17703247070312', 'array (\n  ''title'' => '''',\n  ''keywords'' => '''',\n  ''description'' => '''',\n  ''defaultpic'' => ''uploadfile/2010/0330/20100330033356493.jpg'',\n)', 999, 0, 'shop/shop.php?id=74', 0, '0', '0', ''),
(75, 0, 280105, 1018, 0, '伍福酒店', '', '广州市白云区三元里大道501号', '', '', '020-62691888', '', '', '', '', '', 1269934790, 'default', '', '0', '0', 9, '', 0, 0, 0, 0, 0, 0, 0, 0, 0, 0, 0, 0, 0, 1, '', 'uploadfile/2010/0330/20100330033946199_thumb.jpg', '酒店', 0, '23.185813175302915,113.17703247070312', 'array (\n  ''title'' => '''',\n  ''keywords'' => '''',\n  ''description'' => '''',\n  ''defaultpic'' => ''uploadfile/2010/0330/20100330034010916.jpg'',\n)', 999, 0, 'shop/shop.php?id=75', 0, '0', '0', ''),
(83, 0, 280104, 1710, 0, '景园商务酒店', '', '广州市广州大道中918号', 'www.jingyuanhotels.com', '', '020-38864668', '', '', '', '', '24小时', 1270607034, 'default', '<p>景园酒店连锁集团，是按照高标准建造的集住宿、餐饮、会展、康乐为一体的综合性旅游酒店集团；旗下目前拥有五星级酒店一家、四星级酒店一家、三星级三家、在建五星级酒店一家。公司以&ldquo;为宾客提供东方文化和国际标准完美融合的服务&rdquo;为经营宗旨，务求使宾客无论下榻哪一家酒店，都能体验始终如一的景园品质，尽享殷切贴心的关怀。<br />\r\n&nbsp;</p>\r\n<div align="center">\r\n<table cellspacing="0" cellpadding="0"  border="1">\r\n    <tbody>\r\n        <tr>\r\n            <td width="91">\r\n            <div align="center">客房种类</div>\r\n            </td>\r\n            <td width="57">\r\n            <div align="center">门市价</div>\r\n            </td>\r\n            <td width="57">\r\n            <div align="center">销售价</div>\r\n            </td>\r\n            <td width="57">\r\n            <div align="center">协议价</div>\r\n            </td>\r\n            <td width="96">\r\n            <div align="center">交易会</div>\r\n            <div align="center">门市、销售价</div>\r\n            </td>\r\n            <td width="86">\r\n            <div align="center">交易会</div>\r\n            <div align="center">协议价</div>\r\n            </td>\r\n            <td width="76">\r\n            <div align="center">交易会休会门市、销售价</div>\r\n            </td>\r\n            <td width="76">\r\n            <div align="center">交易会</div>\r\n            <div align="center">休会协议价</div>\r\n            </td>\r\n        </tr>\r\n        <tr>\r\n            <td width="91">\r\n            <div align="center">豪华单人房</div>\r\n            </td>\r\n            <td width="57">\r\n            <div align="center">368</div>\r\n            </td>\r\n            <td width="57">\r\n            <div align="center">218</div>\r\n            </td>\r\n            <td width="57">\r\n            <div align="center">188</div>\r\n            </td>\r\n            <td width="96">\r\n            <div align="center">待定</div>\r\n            </td>\r\n            <td width="86">\r\n            <div align="center">待定</div>\r\n            </td>\r\n            <td width="76">\r\n            <div align="center">待定</div>\r\n            </td>\r\n            <td width="76">\r\n            <div align="center">待定</div>\r\n            </td>\r\n        </tr>\r\n        <tr>\r\n            <td width="91">\r\n            <div align="center">豪华双人房</div>\r\n            </td>\r\n            <td width="57">\r\n            <div align="center">368</div>\r\n            </td>\r\n            <td width="57">\r\n            <div align="center">218</div>\r\n            </td>\r\n            <td width="57">\r\n            <div align="center">188</div>\r\n            </td>\r\n            <td width="96">\r\n            <div align="center">待定</div>\r\n            </td>\r\n            <td width="86">\r\n            <div align="center">待定</div>\r\n            </td>\r\n            <td width="76">\r\n            <div align="center">待定</div>\r\n            </td>\r\n            <td width="76">\r\n            <div align="center">待定</div>\r\n            </td>\r\n        </tr>\r\n        <tr>\r\n            <td width="91">\r\n            <div>商务房</div>\r\n            </td>\r\n            <td width="57">\r\n            <div align="center">428</div>\r\n            </td>\r\n            <td width="57">\r\n            <div align="center">258</div>\r\n            </td>\r\n            <td width="57">\r\n            <div align="center">238</div>\r\n            </td>\r\n            <td width="96">\r\n            <div align="center">待定</div>\r\n            </td>\r\n            <td width="86">\r\n            <div align="center">待定</div>\r\n            </td>\r\n            <td width="76">\r\n            <div align="center">待定</div>\r\n            </td>\r\n            <td width="76">\r\n            <div align="center">待定</div>\r\n            </td>\r\n        </tr>\r\n        <tr>\r\n            <td width="91">\r\n            <div>豪华套房</div>\r\n            </td>\r\n            <td width="57">\r\n            <div align="center">518</div>\r\n            </td>\r\n            <td width="57">\r\n            <div align="center">358</div>\r\n            </td>\r\n            <td width="57">\r\n            <div align="center">328</div>\r\n            </td>\r\n            <td width="96">\r\n            <div align="center">待定</div>\r\n            </td>\r\n            <td width="86">\r\n            <div align="center">待定</div>\r\n            </td>\r\n            <td width="76">\r\n            <div align="center">待定</div>\r\n            </td>\r\n            <td width="76">\r\n            <div align="center">待定</div>\r\n            </td>\r\n        </tr>\r\n    </tbody>\r\n</table>\r\n</div>\r\n<p><br />\r\n&nbsp;&nbsp;&nbsp;&nbsp;&nbsp;</p>', '1', '0', 69, '', 0, 0, 0, 0, 0, 0, 0, 0, 0, 0, 0, 0, 0, 5, '6', 'uploadfile/2010/0407/20100407102749647.jpg', '酒店', 0, '23.135900641513267,113.31605672836304', 'array (\n  ''title'' => '''',\n  ''keywords'' => '''',\n  ''description'' => '''',\n  ''defaultpic'' => ''uploadfile/2010/0407/20100407104912125.jpg'',\n)', 999, 1, 'shop/shop.php?id=83', 0, '0', '0', '');
INSERT INTO `dc_shop` (`id`, `userid`, `areacode`, `catcode`, `ownerid`, `shopname`, `subname`, `address`, `website`, `videourl`, `tel1`, `tel2`, `mobile`, `bus`, `park`, `storehours`, `inputtime`, `template`, `content`, `status`, `elite`, `hits`, `shopdomain`, `avgsort`, `sort1`, `sort2`, `sort3`, `sort4`, `sort5`, `sort6`, `sort7`, `sort8`, `avgprice`, `enjoy`, `reviews`, `gbook`, `pics`, `discount`, `thumb`, `main`, `adminid`, `map`, `setting`, `listorder`, `posids`, `url`, `aid`, `discountchuwai`, `isimg`, `description`) VALUES
(77, 0, 280104, 1703, 0, '博斯坦宾馆', '', '广州市天河区天河北路76号', '', '', '020-38782755', '020-38782855', '', '', '', '', 1270084297, 'default', '<p>广东博斯坦宾馆隶属于新疆维吾尔自治区人民政府驻广州办事处，是全新装修的涉外三星级商务宾馆，宾馆雄居广州市天河区CBD商业中心，毗邻中信广场、财富广场。美国邻事馆，广州火车东站、天河体育中心、天河城近在咫尺。超凡地理位置不言而喻，是商务人士的理想驿站。 宾馆地处于境内外交通枢纽之中心，交通便利，毗邻广九、京九、直通火车总站。广州东站，往返东莞、深圳及香港诸地，高速火车仅需三十分钟；前往琶州国际会展中心及流花展馆仅需二十分钟；前往新机场仅需三十分钟车程。 宾馆内设有行政、商务套房，豪华、标准客房等120多间并设有可容纳300多人的大型多功能会议厅。并设有行政楼层和无烟楼层，商务房均配有高性能液晶商务电脑。 所有房间内均设有24小时ADSL专线网络服务。宾馆内有最具特色的广东省内最大的清真餐厅和川味餐厅，并且就餐时可免费欣赏新疆歌舞表演。KTV 、夜总会、酒吧等娱乐设施一应俱全。此外，宾馆特为您提供银行、票务、商务、购物、美容美发、周全的服务，是您理想的旅居、商务之所！</p>', '1', '1', 166, '', 0, 5, 5, 5, 0, 0, 0, 0, 0, 10, 0, 1, 0, 13, '6', 'uploadfile/2010/0401/20100401092843864_thumb.jpg', '住宿', 0, '23.14016267481105,113.3190393447876', 'array (\n  ''tabletitle'' => \n  array (\n    0 => ''房型'',\n    1 => ''门市价(元)'',\n    2 => ''协议价(元)'',\n  ),\n  ''table_1'' => \n  array (\n    0 => '''',\n    1 => '''',\n    2 => '''',\n  ),\n  ''table_2'' => \n  array (\n    0 => '''',\n    1 => '''',\n    2 => '''',\n  ),\n  ''table_3'' => \n  array (\n    0 => '''',\n    1 => '''',\n    2 => '''',\n  ),\n  ''title'' => '''',\n  ''keywords'' => '''',\n  ''description'' => '''',\n  ''defaultpic'' => ''uploadfile/2010/0401/20100401090921469.jpg'',\n  ''pricetable'' => '''',\n)', 999, 1, 'shop/shop.php?id=77', 0, '广交、亚运会等其它节日除外', '0', ''),
(78, 0, 280102, 1001, 0, '洞庭人民公社', '', '广州市越秀区水阴路119号', '', '', '020-87250866', '', '', '', '免费停车', '10:00-22:00', 1270174328, 'default', '<p><img alt="20101206114408554.jpg" width="1280" height="800" src="/uploadfile/2010/1206/20101206114408554.jpg" /></p>', '1', '1', 401, '', 0, 3, 3, 3, 3, 0, 0, 0, 0, 100, 0, 2, 0, 8, '8.8', 'uploadfile/2010/0402/20100402104100432_thumb.jpg', '湘菜', 0, '23.079100074408128,113.51692199707031', 'array (\n  ''tabletitle'' => \n  array (\n    0 => ''房型'',\n    1 => ''门市价(元)'',\n    2 => ''协议价(元)'',\n    3 => ''早餐'',\n    4 => ''备注'',\n  ),\n  ''table_1'' => \n  array (\n    0 => '''',\n    1 => '''',\n    2 => '''',\n  ),\n  ''table_2'' => \n  array (\n    0 => '''',\n    1 => '''',\n    2 => '''',\n  ),\n  ''table_3'' => \n  array (\n    0 => '''',\n    1 => '''',\n    2 => '''',\n  ),\n  ''table_4'' => \n  array (\n    0 => '''',\n    1 => '''',\n    2 => '''',\n  ),\n  ''table_5'' => \n  array (\n    0 => '''',\n    1 => '''',\n    2 => '''',\n  ),\n  ''title'' => '''',\n  ''keywords'' => '''',\n  ''description'' => '''',\n  ''defaultpic'' => ''uploadfile/2010/0402/20100402105135157.jpg'',\n  ''pricetable'' => '''',\n)', 1, 1, 'shop/shop.php?id=78', 0, '', '1', ''),
(80, 0, 280104, 1614, 0, '金奥健身俱乐部', '', '天河区中山大道西188号棠下好又多首层', '', '', '020-85537008', '', '', '', 'BRT棠下站', '8:30-22;30', 1270259639, 'default', '金奥健身俱乐部位于广州天河区繁华的棠下好又多超市，是一家精心打造的专业健身会所，本会所设备功能齐全，环境舒适，有氧和五羊去全部采用先进专业的商用健身器械。另外又开设二十多种健美课程和舞蹈课程，更能让你达到减脂，塑造完美体形的效果。\r\n\r\n        特色高温瑜珈（HOTYOGA）是都市人放松身心，舒缓体力的好方法。\r\n\r\n        在这里，给你带来纯印度风格瑜珈的专业课程，让你感受到瑜珈所带来的身心统一，身体协调，和平心态，以及塑造美丽身材的好处。\r\n\r\n        专业的动感单车房（SPINING）融合动感的音乐节奏及舞台的灯光，在交流的渲染下更快让你达到挑战自我的动感激情境界。\r\n\r\n        优雅的水吧上网区、超大的洗浴房桑拿，让您充分感到走进健身房的那份轻松、愉悦。\r\n\r\n        金奥健身俱乐部将努力打造成服务最好，最专业，管理最完善的会所。\r\n', '1', '0', 133, '', 0, 0, 0, 0, 0, 0, 0, 0, 0, 0, 0, 0, 0, 5, '8', 'uploadfile/2010/0406/20100406092946415.jpg', '健身 运动', 0, '23.12552123459349,113.37852001190186', 'array (\n  ''title'' => '''',\n  ''keywords'' => '''',\n  ''description'' => '''',\n  ''defaultpic'' => ''uploadfile/2010/0403/20100403100248626.jpg'',\n)', 999, 1, 'shop/shop.php?id=80', 0, '0', '1', ''),
(81, 0, 280104, 1802, 0, '天河菲格美甲中心', '', '广州市天河区天府路161号售国108商铺', '', '', '020-85270757', '', '', '', '', '11:00-21:00', 1270260688, 'default', '菲格美容美甲护理中心是广州知名的专业美容中心，受到羊城无数优雅女性的喜爱。提供尽善尽美的专业服务一直是菲格的宗旨。无论是环境设计还是专业技术都体现了这一点。 菲格选用高端的美容仪器和产品，并多次邀请美容专家来传授先进的美容技术和观念。 都市繁忙的生活让很多女性感到疲惫不堪，在菲格，您将寻找到您盼望已久的悠闲和放松。菲格提供多种美容美甲护理，让您对您的优雅美丽更添自信！ ', '1', '0', 96, '', 0, 0, 0, 0, 0, 0, 0, 0, 0, 0, 0, 0, 0, 5, '8', 'uploadfile/2010/0403/20100403101128235.jpg', '美容', 0, '23.130632107578805,113.3623194694519', 'array (\n  ''title'' => '''',\n  ''keywords'' => '''',\n  ''description'' => '''',\n  ''defaultpic'' => ''uploadfile/2010/0406/20100406100546819.jpg'',\n)', 999, 1, 'shop/shop.php?id=81', 0, '0', '1', ''),
(82, 0, 280104, 1805, 0, '焯玲美甲纹刺店', '', '天河南一路84号102', '', '', '020-85519365', '', '', '', '', '10:00-22:00', 1270520632, 'default', '', '1', '0', 56, '', 0, 0, 0, 0, 0, 0, 0, 0, 0, 0, 0, 1, 0, 6, '9', 'uploadfile/2010/0406/20100406112222304.jpg', '美容 美甲', 0, '23.130789969281178,113.3253264427185', 'array (\n  ''title'' => '''',\n  ''keywords'' => '''',\n  ''description'' => '''',\n  ''defaultpic'' => ''uploadfile/2010/0406/20100406112326865.jpg'',\n)', 999, 1, 'shop/shop.php?id=82', 0, '0', '1', ''),
(84, 0, 280103, 1703, 0, '天龙大酒店', '', '广州大道中918号', 'http://www.tianlonghotel.com/', '', '020-38869988', '020-83988282', '', '810路短线、夜46路、夜15路、帽峰旅游1线、27、33、78、137、191、221、233、245、256、278、280、289、289路快线、522、522路短线、545、550、551、561、810、886等至天河立交站下车', '', '24小时', 1270626258, 'default', '<p>广州天龙大酒店是一家涉外三星级商务经济型酒店。座落于广州市新的经济文化中心天河区，毗邻广州火车东站和天河体育中心，广州最大的购物天堂&mdash;天河城广场、正佳广场近在咫尺，距广州国际会展中心只需 10 分钟车程距新白云机场只需25 分钟车程，交通便利，地理环境优越。服务项目：会议厅、商务中心、停车场、外币兑换服务、票务服务、DDD电话、 IDD 电话、洗衣服务、交易会期间穿梭会馆班车。多功能会议厅可容纳130多位，设计气派宏伟，先进的会议设施一应俱全，适合商务培训会议、各种研讨会和主题会议等，是各单位贵宾举行各式聚会的理想选择。<br />\r\n<v:line id="_x0000_s1026" to="145.5pt,90.15pt" from="73.5pt,61.1pt" style="z-index: 1; left: 0px; position: absolute; text-align: left"></v:line><v:line id="_x0000_s1026" to="145.5pt,90.15pt" from="73.5pt,61.1pt" style="z-index: 1; left: 0px; position: absolute; text-align: left"></v:line></p>\r\n<div>&nbsp;</div>\r\n<p>\r\n<table cellspacing="0" cellpadding="0" width="596" border="1">\r\n    <tbody>\r\n        <tr>\r\n            <td width="83" rowspan="2">\r\n            <div align="center">客房类型</div>\r\n            </td>\r\n            <td width="91" rowspan="2">\r\n            <div align="center">标准</div>\r\n            <div align="center">双人房</div>\r\n            </td>\r\n            <td width="98" rowspan="2">\r\n            <div align="center">豪华</div>\r\n            <div align="center">单人房</div>\r\n            </td>\r\n            <td width="77" rowspan="2">\r\n            <div align="center">豪华</div>\r\n            <div align="center">双人房</div>\r\n            </td>\r\n            <td width="82" rowspan="2">\r\n            <div align="center">蜜月</div>\r\n            <div align="center">大床房</div>\r\n            </td>\r\n            <td width="82" rowspan="2">\r\n            <div align="center">豪华</div>\r\n            <div align="center">商务套房</div>\r\n            </td>\r\n            <td width="82">\r\n            <div align="center">备 注</div>\r\n            </td>\r\n        </tr>\r\n        <tr>\r\n            <td width="82" rowspan="3">\r\n            <div align="center">交易会、亚运会以及团队房价另议</div>\r\n            </td>\r\n        </tr>\r\n        <tr>\r\n            <td width="83">\r\n            <div align="center">门市价</div>\r\n            </td>\r\n            <td width="91">\r\n            <div align="center">300元</div>\r\n            </td>\r\n            <td width="98">\r\n            <div align="center">360元</div>\r\n            </td>\r\n            <td width="77">\r\n            <div align="center">398元</div>\r\n            </td>\r\n            <td width="82">\r\n            <div align="center">578元</div>\r\n            </td>\r\n            <td width="82">\r\n            <div align="center">680元</div>\r\n            </td>\r\n        </tr>\r\n        <tr>\r\n            <td width="83">\r\n            <div align="center">优惠价</div>\r\n            </td>\r\n            <td width="91">\r\n            <div align="center">六五折</div>\r\n            </td>\r\n            <td width="98">\r\n            <div align="center">六五折</div>\r\n            </td>\r\n            <td width="77">\r\n            <div align="center">六五折</div>\r\n            </td>\r\n            <td width="82">\r\n            <div align="center">六五折</div>\r\n            </td>\r\n            <td width="82">\r\n            <div align="center">六五折</div>\r\n            </td>\r\n        </tr>\r\n    </tbody>\r\n</table>\r\n</p>', '1', '1', 43, '', 0, 0, 0, 0, 0, 0, 0, 0, 0, 0, 0, 0, 0, 11, '6.5', 'uploadfile/2010/0407/20100407040625471.jpg', '服务', 0, '23.135940105405936,113.31640005111694', 'array (\n  ''title'' => '''',\n  ''keywords'' => '''',\n  ''description'' => '''',\n  ''defaultpic'' => ''uploadfile/2010/0407/20100407041031988.jpg'',\n)', 999, 1, 'shop/shop.php?id=84', 0, '0', '0', ''),
(85, 0, 280104, 1702, 0, '尚德酒店', '', '广州市天河区五山路141号', 'http://www.shangdehotel.com/', '', '020-38921666 ', '020-38921110 ', '', '', '', '', 1270720193, 'default', '<p>尚德酒店位于天河区繁华商业中心、地铁三号线华师站C出口的上盖物业，酒店毗邻华南高校区、天河高科开发区、天河娱乐广场，距广州琶洲会展中心仅需10分钟车程，距广州火车东站及天河客运站仅5分钟车程，交通、购物、娱乐十分便利。是开展学术交流、商务活动、旅游居停的最佳选择。 酒店集住宿、餐饮、会议、学术交流、休闲娱乐等多种功能于一体，设有各类型客房130间，按四星级标准装修配置，设有豪华房、商务房及各类标准间。客房空间宽敞舒适，设施先进完备，并提供免费国内长途及高速宽带上网。另设有会议室、多功能厅及格调高雅的茶艺馆。 尊贵、典雅、现代、豪华，尚德酒店以先进齐全的设备设施、温馨愉悦的优质服务，为您的商务、旅游、休闲度假提供一所个性化的港湾。酒店全体员工恭候您的光临，竭诚为您提供一流的服务。 酒店拥有各式客房130间套，分布于8&mdash;12层；房间设计新颖独特，装修时尚典雅，客房宽敞明亮，设施先进完备，并配有免费国内长途及高速宽带。<br />\r\n<br />\r\n&nbsp;</p>\r\n<p>　</p>', '1', '0', 55, '', 0, 0, 0, 0, 0, 0, 0, 0, 0, 0, 0, 0, 0, 5, '协议价', 'uploadfile/2010/0409/20100409090610824.jpg', '服务', 0, '23.141035782967634,113.34365129470825', 'array (\n  ''tabletitle'' => \n  array (\n    0 => ''房型'',\n    1 => ''门市价(元)'',\n    2 => ''协议价(元)'',\n  ),\n  ''table_1'' => \n  array (\n    0 => ''雅致房'',\n    1 => ''商务单人房'',\n    2 => ''商务双人房'',\n    3 => ''超大床房'',\n    4 => ''豪华单人房'',\n    5 => ''豪华双人房'',\n  ),\n  ''table_2'' => \n  array (\n    0 => ''598'',\n    1 => ''368'',\n    2 => ''428'',\n    3 => ''728'',\n    4 => ''968'',\n    5 => ''968'',\n  ),\n  ''table_3'' => \n  array (\n    0 => ''218'',\n    1 => ''248'',\n    2 => ''258'',\n    3 => ''268'',\n    4 => ''388'',\n    5 => ''388'',\n  ),\n  ''title'' => '''',\n  ''keywords'' => '''',\n  ''description'' => '''',\n  ''defaultpic'' => ''uploadfile/2010/0409/20100409085747582.jpg'',\n  ''pricetable'' => \n  array (\n    0 => \n    array (\n      ''td1'' => ''雅致房'',\n      ''td2'' => ''598'',\n      ''td3'' => ''218'',\n    ),\n    1 => \n    array (\n      ''td1'' => ''商务单人房'',\n      ''td2'' => ''368'',\n      ''td3'' => ''248'',\n    ),\n    2 => \n    array (\n      ''td1'' => ''商务双人房'',\n      ''td2'' => ''428'',\n      ''td3'' => ''258'',\n    ),\n    3 => \n    array (\n      ''td1'' => ''超大床房'',\n      ''td2'' => ''728'',\n      ''td3'' => ''268'',\n    ),\n    4 => \n    array (\n      ''td1'' => ''豪华单人房'',\n      ''td2'' => ''968'',\n      ''td3'' => ''388'',\n    ),\n    5 => \n    array (\n      ''td1'' => ''豪华双人房'',\n      ''td2'' => ''968'',\n      ''td3'' => ''388'',\n    ),\n  ),\n)', 999, 1, 'shop/shop.php?id=85', 0, '广交、亚运会等其它节日除外', '1', ''),
(86, 0, 280104, 1702, 0, '裕通大酒店', '', '天河区中山大道136号', '', '', '020-61008888', '', '', '', '', '', 1270778169, 'default', '<p>广东裕通大酒店是由广东裕通创业投资集团有限公司投资兴建,深港酒店专业人士管理,集客房、餐饮、康体、娱乐、会议于一体的现代化四星级商务酒店。酒店位于广州市新城市中心黄金地带，紧临火车东站、国际会展中心、天河中央商务区，与天河区政府、商业购物中心等近在咫尺。从酒店出发，仅30分钟的车程即可抵达华南交通枢纽&mdash;&mdash;新白云国际机场；机场快线巴士更可直达白云机场及香港机场，令您的商旅活动倍感便捷。</p>', '1', '0', 38, '', 0, 0, 0, 0, 0, 0, 0, 0, 0, 0, 0, 0, 0, 9, '4', 'uploadfile/2010/0409/20100409095732568.jpg', '服务', 0, '23.134050758513154,113.35704892873764', 'array (\n  ''tabletitle'' => \n  array (\n    0 => ''房型'',\n    1 => ''门市价(元)'',\n    2 => ''协议价(元)'',\n  ),\n  ''table_1'' => \n  array (\n    0 => '''',\n    1 => '''',\n    2 => '''',\n  ),\n  ''table_2'' => \n  array (\n    0 => '''',\n    1 => '''',\n    2 => '''',\n  ),\n  ''table_3'' => \n  array (\n    0 => '''',\n    1 => '''',\n    2 => '''',\n  ),\n  ''title'' => '''',\n  ''keywords'' => '''',\n  ''description'' => '''',\n  ''defaultpic'' => ''uploadfile/2010/0409/20100409095732566.jpg'',\n  ''pricetable'' => '''',\n)', 999, 1, 'shop/shop.php?id=86', 294, '广交、亚运会等其它节日除外', '0', ''),
(87, 0, 280104, 1802, 0, '佐登妮丝美容SPA生活馆', '天河', '广州市天河区黄埔大道西路跑马地花园凯利广场2楼203', 'http://www.jourdeness.com.tw/', '', '020-38396480', '', '', '', '', '', 1270861803, 'default', '<p>\r\n<table cellspacing="0" cellpadding="0" border="1">\r\n    <tbody>\r\n        <tr>\r\n            <td valign="top" width="644">\r\n            <div><span style="font-size: 14px"><span style="color: #ff0000">注:非佐登妮丝会员(女)三折享受、Q10酵素润白或者背部三焦舒穴项目一次；8.5折购买脸部护理产品</span></span></div>\r\n            </td>\r\n        </tr>\r\n    </tbody>\r\n</table>\r\n</p>\r\n<p>&nbsp;</p>\r\n<p><span style="font-size: 12px">&nbsp;&nbsp; </span><span style="font-size: 14px">佐登妮丝，诞生于1989年，是一家集研发、生产、教育、终端经营为一体的大型跨国美容集团。今天我们拥有遍布亚太地区，近2000家美容连锁机构。近20年来，公司秉承&ldquo;领导品牌、航向未来&rdquo;的企业精神和&ldquo;诚实信赖，永续经营&rdquo;的经营理念，致力于全球女性的美丽事业，每一步都留下深刻的足迹。 1989年创建佐登妮丝化妆品（股）公司 1991年成立佐登妮丝国际（股）公司控股公司 1996年成立大陆分公司 1997年设立专业沙龙直营店 1999年成立马来西亚分公司，并在台湾设立由日本、法国、台湾皮肤医学专家组成的顶级皮肤研究中心 2000年成立比尔佐登妮丝实业（股）公司，并在台湾大甲工业区斥资一亿二千万台币，设立了生产事业部，凭借&ldquo;精、钻、专&rdquo;的研发理念及严谨的护肤品生产流程，它成为了佐登妮丝的品牌发展的坚强后盾 2003年投资近1亿人民币，按GMP标准（药品生产质量管理规范）建设的佐登妮丝（广州）美容化妆品工厂，在广州经济开发区新近落成，并成为这个国际技术开发区中的样板工厂 2006年台湾总公司股份隆重上市，成为中国台湾美容第一上市公司 目前公司成为东南亚最大的国际美容连锁机构，足迹已遍布中国内地（未来3年内，佐登妮丝计划在中国开设5000家直营连锁店）、日本、马来西亚、中国台湾等地区，让来自不同地域的女性体验同样的时尚美丽。为了服务更多女性，并以迈向国际为目标， 将来更 计划前进法国、英国、美国与加拿大，正式为全球的女人，创造美丽的奇迹与传说。 佐登妮丝深入研究，集众家之长，运用&ldquo;泄实补虚、阴阳平衡&rdquo;等传统的中医理论，结合西方先进科技，通过上千次试验调整，独立开发了自己特色的中西方结合的美容技术体系，拥有20余项特色技术课程，能有效解决200多种皮肤问题；14大系列，400多种产品专业深入，全面覆盖，为女性提供最贴心的美丽配方，并精心打造现代女性的身心疗养空间。优雅静谧的风格布局，悉心周到的全程服务，轻松安全的美容感受，全面资深的健康咨询，让人无限眷恋。 佐登妮丝广州区域已有40余家直营美容SPA生活馆，并继续飞速发展，将覆盖广州各中心城区，以严格统一的管理、高品质的服务，在广州女性心中留下美好的印象，到佐登妮丝，享受SPA生活的时尚体验。 <br />\r\n</span></p>\r\n<div align="center"><span style="font-size: 14px"><b><br />\r\n</b></span></div>\r\n<div style="text-align: left"><span style="font-size: 14px"><b>&nbsp;&nbsp;&nbsp;&nbsp;&nbsp;&nbsp;&nbsp;&nbsp;&nbsp;&nbsp;&nbsp;&nbsp;&nbsp;&nbsp; 佐登妮丝广州市区连锁店分布<br />\r\n</b></span></div>\r\n<div><span style="font-size: 14px"><b>天河区</b></span></div>\r\n<div><span style="font-size: 14px">1. 广州跑马地店&nbsp;&nbsp;&nbsp; 020-38396480&nbsp;&nbsp;&nbsp;&nbsp; 广州市天河区黄埔大道西路跑马地花园凯利广场2楼203</span></div>\r\n<div><span style="font-size: 14px">2.广州东圃店&nbsp;&nbsp;&nbsp;&nbsp; &nbsp;&nbsp;&nbsp;&nbsp;020-82567336 &nbsp;&nbsp;&nbsp;广州市天河区东圃镇胜凯商业大厦4楼</span></div>\r\n<div><span style="font-size: 14px">3.广州体育东店&nbsp;&nbsp;&nbsp;&nbsp; &nbsp;&nbsp;020-87577850&nbsp;&nbsp;&nbsp; 广州市天河区体育东横街25号</span></div>\r\n<div><span style="font-size: 14px">4.广州天河东店&nbsp;&nbsp;&nbsp;&nbsp;&nbsp;&nbsp; 020-38809350&nbsp;&nbsp;&nbsp; 广州市天河东信成南街4号</span></div>\r\n<div><span style="font-size: 14px">5.广州石牌东店&nbsp;&nbsp;&nbsp; &nbsp;&nbsp;&nbsp;020-38872331&nbsp;&nbsp;&nbsp; 广州市石牌东路陶育路19号之4、5号铺</span></div>\r\n<div><span style="font-size: 14px">5.广州龙口东店&nbsp;&nbsp;&nbsp; &nbsp;&nbsp;&nbsp;020-38489253&nbsp;&nbsp;&nbsp; 广州市龙口东天润路469号金碧翡翠华庭首层</span></div>\r\n<div><span style="font-size: 14px">6.广州珠江新城店&nbsp;&nbsp;&nbsp;&nbsp; 020-38373173&nbsp;&nbsp;&nbsp; 广州市珠江新城华利路保利香槟花园西区8号铺</span></div>\r\n<div><span style="font-size: 14px">7.广州黄埔大道店&nbsp;&nbsp;&nbsp;&nbsp; 020-85585520 &nbsp;&nbsp;&nbsp;广州市黄埔大道西123号第二铺</span></div>\r\n<div><span style="font-size: 14px">8.广州中怡店&nbsp;&nbsp;&nbsp;&nbsp;&nbsp;&nbsp;&nbsp;&nbsp; 020-38216307&nbsp;&nbsp;&nbsp; 广州市天河北林和街21号中怡城市花园会所4楼</span></div>\r\n<div><span style="font-size: 14px">9、广州天寿路店&nbsp;&nbsp;&nbsp;&nbsp; 020-38259860&nbsp;&nbsp;&nbsp;&nbsp;广州市天河区天寿路江河大厦三楼</span></div>\r\n<div><span style="font-size: 14px">\r\n<div><span style="font-size: 14px">10、天河公园店&nbsp;&nbsp;&nbsp;&nbsp; 020-85530020&nbsp;&nbsp; 天河区天府路143号首层(天河公园西门斜对面)</span></div>\r\n<div>&nbsp;</div>\r\n<div><span style="font-size: 14px">&nbsp;</span></div>\r\n</span></div>\r\n<div><span style="font-size: 14px">&nbsp;</span></div>\r\n<p>&nbsp;</p>', '1', '0', 74, '', 0, 0, 0, 0, 0, 0, 0, 0, 0, 0, 0, 0, 0, 5, '协议价', 'uploadfile/2010/0423/20100423092032358.jpg', '美容', 0, '23.185813175302915,113.17703247070312', 'array (\n  ''title'' => '''',\n  ''keywords'' => '''',\n  ''description'' => '''',\n  ''defaultpic'' => ''uploadfile/2010/0410/20100410114104137.jpg'',\n)', 999, 1, 'shop/shop.php?id=87', 308, '0', '1', ''),
(92, 0, 280104, 1804, 0, '三栖瘦身减肥', '', '天河区龙口东路346号108商铺', 'http://www.gzts37.com/', '', '020-61246066', '', '', '', '', '9:30-21:30', 1270886576, 'default', '<font face="宋体">&nbsp;田氏三栖--全国专业减肥瘦身连锁机构。十年前发源于吉林中医世家，经过多年的潜心发展，专业减肥的品牌声誉已深入人心。同时，服务涵括亚健康调理、美容纤体、休闲养生。130家分店遍布全国各大中城市。<br />\r\n&nbsp;&nbsp;&nbsp; 田氏三栖TS减肥--全国独家专利。田氏能量降脂磁针，代替传统银针，不需刺破皮肤，即对穴位及经络产生强烈刺激。田氏三栖的7大综合疗法还包括：田氏多谱健康治疗仪、田氏降脂带、田氏减肥精油按摩、田氏耳穴、田氏瘦身操、田氏营养饮食理念。一条龙服务，不按部位加收费用。<br />\r\n&nbsp;&nbsp;&nbsp; 招牌服务项目：田氏减肥疗程、田氏精油推背、田氏紧实、旅途解疲精油推经、双人同步全身经络疏通、淋巴排毒、颈腰椎护理、晒后紧急修护、SPA养生。<br />\r\n&nbsp;&nbsp;&nbsp; 田氏三栖广州7大直营店全五星装修、是城中丽人的休闲聚点，更是非常舒适的旅途驿站。</font>', '1', '0', 51, '', 0, 255, 255, 255, 0, 0, 0, 0, 0, 0, 0, 0, 0, 3, '8', 'uploadfile/2010/0410/20100410040256607.jpg', '美容 减肥 全面护理', 0, '23.14253041254526,113.34210634231567', 'array (\n  ''title'' => '''',\n  ''keywords'' => '''',\n  ''description'' => '''',\n  ''defaultpic'' => ''uploadfile/2010/0410/20100410040752918.jpg'',\n)', 999, 1, 'shop/shop.php?id=92', 0, '0', '1', ''),
(161, 0, 280102, 1802, 0, '佐登妮丝美容SPA生活馆', '越秀', '广州市中山二路48号有色金属大厦二楼 ', 'http://www.jourdeness.com.tw/', '', '020-87313766', '', '', '', '', '', 1271985353, 'default', '<p>\r\n<table cellspacing="0" cellpadding="0" border="1">\r\n    <tbody>\r\n        <tr>\r\n            <td valign="top" width="644">\r\n            <div><span style="font-size: 14px"><span style="color: #ff0000">注:非佐登妮丝会员(女)三折享受、Q10酵素润白或者背部三焦舒穴项目一次；8.5折购买脸部护理产品</span></span></div>\r\n            </td>\r\n        </tr>\r\n    </tbody>\r\n</table>\r\n</p>\r\n<p>&nbsp;</p>\r\n<p><span style="font-size: 12px">&nbsp;&nbsp; </span><span style="font-size: 14px">佐登妮丝，诞生于1989年，是一家集研发、生产、教育、终端经营为一体的大型跨国美容集团。今天我们拥有遍布亚太地区，近2000家美容连锁机构。近20年来，公司秉承&ldquo;领导品牌、航向未来&rdquo;的企业精神和&ldquo;诚实信赖，永续经营&rdquo;的经营理念，致力于全球女性的美丽事业，每一步都留下深刻的足迹。 1989年创建佐登妮丝化妆品（股）公司 1991年成立佐登妮丝国际（股）公司控股公司 1996年成立大陆分公司 1997年设立专业沙龙直营店 1999年成立马来西亚分公司，并在台湾设立由日本、法国、台湾皮肤医学专家组成的顶级皮肤研究中心 2000年成立比尔佐登妮丝实业（股）公司，并在台湾大甲工业区斥资一亿二千万台币，设立了生产事业部，凭借&ldquo;精、钻、专&rdquo;的研发理念及严谨的护肤品生产流程，它成为了佐登妮丝的品牌发展的坚强后盾 2003年投资近1亿人民币，按GMP标准（药品生产质量管理规范）建设的佐登妮丝（广州）美容化妆品工厂，在广州经济开发区新近落成，并成为这个国际技术开发区中的样板工厂 2006年台湾总公司股份隆重上市，成为中国台湾美容第一上市公司 目前公司成为东南亚最大的国际美容连锁机构，足迹已遍布中国内地（未来3年内，佐登妮丝计划在中国开设5000家直营连锁店）、日本、马来西亚、中国台湾等地区，让来自不同地域的女性体验同样的时尚美丽。为了服务更多女性，并以迈向国际为目标， 将来更 计划前进法国、英国、美国与加拿大，正式为全球的女人，创造美丽的奇迹与传说。 佐登妮丝深入研究，集众家之长，运用&ldquo;泄实补虚、阴阳平衡&rdquo;等传统的中医理论，结合西方先进科技，通过上千次试验调整，独立开发了自己特色的中西方结合的美容技术体系，拥有20余项特色技术课程，能有效解决200多种皮肤问题；14大系列，400多种产品专业深入，全面覆盖，为女性提供最贴心的美丽配方，并精心打造现代女性的身心疗养空间。优雅静谧的风格布局，悉心周到的全程服务，轻松安全的美容感受，全面资深的健康咨询，让人无限眷恋。 佐登妮丝广州区域已有40余家直营美容SPA生活馆，并继续飞速发展，将覆盖广州各中心城区，以严格统一的管理、高品质的服务，在广州女性心中留下美好的印象，到佐登妮丝，享受SPA生活的时尚体验。 <br />\r\n</span></p>\r\n<div align="center"><span style="font-size: 14px"><b><br />\r\n</b></span></div>\r\n<div style="text-align: left"><span style="font-size: 14px"><b>&nbsp;&nbsp;&nbsp;&nbsp;&nbsp;&nbsp;&nbsp;&nbsp;&nbsp;&nbsp;&nbsp;&nbsp;&nbsp;&nbsp; 佐登妮丝广州市区连锁店分布<br />\r\n</b></span></div>\r\n<div style="text-align: left"><span style="font-size: 14px"><b>越秀区</b></span></div>\r\n<div><span style="font-size: 14px">\r\n<p class="MsoNormal" style="margin: 0cm 0cm 0pt"><span lang="EN-US"><font face="Times New Roman">1.</font></span><span style="font-family: 宋体; mso-ascii-font-family: ''Times New Roman''; mso-hansi-font-family: ''Times New Roman''">广州淘金北路店</span><span lang="EN-US"><font face="Times New Roman"><span style="mso-spacerun: yes">&nbsp;&nbsp;&nbsp;&nbsp; </span>020-83570612<span style="mso-spacerun: yes">&nbsp;&nbsp;&nbsp;&nbsp;&nbsp; </span></font></span><span style="font-family: 宋体; mso-ascii-font-family: ''Times New Roman''; mso-hansi-font-family: ''Times New Roman''">广州市淘金北路正平北街</span><span lang="EN-US"><font face="Times New Roman">3</font></span><span style="font-family: 宋体; mso-ascii-font-family: ''Times New Roman''; mso-hansi-font-family: ''Times New Roman''">号</span><span lang="EN-US"><font face="Times New Roman">101-103</font></span></p>\r\n<p class="MsoNormal" style="margin: 0cm 0cm 0pt"><span lang="EN-US"><font face="Times New Roman">2.</font></span><span style="font-family: 宋体; mso-ascii-font-family: ''Times New Roman''; mso-hansi-font-family: ''Times New Roman''">广州建设二马路店</span><span lang="EN-US"><font face="Times New Roman"><span style="mso-spacerun: yes">&nbsp;&nbsp; </span>020-83601981<span style="mso-spacerun: yes">&nbsp;&nbsp;&nbsp;&nbsp;&nbsp; </span></font></span><span style="font-family: 宋体; mso-ascii-font-family: ''Times New Roman''; mso-hansi-font-family: ''Times New Roman''">广州市建设二马路东六街嘉颐居首层四号铺</span></p>\r\n<p class="MsoNormal" style="margin: 0cm 0cm 0pt"><span lang="EN-US"><font face="Times New Roman">3.</font></span><span style="font-family: 宋体; mso-ascii-font-family: ''Times New Roman''; mso-hansi-font-family: ''Times New Roman''">广州梅花村店</span><span lang="EN-US"><font face="Times New Roman"><span style="mso-spacerun: yes">&nbsp;&nbsp;&nbsp;&nbsp;&nbsp;&nbsp; </span>020-87349642<span style="mso-spacerun: yes">&nbsp;&nbsp;&nbsp;&nbsp;&nbsp; </span></font></span><span style="font-family: 宋体; mso-ascii-font-family: ''Times New Roman''; mso-hansi-font-family: ''Times New Roman''">广州市梅花路</span><span lang="EN-US"><font face="Times New Roman">22</font></span><span style="font-family: 宋体; mso-ascii-font-family: ''Times New Roman''; mso-hansi-font-family: ''Times New Roman''">号右一</span></p>\r\n<p class="MsoNormal" style="margin: 0cm 0cm 0pt"><span lang="EN-US"><font face="Times New Roman">4.</font></span><span style="font-family: 宋体; mso-ascii-font-family: ''Times New Roman''; mso-hansi-font-family: ''Times New Roman''">广州中山二路店</span><span lang="EN-US"><font face="Times New Roman"><span style="mso-spacerun: yes">&nbsp;&nbsp;&nbsp;&nbsp; </span>020-87313766<span style="mso-spacerun: yes">&nbsp;&nbsp;&nbsp;&nbsp;&nbsp; </span></font></span><span style="font-family: 宋体; mso-ascii-font-family: ''Times New Roman''; mso-hansi-font-family: ''Times New Roman''">广州市中山二路</span><span lang="EN-US"><font face="Times New Roman">48</font></span><span style="font-family: 宋体; mso-ascii-font-family: ''Times New Roman''; mso-hansi-font-family: ''Times New Roman''">号有色金属大厦二楼</span><span lang="EN-US"><font face="Times New Roman"> </font></span></p>\r\n<p class="MsoNormal" style="margin: 0cm 0cm 0pt"><span lang="EN-US"><font face="Times New Roman">5.</font></span><span style="font-family: 宋体; mso-ascii-font-family: ''Times New Roman''; mso-hansi-font-family: ''Times New Roman''">广州应元店</span><span lang="EN-US"><font face="Times New Roman"><span style="mso-spacerun: yes">&nbsp;&nbsp;&nbsp;&nbsp;&nbsp;&nbsp;&nbsp;&nbsp; </span>020-83551832<span style="mso-spacerun: yes">&nbsp;&nbsp;&nbsp;&nbsp;&nbsp; </span></font></span><span style="font-family: 宋体; mso-ascii-font-family: ''Times New Roman''; mso-hansi-font-family: ''Times New Roman''">广州市应元路</span><span lang="EN-US"><font face="Times New Roman">139</font></span><span style="font-family: 宋体; mso-ascii-font-family: ''Times New Roman''; mso-hansi-font-family: ''Times New Roman''">号应元大厦</span><span lang="EN-US"><font face="Times New Roman">1-2</font></span><span style="font-family: 宋体; mso-ascii-font-family: ''Times New Roman''; mso-hansi-font-family: ''Times New Roman''">楼</span></p>\r\n<p class="MsoNormal" style="margin: 0cm 0cm 0pt"><span lang="EN-US"><font face="Times New Roman">6</font></span><span style="font-family: 宋体; mso-ascii-font-family: ''Times New Roman''; mso-hansi-font-family: ''Times New Roman''">．广州东湖店</span><span lang="EN-US"><font face="Times New Roman"><span style="mso-spacerun: yes">&nbsp;&nbsp;&nbsp;&nbsp;&nbsp;&nbsp;&nbsp; </span>020-83796285<span style="mso-spacerun: yes">&nbsp;&nbsp;&nbsp;&nbsp;&nbsp; </span></font></span><span style="font-family: 宋体; mso-ascii-font-family: ''Times New Roman''; mso-hansi-font-family: ''Times New Roman''">广州市越秀区东湖路</span><span lang="EN-US"><font face="Times New Roman">64</font></span><span style="font-family: 宋体; mso-ascii-font-family: ''Times New Roman''; mso-hansi-font-family: ''Times New Roman''">号（东湖公交站旁）</span></p>\r\n<p class="MsoNormal" style="margin: 0cm 0cm 0pt"><span lang="EN-US"><font face="Times New Roman">7.</font></span><span style="font-family: 宋体; mso-ascii-font-family: ''Times New Roman''; mso-hansi-font-family: ''Times New Roman''">国际经贸店</span><span lang="EN-US"><font face="Times New Roman"><span style="mso-spacerun: yes">&nbsp;&nbsp;&nbsp;&nbsp;&nbsp;&nbsp;&nbsp; </span>020-81045615/81041414<span style="mso-spacerun: yes">&nbsp; </span></font></span><span style="font-family: 宋体; mso-ascii-font-family: ''Times New Roman''; mso-hansi-font-family: ''Times New Roman''">广州市越秀区东风西路</span><span lang="EN-US"><font face="Times New Roman">158</font></span><span style="font-family: 宋体; mso-ascii-font-family: ''Times New Roman''; mso-hansi-font-family: ''Times New Roman''">号广州国际经贸大厦首层</span><span lang="EN-US"><font face="Times New Roman">131</font></span></p>\r\n<p class="MsoNormal" style="margin: 0cm 0cm 0pt"><span style="font-family: 宋体; mso-ascii-font-family: ''Times New Roman''; mso-hansi-font-family: ''Times New Roman''"><span style="font-size: 10.5pt; font-family: 宋体; mso-bidi-font-family: 宋体; mso-bidi-font-size: 12.0pt; mso-font-kerning: 1.0pt; mso-ansi-language: EN-US; mso-fareast-language: ZH-CN; mso-bidi-language: AR-SA">\r\n<p class="MsoNormal" style="margin: 0cm 0cm 0pt">&nbsp;</p>\r\n</span></span></p>\r\n</span>&nbsp;</div>\r\n<div>\r\n<div><span style="font-size: 14px">&nbsp;</span></div>\r\n</div>\r\n<div><span style="font-size: 14px">&nbsp;</span></div>\r\n<p>&nbsp;</p>', '1', '0', 9, '', 0, 0, 0, 0, 0, 0, 0, 0, 0, 0, 0, 0, 0, 4, '协议价', 'uploadfile/2010/0423/20100423094345529.jpg', '美容', 0, '23.117746019690845,113.28904151916504', 'array (\n  ''title'' => '''',\n  ''keywords'' => '''',\n  ''description'' => '''',\n  ''defaultpic'' => ''uploadfile/2010/0423/20100423091709480.jpg'',\n)', 999, 1, 'shop/shop.php?id=161', 672, '0', '1', ''),
(88, 0, 280104, 1710, 0, '恒东商务酒店', '', '天河区中山大道西301号', 'http://www.finehotel.cn', '', '020-85663668', '', '', '', '', '', 1270875536, 'default', '<p>广州美驿酒店管理有限公司是一家从事酒店管理、物业管理及信息咨询服务的专业公司，奉行&ldquo;以人为本，以诚为先，团结协作、共同发展&rdquo;的企业文化，瞄准国际酒店业的服务水平，以专业化和标准化致力于商务酒店的经营管理。</p>\r\n<p>　　美驿酒店管理有限公司管理的恒东商务酒店地处广州市最新形成的CBD商务中心区，位于天河区中山大道荷光路1号（中山大道与科韵路交汇处），是一家按四星级酒店客房标准装修的全新商务型酒店。</p>\r\n<p>　　酒店毗邻天河公园，空气清新，环境优美；面向天河软件园，该软件园为中国最具国际化的数码港基地；东接华南地区最先进的城市快捷路----科韵路，从酒店出发南向5分钟车程通过琶洲大桥便是国际会展中心，参加广交会尤为便捷；南北两侧分别接广园快速干线和中山大道，四通八达，10分钟可前往火车东站；邻近内环路和环城高速入口， 30分钟可前往新白云机场；大型购物中心&ldquo;好又多&rdquo;&ldquo;万佳&rdquo;近在咫尺，生活十分便利。</p>\r\n<p>　　酒店拥有各型客房近80间，其中商务套房多达12间。房间装修典雅，设施齐全，宽敞明亮，最小面积也超过30㎡。全部房间均配有中央空调、房间小酒吧、免费宽带网络，是商务入住的最佳选择。</p>\r\n<p style="text-align: center">&nbsp;</p>\r\n<p style="text-align: center">&nbsp;</p>', '1', '1', 45, '', 0, 0, 0, 0, 0, 0, 0, 0, 0, 0, 0, 0, 0, 2, '协议价', 'uploadfile/2010/0410/20100410020810797.jpg', '服务', 0, '23.128382558132767,113.37427139282226', 'array (\n  ''tabletitle'' => \n  array (\n    0 => ''房型'',\n    1 => ''门市价(元)'',\n    2 => ''协议价(元)'',\n  ),\n  ''table_1'' => \n  array (\n    0 => ''特价双人房(无窗)'',\n    1 => ''标准双人房'',\n    2 => ''豪华单人房'',\n    3 => ''豪华双人房'',\n    4 => ''豪华商务套房'',\n  ),\n  ''table_2'' => \n  array (\n    0 => ''198'',\n    1 => ''318'',\n    2 => ''388'',\n    3 => ''388'',\n    4 => ''518'',\n  ),\n  ''table_3'' => \n  array (\n    0 => ''180'',\n    1 => ''210'',\n    2 => ''230'',\n    3 => ''230'',\n    4 => ''268'',\n  ),\n  ''title'' => '''',\n  ''keywords'' => '''',\n  ''description'' => '''',\n  ''defaultpic'' => ''uploadfile/2010/0410/20100410010418140.jpg'',\n  ''pricetable'' => \n  array (\n    0 => \n    array (\n      ''td1'' => ''特价双人房(无窗)'',\n      ''td2'' => ''198'',\n      ''td3'' => ''180'',\n    ),\n    1 => \n    array (\n      ''td1'' => ''标准双人房'',\n      ''td2'' => ''318'',\n      ''td3'' => ''210'',\n    ),\n    2 => \n    array (\n      ''td1'' => ''豪华单人房'',\n      ''td2'' => ''388'',\n      ''td3'' => ''230'',\n    ),\n    3 => \n    array (\n      ''td1'' => ''豪华双人房'',\n      ''td2'' => ''388'',\n      ''td3'' => ''230'',\n    ),\n    4 => \n    array (\n      ''td1'' => ''豪华商务套房'',\n      ''td2'' => ''518'',\n      ''td3'' => ''268'',\n    ),\n  ),\n)', 999, 1, 'shop/shop.php?id=88', 317, '广交、亚运会等其它节日除外', '0', ''),
(89, 0, 280104, 1810, 0, '悦尔牙科', '', '天河区天府路157号109铺', 'http://www.real2008.com', '', '020-38880739', '', '', '', '', '9:00-8:30', 1270876846, 'default', '悦尔牙科，广州高端牙科服务行业领先品牌，致力于为国内的中产阶层及外籍人士提供一流的国际性牙科服务，并在广州建立一个提供高品质服务的口腔医疗连锁机构，为精英牙医们提供一个宽广的发展平台。悦尔牙科不断努力让更多追求高品质生活的人们拥有自信的笑容。 <br />\r\n<br />\r\n<div>&nbsp;&nbsp;&nbsp;&nbsp;&nbsp; 悦尔牙科连锁致力于成为广州最高端的牙科诊所，与国外和香港知名牙科合作，采用国际先进的医疗管理模式，严格遵循美国齿科协会的双重高温高压消毒标准。悦尔牙科已在广州开设2家牙科诊所。分别是位于天府路东方一路的悦尔牙科和位于天河北龙口西363号的光大牙科。<br />\r\n<br />\r\n　　悦尔牙科总部位于天河区天府路东方一路路口，比邻天河公园，拥有广州唯一看得见自然公园的牙科特诊室。致力于为重视健康的客人们提供安全、无痛、私秘化的国际一流牙科服务。<br />\r\n<br />\r\n&nbsp;</div>\r\n<div>&nbsp;&nbsp;&nbsp;&nbsp;&nbsp; 悦尔牙科连锁拥有一个由香港大学牙医学院和中山大学光华口腔医学院各科一流专家组成的医疗顾问团.本中心主诊医师临床经验十分丰富 ，其牙科治疗理念与技术完全与国际接轨。良好的国际视野，优质进口的麻药加上医生的精心操作，确保治疗的安全 无痛、高效.</div>\r\n<div>&nbsp;</div>\r\n<div>&nbsp;&nbsp;&nbsp;&nbsp;&nbsp; 牙齿矫正，牙齿美容及全瓷修复，种植牙是悦尔牙科的特色服务，悦尔的主诊医师曾多次接受美国公司的专业培训，掌握了国际先进的牙齿美容技术， 全瓷修复技术，牙齿矫正技术和牙齿种植技术．悦尔牙科的经营理念是以人为本，以患者为中心。无论是诊所的设计上还是为患者提供服务的过程中，我们始终坚持自己的经营理念,为患者提供优质的服务。经过多年的努力，我们已经拥有了一个广大患者群，成为许多驻粤领事管，外企机构、中外家庭成员指定的爱牙护齿场所。<br />\r\n<br />\r\n&nbsp;</div>\r\n<div>&nbsp;&nbsp;&nbsp;&nbsp;&nbsp; 悦尔牙科的品牌形象已深入人心，我们的朋友遍布全世界的各个角落，我们将运用世界最先进牙科技术和治疗服务理念为朋友们提供最先进和国际化的牙科服务。</div>', '1', '0', 17, '', 0, 0, 0, 0, 0, 0, 0, 0, 0, 0, 0, 0, 0, 2, '8', 'uploadfile/2010/0410/thumb_120_90_20100410012206467.jpg', '医疗', 0, '23.13076530340243,113.36239457130432', 'array (\n  ''title'' => '''',\n  ''keywords'' => '''',\n  ''description'' => '''',\n  ''defaultpic'' => ''uploadfile/2010/0410/20100410012206467.jpg'',\n)', 999, 1, 'shop/shop.php?id=89', 320, '0', '1', ''),
(90, 0, 280104, 2217, 0, '莱谊特科技书店', '', '天河区五山路102号', '', '', '020-87541046', '', '', '', '', '9:00-21-:00', 1270878253, 'default', '<p><br />\r\n&nbsp;</p>', '1', '0', 49, '', 0, 0, 0, 0, 0, 0, 0, 0, 0, 0, 0, 0, 0, 5, '图书7.5折', 'uploadfile/2010/0410/20100410015213431.jpg', '图书', 0, '23.13951153960298,113.34526062011719', 'array (\n  ''title'' => '''',\n  ''keywords'' => '''',\n  ''description'' => '''',\n  ''defaultpic'' => ''uploadfile/2010/0410/20100410015347388.jpg'',\n)', 999, 1, 'shop/shop.php?id=90', 0, '办公用品8.8折', '1', ''),
(91, 0, 280104, 17, 0, '龙口明珠大酒店', '', '天河区龙口西路91号', 'http://www.85519888.com/', '', '020-85519888', '', '', '', '免费停车', '24小时', 1270879355, 'default', '<p><span style="font-family: 宋体"><span style="font-size: 12px"><span style="font-size: 12px">&nbsp;&nbsp; 龙口明珠大酒店位于天河区龙口西路91号，距广州天河火车站、广交会新会馆仅数分钟车程，交通便利。酒店座落于繁华的天河商业区、经济文化中心，市政设施配套齐备。&nbsp;<br />\r\n　　广州龙口明珠大酒店拥有各类舒适、典雅的客房，大、小会议室可容纳30-200人与会，为商务人士提供全方便捷的服务。酒店的明珠阁海鲜酒家内设大厅及VIP厅房十余间，装修豪华、典雅，由名厨主理正宗粤菜。龙口明珠大酒店另设有美容美发中心、商场、商务中心，中旅办事处，茶艺，沐足、棋牌等配套设施一应俱全为您的生活起居带来便利。&nbsp;<br />\r\n&nbsp;&nbsp;<span style="font-family: 宋体"><span style="font-size: 12px"><span style="font-size: 12px"> </span></span></span></span></span></span></p>', '1', '0', 65, '', 0, 0, 0, 0, 0, 0, 0, 0, 0, 0, 0, 0, 0, 9, '今日价6折', 'uploadfile/2010/0410/20100410020235693.jpg', '服务', 0, '23.13684777173162,113.33620548248291', 'array (\n  ''tabletitle'' => \n  array (\n    0 => ''房型'',\n    1 => ''门市价(元)'',\n    2 => ''协议价(元)'',\n  ),\n  ''table_1'' => \n  array (\n    0 => '''',\n    1 => '''',\n    2 => '''',\n  ),\n  ''table_2'' => \n  array (\n    0 => '''',\n    1 => '''',\n    2 => '''',\n  ),\n  ''table_3'' => \n  array (\n    0 => '''',\n    1 => '''',\n    2 => '''',\n  ),\n  ''title'' => '''',\n  ''keywords'' => '''',\n  ''description'' => '''',\n  ''defaultpic'' => ''uploadfile/2010/0410/20100410033339567.jpg'',\n  ''pricetable'' => '''',\n)', 999, 1, 'shop/shop.php?id=91', 0, '广交、亚运会等其它节日除外', '0', ''),
(93, 0, 280104, 1802, 0, '诗婷美容院', '', '天河区东方一路28号', '', '', '020-38262458', '', '', '', '', '9:30-21:00', 1270887804, 'default', '', '1', '0', 27, '', 0, 255, 255, 255, 0, 0, 0, 0, 0, 0, 0, 0, 0, 8, '8', 'uploadfile/2010/0410/20100410042347478.jpg', '美容', 0, '23.131756868154124,113.3580493927002', 'array (\n  ''title'' => '''',\n  ''keywords'' => '''',\n  ''description'' => '''',\n  ''defaultpic'' => ''uploadfile/2010/0410/20100410044251919.jpg'',\n)', 999, 1, 'shop/shop.php?id=93', 0, '0', '1', ''),
(94, 0, 280104, 2415, 0, 'kindyroo亲亲袋鼠', '', '天河区中山大道东方一路华港花园豪洁湾首层100-111号', 'http://www.kindyroo.com/', '', '020-85560028', '', '', '', '', '8:30-18:30', 1270890353, 'default', '<p><strong>&nbsp;&nbsp;&nbsp; KindyROO</strong>中心不是单纯为婴幼儿开设的&ldquo;健身中心&rdquo;或&ldquo;兴趣班&rdquo;，而是一间帮助婴幼儿心智体能全面发展的启育中心。<br />\r\n　　旨在引导父母认知婴幼儿早期发育健康与否，及对其未来学习有着重要的决定作用。对于这种理念，KindyROO深信生命的最初几年是日后学习能力最根本的基础。所以应特别重视。</p>\r\n<p>　　KindyROO课程提升感官能力（视觉/平衡，嗅觉/触觉，感觉）和运动能力（运动和协调的）综合发展，因为这种均衡的发展可以帮助婴幼儿最大效益地发展自然赐予的潜能。<br />\r\n　　KindyROO中心多年来一直致力于一项研究，即跳跃和翻滚、摇摆和旋转、翻筋斗和攀登这样的运动神经体验对未来的成功学习是相当必要的。<br />\r\n　　儿童的早期运动不只是发生在母亲体内的翻滚运动的延续，更是一种合乎规则的自然延续，幼儿正是受这一系列内部反射，也就是触发式运动的影响。因此在树立自尊和自信方面，运动是一个关键性因素。</p>', '1', '0', 64, '', 0, 0, 0, 0, 0, 0, 0, 0, 0, 0, 0, 0, 0, 3, '9.5', 'uploadfile/2010/0412/20100412091158159.jpg', '婴幼早期教育', 0, '23.1324672383945,113.35753440856933', 'array (\n  ''title'' => '''',\n  ''keywords'' => '''',\n  ''description'' => '''',\n  ''defaultpic'' => ''uploadfile/2010/0412/20100412092220235.jpg'',\n)', 999, 1, 'shop/shop.php?id=94', 0, '0', '1', ''),
(95, 0, 280104, 1801, 0, 'J&J发型设计中心', '', '天河区中山大道华港南街18号103房', '', '', '020-38602240', '', '', '', '', '10:30-23:00', 1270890489, 'default', '', '1', '0', 25, '', 0, 0, 0, 0, 0, 0, 0, 0, 0, 0, 0, 0, 0, 4, '7', 'uploadfile/2010/0410/20100410050914713.jpg', '美发', 0, '23.13266456279354,113.35882186889648', 'array (\n  ''title'' => '''',\n  ''keywords'' => '''',\n  ''description'' => '''',\n  ''defaultpic'' => ''uploadfile/2010/0410/20100410051533140.jpg'',\n)', 999, 1, 'shop/shop.php?id=95', 0, '0', '1', '');
INSERT INTO `dc_shop` (`id`, `userid`, `areacode`, `catcode`, `ownerid`, `shopname`, `subname`, `address`, `website`, `videourl`, `tel1`, `tel2`, `mobile`, `bus`, `park`, `storehours`, `inputtime`, `template`, `content`, `status`, `elite`, `hits`, `shopdomain`, `avgsort`, `sort1`, `sort2`, `sort3`, `sort4`, `sort5`, `sort6`, `sort7`, `sort8`, `avgprice`, `enjoy`, `reviews`, `gbook`, `pics`, `discount`, `thumb`, `main`, `adminid`, `map`, `setting`, `listorder`, `posids`, `url`, `aid`, `discountchuwai`, `isimg`, `description`) VALUES
(96, 0, 280104, 17, 0, '总统大酒店', '', '天河区天河路586号', 'http://www.presidenthotel.com.cn/', '', '020-85512988', '', '', '', '', '', 1271127595, 'default', '<p>&nbsp;&nbsp;&nbsp; 开业于一九九五年的总统大酒店是由广州海印实业集团有限公司精心策划的四星级涉外商务酒店。位于广州市天河区商业繁华地带，毗邻广州火车东站、琶洲国际会展中心、著名商业购物中心&mdash;&mdash;天河城、正佳广场、维多利广场、天河高新科技开发区、信息港、华南高校区近在咫尺，酒店各项设施齐备，配套服务完善。中港通、机场快线、华南快速干线、内环路、地铁三号线的全线开通，使往来广州市及各城市的交通更为方便、快捷。</p>\r\n<p>&nbsp;&nbsp; 现拥有全新装修的各类高级客房215间；可供大约1000人用餐的中、西式餐厅；配备可容纳600人以上的国际会议中心，会议厅的无柱式设计气派非凡及专业的会展设施、先进的视听设备，适合举办婚宴、会议、商务展览、产品推介、公司庆典等各种规模的会展及宴会；酒店康体、娱乐设施齐备，设有健康中心、沐足阁等，可让您在紧张的商务之余舒展身心。</p>\r\n<p>&nbsp;&nbsp;&nbsp; 总统大酒店自成立以来一直致力于为宾客提供完善的服务和无微不至的关怀，为了给宾客带来更温馨舒适的环境和更完善的多元化服务，本着&ldquo;尽善尽美，追求卓越&rdquo;的理念，我们将会把总统大酒店打造成为五星级标准的集住房、餐饮、娱乐、休闲和商务功能于一体的商务豪华型酒店。高贵的气派，殷勤的服务，无微不至的关怀，为您增添无与伦比的尊贵气派！追求卓越，成就你我！在这里，您将不断演绎您的贵族风采，彰显您的尊贵不凡&hellip;&hellip;</p>\r\n<p>&nbsp;</p>', '1', '0', 42, '', 0, 0, 0, 0, 0, 0, 0, 0, 0, 0, 0, 0, 0, 3, '协议折', 'uploadfile/2010/0413/20100413110430375.jpg', '服务', 0, '23.134519397953333,113.34028244018554', 'array (\n  ''tabletitle'' => \n  array (\n    0 => ''房型'',\n    1 => ''门市价(元)'',\n    2 => ''协议价(元)'',\n  ),\n  ''table_1'' => \n  array (\n    0 => ''舒适间(无窗)'',\n    1 => ''高级间'',\n    2 => ''行政间'',\n    3 => ''商务套房'',\n    4 => ''行政套房'',\n    5 => ''复式套房'',\n    6 => ''总统套房'',\n  ),\n  ''table_2'' => \n  array (\n    0 => ''880'',\n    1 => ''1080'',\n    2 => ''1380'',\n    3 => ''1680'',\n    4 => ''1980'',\n    5 => ''2280'',\n    6 => ''6880'',\n  ),\n  ''table_3'' => \n  array (\n    0 => ''330'',\n    1 => ''390'',\n    2 => ''470'',\n    3 => ''580'',\n    4 => ''680'',\n    5 => ''780'',\n    6 => ''3580'',\n  ),\n  ''title'' => '''',\n  ''keywords'' => '''',\n  ''description'' => '''',\n  ''defaultpic'' => ''uploadfile/2010/0413/20100413110512196.jpg'',\n  ''pricetable'' => \n  array (\n    0 => \n    array (\n      ''td1'' => ''舒适间(无窗)'',\n      ''td2'' => ''880'',\n      ''td3'' => ''330'',\n    ),\n    1 => \n    array (\n      ''td1'' => ''高级间'',\n      ''td2'' => ''1080'',\n      ''td3'' => ''390'',\n    ),\n    2 => \n    array (\n      ''td1'' => ''行政间'',\n      ''td2'' => ''1380'',\n      ''td3'' => ''470'',\n    ),\n    3 => \n    array (\n      ''td1'' => ''商务套房'',\n      ''td2'' => ''1680'',\n      ''td3'' => ''580'',\n    ),\n    4 => \n    array (\n      ''td1'' => ''行政套房'',\n      ''td2'' => ''1980'',\n      ''td3'' => ''680'',\n    ),\n    5 => \n    array (\n      ''td1'' => ''复式套房'',\n      ''td2'' => ''2280'',\n      ''td3'' => ''780'',\n    ),\n    6 => \n    array (\n      ''td1'' => ''总统套房'',\n      ''td2'' => ''6880'',\n      ''td3'' => ''3580'',\n    ),\n  ),\n)', 999, 1, 'shop/shop.php?id=96', 0, '广交、亚运会等其它节日除外', '1', ''),
(97, 0, 280104, 1801, 0, 'MSN美圣娜发型机构', '', '天河区中山大道东方一路30号', '', '', '020-38298159', '', '', '', '', '', 1271128502, 'default', '', '1', '0', 24, '', 0, 0, 0, 0, 0, 0, 0, 0, 0, 0, 0, 0, 0, 4, '7.5', 'uploadfile/2010/0413/20100413112107257.jpg', '美发', 0, '23.13152007723789,113.36015224456787', 'array (\n  ''title'' => '''',\n  ''keywords'' => '''',\n  ''description'' => '''',\n  ''defaultpic'' => ''uploadfile/2010/0413/20100413112252916.jpg'',\n)', 999, 1, 'shop/shop.php?id=97', 0, '0', '1', ''),
(98, 0, 280104, 1701, 0, '国德国际大酒店', '', '天河区天河东路153号国德大厦', 'http://www.chinagoodhotel.cn/', '', '020-38861111', '', '', '', '', '', 1271129789, 'default', '<p>&nbsp;&nbsp;&nbsp;&nbsp; 广州国德国际大酒店是一家按五星标准建造的涉外商务酒店，拥有百米的灯光喷泉私家车道、超高宽敞的全大理石白金气派大堂，酒店地理位置优越，位于广州天河区新商圈的核心地带天河东路153号，毗邻珠江新城、二沙岛，东接猎德大桥地下隧道直通琶洲展馆区、番禺新光快线，南邻在建中的高端商业航母太古汇、万菱汇，西靠财富广场、中信广场，北达火车东站、机场快线终点站。<br />\r\n　　以酒店为轴心，四周环绕着正佳广场、天河城广场、天河购书中心、天娱广场、摩登百货等大型购物中心，著名的景观景点有天河体育中心、猎德公园、天河公园、世界第一高塔广州电视观光塔、星海音乐厅、天河航天奇观、华南植物园。<br />\r\n　　酒店为品味高雅的商务客人提供了一系列完善的配套设施，从风格独特的总统套房、五种各具特色的客房、大中小型多功能会议厅、行政酒廊、迷你影院、恒温泳池，到日本料理、中西餐厅、大堂钢琴吧、茶艺廊、名店商场，以及广州新诞奢华级的世外桃源水疗会馆、英伦夜总会，务求令各位贵宾享受到完美写意的商务之旅；九月中旬新张之具有雅致中国风的国宴粤菜食府能容纳三百多人同时进餐，且是大型婚宴、寿宴与公司宴请的理想首选，纯正地道的粤菜佳肴以及制作精良的燕鲍翅参，更让您品味源远流长的广东饮食文化。<br />\r\n　　客房内配备了全大理石干湿分区的卫浴、40寸三星大屏幕液晶电视以及国际知名品牌King Koil床褥用品，这些将是商务宾客所期盼的舒心享受；闹中取静的地理位置使酒店有着高尔夫球场般的天然与宁静，繁忙的都市人在天河之最中心终于有了一方恬静的居榻之处。<br />\r\n　　国德国际大酒店自成立以来，一直致力于为宾客提供完善的星级服务和无微不至的关怀与享受，为了给宾客带来更温馨舒适的环境和更完善的多元化服务，我们本着&ldquo;专业，专注&rdquo;的理念，不断追求卓越，一切为了能令宾客无论是商务或休闲度假，都能享受到豪华高雅的五星酒店顶级贴身服务。</p>', '1', '0', 16, '', 0, 0, 0, 0, 0, 0, 0, 0, 0, 0, 0, 0, 0, 8, '协议价', 'uploadfile/2010/0413/20100413114228130.jpg', '服务', 0, '23.136176888518005,113.33201050758362', 'array (\n  ''tabletitle'' => \n  array (\n    0 => ''房型'',\n    1 => ''门市价(元)'',\n    2 => ''协议价(元)'',\n  ),\n  ''table_1'' => \n  array (\n    0 => ''豪华商务大床房'',\n    1 => ''豪华商务双床房'',\n    2 => ''行政大床房'',\n    3 => ''行政双床房'',\n    4 => ''活力房'',\n    5 => ''行政套房'',\n    6 => ''豪华套房'',\n  ),\n  ''table_2'' => \n  array (\n    0 => ''1580'',\n    1 => ''1780'',\n    2 => ''2180'',\n    3 => ''2180'',\n    4 => ''2380'',\n    5 => ''2580'',\n    6 => ''3580'',\n  ),\n  ''table_3'' => \n  array (\n    0 => ''538'',\n    1 => ''588'',\n    2 => ''688'',\n    3 => ''780'',\n    4 => ''980'',\n    5 => ''1380'',\n    6 => ''1680'',\n  ),\n  ''title'' => '''',\n  ''keywords'' => '''',\n  ''description'' => '''',\n  ''defaultpic'' => ''uploadfile/2010/0413/20100413022002244.jpg'',\n  ''pricetable'' => \n  array (\n    0 => \n    array (\n      ''td1'' => ''豪华商务大床房'',\n      ''td2'' => ''1580'',\n      ''td3'' => ''538'',\n    ),\n    1 => \n    array (\n      ''td1'' => ''豪华商务双床房'',\n      ''td2'' => ''1780'',\n      ''td3'' => ''588'',\n    ),\n    2 => \n    array (\n      ''td1'' => ''行政大床房'',\n      ''td2'' => ''2180'',\n      ''td3'' => ''688'',\n    ),\n    3 => \n    array (\n      ''td1'' => ''行政双床房'',\n      ''td2'' => ''2180'',\n      ''td3'' => ''780'',\n    ),\n    4 => \n    array (\n      ''td1'' => ''活力房'',\n      ''td2'' => ''2380'',\n      ''td3'' => ''980'',\n    ),\n    5 => \n    array (\n      ''td1'' => ''行政套房'',\n      ''td2'' => ''2580'',\n      ''td3'' => ''1380'',\n    ),\n    6 => \n    array (\n      ''td1'' => ''豪华套房'',\n      ''td2'' => ''3580'',\n      ''td3'' => ''1680'',\n    ),\n  ),\n)', 999, 1, 'shop/shop.php?id=98', 0, '广交、亚运会等其它节日除外', '0', ''),
(99, 0, 280104, 17, 0, '大华酒店', '', '天河区天河路625号天娱广场', 'http://www.majestichotel.com.cn/', '', '020-87576888 ', '', '', '', '', '', 1271139949, 'default', '<p><strong>&nbsp;&nbsp;&nbsp;&nbsp;&nbsp;&nbsp;&nbsp;&nbsp;&nbsp; 广州大华酒店</strong>是香港著名爱国商人、&ldquo;广州荣誉市民&ldquo;&mdash;&mdash;林建名先生 名下的的豪华商务型酒店，位于广州市天河区繁华商业中心，大型购物商场、电脑城围绕四周。酒店位于地铁地铁3号线岗顶站出口上盖，距火车站十分钟，琶洲会展中心二十分钟，国际机场四十分钟，交通极其便利。</p>\r\n<p>　　<strong>大华酒店</strong>于2008年全部重新装修改造，现拥有两百多间全新各类客房，无论是高级房、豪华套房还是商务楼层，室内装潢都经过精心设计，所有房间都配备了1.5米以上的大床，舒适温馨，处处显示出以客为先的服务理念。酒店配备有名人汇西餐厅、大堂Croco Caf&eacute;等别具特色的食府，能为您提供各种美味的精美菜肴。更拥有具规模现代化的天河电影城，采用最先进的进口放映及音响设备。多功能会议中心是举办各类大小型会议、中西式餐酒会的理想场所。商务中心、委托代办、票务中心、停车场等配套设施一应俱全。</p>\r\n<p><strong>&nbsp;</strong></p>', '1', '1', 18, '', 0, 0, 0, 0, 0, 0, 0, 0, 0, 0, 0, 0, 0, 4, '协议价', 'uploadfile/2010/0413/20100413023158491.jpg', '服务', 0, '23.13569345588626,113.3405077457428', 'array (\n  ''tabletitle'' => \n  array (\n    0 => ''房型'',\n    1 => ''门市价(元)'',\n    2 => ''协议价(元)'',\n  ),\n  ''table_1'' => \n  array (\n    0 => ''标准单人房'',\n    1 => ''标准双人房'',\n    2 => ''豪华单人房'',\n    3 => ''高级双人房'',\n    4 => ''商务双人房'',\n    5 => ''豪华商务双人房'',\n    6 => ''行政单人房'',\n    7 => ''豪华套房'',\n    8 => ''行政套房'',\n    9 => ''公   寓'',\n  ),\n  ''table_2'' => \n  array (\n    0 => ''738'',\n    1 => ''788'',\n    2 => ''818'',\n    3 => ''828'',\n    4 => ''878'',\n    5 => ''888'',\n    6 => ''1280'',\n    7 => ''1680'',\n    8 => ''1880'',\n    9 => ''2280'',\n  ),\n  ''table_3'' => \n  array (\n    0 => ''308'',\n    1 => ''338'',\n    2 => ''358'',\n    3 => ''368'',\n    4 => ''388'',\n    5 => ''468'',\n    6 => ''468'',\n    7 => ''568'',\n    8 => ''668'',\n    9 => ''838'',\n  ),\n  ''title'' => '''',\n  ''keywords'' => '''',\n  ''description'' => '''',\n  ''defaultpic'' => ''uploadfile/2010/0413/20100413023551575.jpg'',\n  ''pricetable'' => \n  array (\n    0 => \n    array (\n      ''td1'' => ''标准单人房'',\n      ''td2'' => ''738'',\n      ''td3'' => ''308'',\n    ),\n    1 => \n    array (\n      ''td1'' => ''标准双人房'',\n      ''td2'' => ''788'',\n      ''td3'' => ''338'',\n    ),\n    2 => \n    array (\n      ''td1'' => ''豪华单人房'',\n      ''td2'' => ''818'',\n      ''td3'' => ''358'',\n    ),\n    3 => \n    array (\n      ''td1'' => ''高级双人房'',\n      ''td2'' => ''828'',\n      ''td3'' => ''368'',\n    ),\n    4 => \n    array (\n      ''td1'' => ''商务双人房'',\n      ''td2'' => ''878'',\n      ''td3'' => ''388'',\n    ),\n    5 => \n    array (\n      ''td1'' => ''豪华商务双人房'',\n      ''td2'' => ''888'',\n      ''td3'' => ''468'',\n    ),\n    6 => \n    array (\n      ''td1'' => ''行政单人房'',\n      ''td2'' => ''1280'',\n      ''td3'' => ''468'',\n    ),\n    7 => \n    array (\n      ''td1'' => ''豪华套房'',\n      ''td2'' => ''1680'',\n      ''td3'' => ''568'',\n    ),\n    8 => \n    array (\n      ''td1'' => ''行政套房'',\n      ''td2'' => ''1880'',\n      ''td3'' => ''668'',\n    ),\n    9 => \n    array (\n      ''td1'' => ''公   寓'',\n      ''td2'' => ''2280'',\n      ''td3'' => ''838'',\n    ),\n  ),\n)', 999, 1, 'shop/shop.php?id=99', 0, '广交、亚运会等其它节日除外', '0', ''),
(100, 0, 280104, 1702, 0, '皇家国际饭店', '', '天河区天河路89号', 'http://www.hotelroyal.cn/', '', '020-83988282', '', '', '', '', '', 1271141773, 'default', '<p>&nbsp;&nbsp; 皇家国际饭店位于广州金融和购物的中心地带&mdash;&mdash;天河城商圈，步行3分钟即可到中信广场、大都会广场、天河购物城、正佳购物广场、宏城广场等百货购物中心，天河体育中心和地铁站；步行15分钟到达连结广九直通车站(广州东站)；距离琶洲会展中心仅15分钟车程；距离广州白云新机场仅40分钟的车程。<br />\r\n<br />\r\n&nbsp;&nbsp;&nbsp; 皇家国际饭店是融会国际顶尖商务酒店设计理念，装潢艺术构造于一体的四星级豪华酒店。酒店的豪华套房、商务套房、高级房及标准房包括无烟楼层等都关注到每一个细节的典雅装饰，令居住其中成为美的享受，让商务劳顿烟消云散，使您尽享都市风情。<br />\r\n&nbsp;</p>', '1', '1', 16, '', 0, 255, 255, 255, 0, 0, 0, 0, 0, 0, 0, 0, 0, 7, '协议价', 'uploadfile/2010/0413/20100413032746393.jpg', '服务', 0, '23.13420368314207,113.3175802230835', 'array (\n  ''tabletitle'' => \n  array (\n    0 => ''房型'',\n    1 => ''门市价(元)'',\n    2 => ''协议价(元)'',\n  ),\n  ''table_1'' => \n  array (\n    0 => ''标准客房(大床)'',\n    1 => ''标准客房(双床)'',\n    2 => ''高级客房(大床房)'',\n    3 => ''商务客房(大床/双床)'',\n    4 => ''高务套房(大床房)'',\n    5 => ''豪华套房(一房一厅/大床)'',\n  ),\n  ''table_2'' => \n  array (\n    0 => ''980'',\n    1 => ''980'',\n    2 => ''1080'',\n    3 => ''1280'',\n    4 => ''1680'',\n    5 => ''2180'',\n  ),\n  ''table_3'' => \n  array (\n    0 => ''498'',\n    1 => ''548'',\n    2 => ''628'',\n    3 => ''688'',\n    4 => ''968'',\n    5 => ''1258'',\n  ),\n  ''title'' => '''',\n  ''keywords'' => '''',\n  ''description'' => '''',\n  ''defaultpic'' => ''uploadfile/2010/0413/20100413033446515.jpg'',\n  ''pricetable'' => \n  array (\n    0 => \n    array (\n      ''td1'' => ''标准客房(大床)'',\n      ''td2'' => ''980'',\n      ''td3'' => ''498'',\n    ),\n    1 => \n    array (\n      ''td1'' => ''标准客房(双床)'',\n      ''td2'' => ''980'',\n      ''td3'' => ''548'',\n    ),\n    2 => \n    array (\n      ''td1'' => ''高级客房(大床房)'',\n      ''td2'' => ''1080'',\n      ''td3'' => ''628'',\n    ),\n    3 => \n    array (\n      ''td1'' => ''商务客房(大床/双床)'',\n      ''td2'' => ''1280'',\n      ''td3'' => ''688'',\n    ),\n    4 => \n    array (\n      ''td1'' => ''高务套房(大床房)'',\n      ''td2'' => ''1680'',\n      ''td3'' => ''968'',\n    ),\n    5 => \n    array (\n      ''td1'' => ''豪华套房(一房一厅/大床)'',\n      ''td2'' => ''2180'',\n      ''td3'' => ''1258'',\n    ),\n  ),\n)', 999, 1, 'shop/shop.php?id=100', 0, '广交、亚运会等其它节日除外', '0', ''),
(101, 0, 280102, 1702, 0, '如家快捷酒店', '环市东路店', '越秀区环市东路水荫约7号', '', '', '020-37603588', '400-820-333', '', '', '', '', 1271147544, 'default', '<p>&nbsp;&nbsp; 如家酒店集团旗下拥有如家快捷酒店、和颐酒店两大品牌，现已在全国30多个省和直辖市覆盖100多座主要城市，拥有连锁酒店500多家，形成了遥遥领先业内的最大的连锁酒店网络体系。 经济型连锁酒店品牌---如家快捷酒店，提供标准化、干净、温馨、舒适、贴心的酒店住宿产品，为海内外八方来客提供安心、便捷的旅行住宿服务，传递着适度生活的简约生活理念。 中高端商务酒店品牌---和颐酒店，为境内外中高级商务及休闲旅游人士提供高科技智能化的酒店住宿产品和独具特色的&ldquo;HOWEVER贴心服务&rdquo;，让您在人性化的舒适体验中畅享旅途的自然自在。 如家成立至今，更以敏锐的市场洞察力、完善的人力资源体系、有力的管理执行力和强大的资金优势迅速建立起了品牌、系统、技术、客源等多个核心竞争力。作为行业标杆企业，如家正用实际行动引领着中国大众住宿业酒店市场走向成熟和完善。</p>', '1', '0', 46, '', 0, 0, 0, 0, 0, 0, 0, 0, 0, 0, 0, 0, 0, 1, '协议价', 'uploadfile/2010/0414/20100414044933629.jpg', '服务', 0, '23.13424314753412,113.31114292144775', 'array (\n  ''tabletitle'' => \n  array (\n    0 => ''房型'',\n    1 => ''门市价(元)'',\n    2 => ''协议价(元)'',\n  ),\n  ''table_1'' => \n  array (\n    0 => ''标准大床房'',\n    1 => ''标准双床房'',\n    2 => ''商务大床房'',\n    3 => ''数码标准双人房'',\n    4 => ''数码商务双人房'',\n  ),\n  ''table_2'' => \n  array (\n    0 => ''219'',\n    1 => ''239'',\n    2 => ''239'',\n    3 => ''259'',\n    4 => ''259'',\n  ),\n  ''table_3'' => \n  array (\n    0 => ''175'',\n    1 => ''191'',\n    2 => ''191'',\n    3 => ''209'',\n    4 => ''209'',\n  ),\n  ''title'' => '''',\n  ''keywords'' => '''',\n  ''description'' => '''',\n  ''defaultpic'' => ''uploadfile/2010/0414/20100414045447500.jpg'',\n  ''pricetable'' => \n  array (\n    0 => \n    array (\n      ''td1'' => ''标准大床房'',\n      ''td2'' => ''219'',\n      ''td3'' => ''175'',\n    ),\n    1 => \n    array (\n      ''td1'' => ''标准双床房'',\n      ''td2'' => ''239'',\n      ''td3'' => ''191'',\n    ),\n    2 => \n    array (\n      ''td1'' => ''商务大床房'',\n      ''td2'' => ''239'',\n      ''td3'' => ''191'',\n    ),\n    3 => \n    array (\n      ''td1'' => ''数码标准双人房'',\n      ''td2'' => ''259'',\n      ''td3'' => ''209'',\n    ),\n    4 => \n    array (\n      ''td1'' => ''数码商务双人房'',\n      ''td2'' => ''259'',\n      ''td3'' => ''209'',\n    ),\n  ),\n)', 999, 1, 'shop/shop.php?id=101', 415, '广交、亚运会等其它节日除外', '1', ''),
(102, 0, 280104, 1614, 0, '英姿跆拳道俱乐部', '天河店', '天河区天河东路华康街12号红棉艺术培训中心', 'http://www.yz-tkd.com/', '', '020-84437036', '', '', '', '', '', 1271215584, 'default', '<p>&nbsp;&nbsp; 周子寒，&ldquo;师范&rdquo;&ldquo;英姿跆拳道俱乐部馆长，世界跆拳道联盟黑带五段师范、国家一级裁判。中国空手道一级教练，九四年开始从事跆拳道教育事业，凭着对跆拳道的专注与爱好一教就是十五年，周子寒馆长对学生们的热爱却不减当年，执着的她总是把学生们的训练工作放到第一位，于一九九七年独创了《英姿跆拳道俱乐部》，所率领的跆拳道队伍多年来在国内外及亚洲跆拳道大赛中获得冠军。曾担任广东省运动会及担任第九、十届全国运动会跆拳道裁判并多年来担任中国跆拳道大型比赛裁判及受邀赴香港担任第九、十、十一、十二届世界亚洲城市跆拳道金杯赛裁判。多次被评为&ldquo;优秀裁判&rdquo;和&ldquo;最佳教练&rdquo;。 2006年代表中国赴英国伦敦牛津大学，英方对交流活动给予了高度赞誉，并任命周总教练为名誉教练兼英国牛津国际教育网唯一华人总教练。她的辛勤付出使更多的人认识了&ldquo;英姿&rdquo;，同时给学员们搭建了展示才艺的国际舞台，也是当今成为跆拳道届最早成立跆拳道俱乐部的首位女馆长成为当时广东最有权威最早成立的跆拳道组织佼佼者。 <br />\r\n专业化高水平的教练队伍 <br />\r\n&nbsp;&nbsp;&nbsp; 英姿跆拳道凭借科学、规范的教学内容，严格的教学管理制度，高水平、专业化的教练队伍，十五年积累的教学丰富经验，多年以来周子寒馆长必亲自到现场指导学生，能够针对学员的自身特点，因材施教帮助学达到最佳的训练效果。从而造就了英姿跆拳道在业界的名优品牌形象。&nbsp;</p>\r\n<p>\r\n<table cellspacing="0" cellpadding="0" border="1">\r\n    <tbody>\r\n        <tr>\r\n            <td width="559" colspan="3">\r\n            <div align="center"><b>各馆上课时间</b></div>\r\n            </td>\r\n            <td width="144">\r\n            <div align="center"><b>联系方式</b></div>\r\n            </td>\r\n        </tr>\r\n        <tr>\r\n            <td width="38">\r\n            <div align="left"><b>越</b></div>\r\n            <div align="left"><b>秀</b></div>\r\n            <div align="left"><b>区</b></div>\r\n            </td>\r\n            <td width="257">\r\n            <div align="left">常年班：周五<span>19：30－21：30</span></div>\r\n            <div align="left"><span>&nbsp;&nbsp;&nbsp;&nbsp;&nbsp;&nbsp;&nbsp; </span>周六<span>19：30-21：30</span></div>\r\n            <div align="left">周日<span>10：00－12：00</span></div>\r\n            </td>\r\n            <td width="264">\r\n            <div align="left">东山达道路西元岗<span>13号（广铁职工健身中心）二楼</span></div>\r\n            <div align="left">TEL:84437036 13719338907</div>\r\n            </td>\r\n            <td width="144" rowspan="7">\r\n            <div align="left">网址：<span>www.yz-tkd..com Eail:</span></div>\r\n            <div align="left">yz-tkd@163.com <br />\r\n            <br />\r\n            联系电话：<span>13802753153 13719338907 </span></div>\r\n            </td>\r\n        </tr>\r\n        <tr>\r\n            <td width="38" rowspan="2">\r\n            <div align="left"><b>海</b></div>\r\n            <div align="left"><b>珠</b></div>\r\n            <div align="left"><b>区</b></div>\r\n            </td>\r\n            <td width="257">\r\n            <div align="left">常年班：周二、<span>19：15-21：15</span></div>\r\n            <div align="left">周六、日<span>16：00-18：00</span></div>\r\n            </td>\r\n            <td width="264">\r\n            <div align="left">宝岗大道中宏宇广场<span>A座203号、B座205号503室</span></div>\r\n            <div align="left">TEL:020-84437036<span>&nbsp;&nbsp;&nbsp; 13802753153</span></div>\r\n            </td>\r\n        </tr>\r\n        <tr>\r\n            <td width="257">\r\n            <div align="left">常年班：周五、<span>17：30-19：00</span></div>\r\n            <div align="left">19：<span>30-21：00</span></div>\r\n            <div align="left">周六、日<span>16：30-18：00</span></div>\r\n            </td>\r\n            <td width="264">\r\n            <div align="left">珠江帝景赤岗文化站二楼赤岗青少年活动中心（珠江帝景苑涛轩<span>AB座2楼办公室）</span></div>\r\n            <div align="left">TEL：<span>88133244 13802753153</span></div>\r\n            </td>\r\n        </tr>\r\n        <tr>\r\n            <td width="38">\r\n            <div align="left"><b>番</b></div>\r\n            <div align="left"><b>禺</b></div>\r\n            <div align="left"><b>区</b></div>\r\n            </td>\r\n            <td width="257">\r\n            <div align="left">常年班：周三<span>19：30－21：00</span></div>\r\n            <div align="left">周六<span>19：30－21：00</span></div>\r\n            </td>\r\n            <td width="264">\r\n            <div align="left">番禺丽江花园会所（九如通津羽毛球馆）</div>\r\n            <div align="left">TEL:020-34708201<span>&nbsp;&nbsp;&nbsp; 13802753153</span></div>\r\n            </td>\r\n        </tr>\r\n        <tr>\r\n            <td width="38">\r\n            <div align="left"><b>天</b></div>\r\n            <div align="left"><b>河</b></div>\r\n            <div align="left"><b>区</b></div>\r\n            </td>\r\n            <td width="257">\r\n            <div align="left">常年班：周三<span>17：00－18：30</span></div>\r\n            <div align="left">周日<span>16：00－17：30</span></div>\r\n            </td>\r\n            <td width="264">\r\n            <div align="left">天河华康街12号首层红棉艺术培训中心</div>\r\n            <div align="left">TEL:38865700/84437036</div>\r\n            </td>\r\n        </tr>\r\n        <tr>\r\n            <td width="38" rowspan="2">\r\n            <div align="left"><b>荔</b></div>\r\n            <div align="left"><b>湾</b></div>\r\n            <div align="left"><b>区</b></div>\r\n            </td>\r\n            <td width="257">\r\n            <div align="left">常年班：周三、五19：00－20：30</div>\r\n            <div align="left">周六、日16：30－18：00</div>\r\n            </td>\r\n            <td width="264">\r\n            <div align="left">广州珠江帝景赤岗街文化站二楼赤岗青少年活动中心（珠江帝景苑悦涛轩AB座2楼办公室）</div>\r\n            <div align="left">Tel:88133244/84437036</div>\r\n            </td>\r\n        </tr>\r\n        <tr>\r\n            <td width="257">\r\n            <div align="left">常年班：周六10：30－12：00</div>\r\n            </td>\r\n            <td width="264">\r\n            <div align="left">新世界萧邦艺术中心 中山八路富力广场<span>S7首层</span></div>\r\n            <div align="left">TEL:83618962/83618952</div>\r\n            </td>\r\n        </tr>\r\n    </tbody>\r\n</table>\r\n<br />\r\n&nbsp;</p>', '1', '0', 38, '', 0, 0, 0, 0, 0, 0, 0, 0, 0, 0, 0, 0, 0, 2, '9.5', 'uploadfile/2010/0414/20100414044705828.jpg', '健身', 0, '23.13692669894784,113.33337306976318', 'array (\n  ''title'' => '''',\n  ''keywords'' => '''',\n  ''description'' => '''',\n  ''defaultpic'' => ''uploadfile/2010/0414/20100414045325217.jpg'',\n)', 999, 1, 'shop/shop.php?id=102', 0, '0', '1', ''),
(103, 0, 280104, 1710, 0, '维景商务酒店', '', '天河区中山大道棠下（中国银行后面）', '', '', '020-85668778', '', '', '', '', '', 1271226236, 'default', '<p>&nbsp;&nbsp;&nbsp;&nbsp;&nbsp;&nbsp;广州维景商务酒店位于中山大道棠下路段，广州维景商务酒店西靠科韵路快干线，北有广园快线，南往黄埔大道，东可达车陂路。酒店临近多所高校：广州维景商务酒店广东技术师范学院、华南师范大学、暨南大学等，广州维景商务酒店广州高新科技天河软件园和数码港近在咫尺，广州维景商务酒店附近还有多个大型购物中心：好又多、易初莲花、麦德龙、百安居等。 <br />\r\n&nbsp;&nbsp; &nbsp;&nbsp;&nbsp;&nbsp;广州维景商务酒店离奥林匹克体育中心约8分钟车程，广州维景商务酒店前往琶洲会馆更是方便，约5分钟车程可达。广州维景商务酒店集中西餐厅、棋牌、会议、大型免费停车场等为一体的三星级商务酒店广州维景商务酒店。&nbsp;&nbsp; <br />\r\n&nbsp;&nbsp;&nbsp;&nbsp;欢迎光临广州维景商务酒店,全体广州维景商务酒店员工热情欢迎您的到来,通过中国酒店产业网预订广州维景商务酒店可享受房价及相关服务的优惠.&nbsp;</p>\r\n<p><br />\r\n&nbsp;</p>', '1', '1', 47, '', 0, 0, 0, 0, 0, 0, 0, 0, 0, 0, 0, 0, 0, 2, '协议价', 'uploadfile/2010/0414/20100414022356668.jpg', '服务', 0, '23.12725776926275,113.37774753570556', 'array (\n  ''tabletitle'' => \n  array (\n    0 => ''房型'',\n    1 => ''门市价(元)'',\n    2 => ''协议价(元)'',\n  ),\n  ''table_1'' => \n  array (\n    0 => ''标准双人房'',\n    1 => ''标准大床房'',\n    2 => ''高级大床房'',\n    3 => ''高级双人房'',\n    4 => ''高级家庭房'',\n    5 => ''高级套房'',\n    6 => ''IT商务房'',\n  ),\n  ''table_2'' => \n  array (\n    0 => ''258'',\n    1 => ''258'',\n    2 => ''318'',\n    3 => ''318'',\n    4 => ''338'',\n    5 => ''568'',\n    6 => ''388'',\n  ),\n  ''table_3'' => \n  array (\n    0 => ''138'',\n    1 => ''138'',\n    2 => ''168'',\n    3 => ''168'',\n    4 => ''188'',\n    5 => ''288'',\n    6 => ''238'',\n  ),\n  ''title'' => '''',\n  ''keywords'' => '''',\n  ''description'' => '''',\n  ''defaultpic'' => ''uploadfile/2010/0414/20100414022710915.jpg'',\n  ''pricetable'' => \n  array (\n    0 => \n    array (\n      ''td1'' => ''标准双人房'',\n      ''td2'' => ''258'',\n      ''td3'' => ''138'',\n    ),\n    1 => \n    array (\n      ''td1'' => ''标准大床房'',\n      ''td2'' => ''258'',\n      ''td3'' => ''138'',\n    ),\n    2 => \n    array (\n      ''td1'' => ''高级大床房'',\n      ''td2'' => ''318'',\n      ''td3'' => ''168'',\n    ),\n    3 => \n    array (\n      ''td1'' => ''高级双人房'',\n      ''td2'' => ''318'',\n      ''td3'' => ''168'',\n    ),\n    4 => \n    array (\n      ''td1'' => ''高级家庭房'',\n      ''td2'' => ''338'',\n      ''td3'' => ''188'',\n    ),\n    5 => \n    array (\n      ''td1'' => ''高级套房'',\n      ''td2'' => ''568'',\n      ''td3'' => ''288'',\n    ),\n    6 => \n    array (\n      ''td1'' => ''IT商务房'',\n      ''td2'' => ''388'',\n      ''td3'' => ''238'',\n    ),\n  ),\n)', 999, 1, 'shop/shop.php?id=103', 0, '广交、亚运会等其它节日除外', '1', ''),
(104, 0, 280102, 1710, 0, '花样年华酒店', '', '赵秀区环市东路475号东都美食街动物园西行200米 ', 'http://www.colorfuldays-hotel.com/', '', '020-37882788', '', '', '', '', '24小时', 1271227218, 'default', '<p>花样年华酒店&mdash;&mdash;精品时尚商务酒店，地处广州市最繁华商业路段环市东路475号东都国际美食街上，地理位置得天独厚，地铁五号线动物园站就在门口，离天河城、天河体育中心、广州火车东站、花园酒店只需2分钟车程，距广州火车店、琶洲会展中心也只有8分钟车程。<br />\r\n&nbsp;&nbsp;&nbsp;&nbsp;&nbsp;&nbsp;&nbsp; 酒店一楼是全城公认的东都国际美食街，有法国、日本、土耳其、印尼餐厅、山东老家、广东、湖南、四川、新疆等40多种中外口味，您和家人朋友可以尽享食在广州的美食之旅。<br />\r\n&nbsp;&nbsp;&nbsp;&nbsp;&nbsp;&nbsp;&nbsp; 花样年华，以温馨浪漫的格调、强烈的现代感、时尚前卫的设计风格，深得四海宾朋的喜爱。以&ldquo;宾客至上、服务第一&rdquo;为理念，热情周到的服务，给客人宾至如归的感觉。<br />\r\n&nbsp;&nbsp;&nbsp;&nbsp;&nbsp;&nbsp;&nbsp; 花样年华酒店全体员工期待您的光临!&nbsp;<br />\r\n&nbsp;</p>', '1', '0', 28, '', 0, 0, 0, 0, 0, 0, 0, 0, 0, 0, 0, 0, 0, 5, '6', 'uploadfile/2010/0414/20100414024531234.jpg', '服务', 0, '23.134696987208034,113.30331087112427', 'array (\n  ''tabletitle'' => \n  array (\n    0 => ''房型'',\n    1 => ''门市价(元)'',\n    2 => ''协议价(元)'',\n  ),\n  ''table_1'' => \n  array (\n    0 => '''',\n    1 => '''',\n    2 => '''',\n  ),\n  ''table_2'' => \n  array (\n    0 => '''',\n    1 => '''',\n    2 => '''',\n  ),\n  ''table_3'' => \n  array (\n    0 => '''',\n    1 => '''',\n    2 => '''',\n  ),\n  ''title'' => '''',\n  ''keywords'' => '''',\n  ''description'' => '''',\n  ''defaultpic'' => ''uploadfile/2010/0414/20100414024837165.jpg'',\n  ''pricetable'' => '''',\n)', 999, 1, 'shop/shop.php?id=104', 0, '广交、亚运会等其它节日除外', '1', ''),
(105, 0, 280105, 1703, 0, '云港酒店', '', '白云区机场场路282号', '', '', '020-86128068', '', '', '', '', '', 1271228210, 'default', '', '1', '0', 7, '', 0, 0, 0, 0, 0, 0, 0, 0, 0, 0, 0, 0, 0, 2, '协议价', 'uploadfile/2010/0414/20100414025650766.jpg', '服务', 0, '23.16549529781421,113.25809955596924', 'array (\n  ''tabletitle'' => \n  array (\n    0 => ''房型'',\n    1 => ''门市价(元)'',\n    2 => ''协议价(元)'',\n  ),\n  ''table_1'' => \n  array (\n    0 => ''标准双人房'',\n    1 => ''高级双人房'',\n    2 => ''标准三人房'',\n    3 => ''标准套房'',\n    4 => ''商务套房'',\n    5 => ''豪华套房'',\n    6 => ''贵宾务房'',\n  ),\n  ''table_2'' => \n  array (\n    0 => ''298'',\n    1 => ''398'',\n    2 => ''398'',\n    3 => ''398'',\n    4 => ''568'',\n    5 => ''568'',\n    6 => ''888'',\n  ),\n  ''table_3'' => \n  array (\n    0 => ''200'',\n    1 => ''248'',\n    2 => ''248'',\n    3 => ''270'',\n    4 => ''298'',\n    5 => ''298'',\n    6 => ''488'',\n  ),\n  ''title'' => '''',\n  ''keywords'' => '''',\n  ''description'' => '''',\n  ''defaultpic'' => ''uploadfile/2010/0414/20100414030551876.jpg'',\n  ''pricetable'' => \n  array (\n    0 => \n    array (\n      ''td1'' => ''标准双人房'',\n      ''td2'' => ''298'',\n      ''td3'' => ''200'',\n    ),\n    1 => \n    array (\n      ''td1'' => ''高级双人房'',\n      ''td2'' => ''398'',\n      ''td3'' => ''248'',\n    ),\n    2 => \n    array (\n      ''td1'' => ''标准三人房'',\n      ''td2'' => ''398'',\n      ''td3'' => ''248'',\n    ),\n    3 => \n    array (\n      ''td1'' => ''标准套房'',\n      ''td2'' => ''398'',\n      ''td3'' => ''270'',\n    ),\n    4 => \n    array (\n      ''td1'' => ''商务套房'',\n      ''td2'' => ''568'',\n      ''td3'' => ''298'',\n    ),\n    5 => \n    array (\n      ''td1'' => ''豪华套房'',\n      ''td2'' => ''568'',\n      ''td3'' => ''298'',\n    ),\n    6 => \n    array (\n      ''td1'' => ''贵宾务房'',\n      ''td2'' => ''888'',\n      ''td3'' => ''488'',\n    ),\n  ),\n)', 999, 1, 'shop/shop.php?id=105', 0, '广交、亚运会等其它节日除外', '1', ''),
(106, 0, 280102, 1614, 0, '英姿跆拳道俱乐部', '越秀', '东山达道路西元岗13号（广铁职工健身中心）二楼', 'http://www.yz-tkd.com/', '', '020-84437036', '', '', '', '', '', 1271229532, 'default', '<p>&nbsp;&nbsp; 周子寒，&ldquo;师范&rdquo;&ldquo;英姿跆拳道俱乐部馆长，世界跆拳道联盟黑带五段师范、国家一级裁判。中国空手道一级教练，九四年开始从事跆拳道教育事业，凭着对跆拳道的专注与爱好一教就是十五年，周子寒馆长对学生们的热爱却不减当年，执着的她总是把学生们的训练工作放到第一位，于一九九七年独创了《英姿跆拳道俱乐部》，所率领的跆拳道队伍多年来在国内外及亚洲跆拳道大赛中获得冠军。曾担任广东省运动会及担任第九、十届全国运动会跆拳道裁判并多年来担任中国跆拳道大型比赛裁判及受邀赴香港担任第九、十、十一、十二届世界亚洲城市跆拳道金杯赛裁判。多次被评为&ldquo;优秀裁判&rdquo;和&ldquo;最佳教练&rdquo;。 2006年代表中国赴英国伦敦牛津大学，英方对交流活动给予了高度赞誉，并任命周总教练为名誉教练兼英国牛津国际教育网唯一华人总教练。她的辛勤付出使更多的人认识了&ldquo;英姿&rdquo;，同时给学员们搭建了展示才艺的国际舞台，也是当今成为跆拳道届最早成立跆拳道俱乐部的首位女馆长成为当时广东最有权威最早成立的跆拳道组织佼佼者。 <br />\r\n专业化高水平的教练队伍 <br />\r\n&nbsp;&nbsp;&nbsp; 英姿跆拳道凭借科学、规范的教学内容，严格的教学管理制度，高水平、专业化的教练队伍，十五年积累的教学丰富经验，多年以来周子寒馆长必亲自到现场指导学生，能够针对学员的自身特点，因材施教帮助学达到最佳的训练效果。从而造就了英姿跆拳道在业界的名优品牌形象。&nbsp;</p>\r\n<p>\r\n<table cellspacing="0" cellpadding="0" border="1">\r\n    <tbody>\r\n        <tr>\r\n            <td width="559" colspan="3">\r\n            <div align="center"><b>各馆上课时间</b></div>\r\n            </td>\r\n            <td width="144">\r\n            <div align="center"><b>联系方式</b></div>\r\n            </td>\r\n        </tr>\r\n        <tr>\r\n            <td width="38">\r\n            <div align="left"><b>越</b></div>\r\n            <div align="left"><b>秀</b></div>\r\n            <div align="left"><b>区</b></div>\r\n            </td>\r\n            <td width="257">\r\n            <div align="left">常年班：周五<span>19：30－21：30</span></div>\r\n            <div align="left"><span>&nbsp;&nbsp;&nbsp;&nbsp;&nbsp;&nbsp;&nbsp; </span>周六<span>19：30-21：30</span></div>\r\n            <div align="left">周日<span>10：00－12：00</span></div>\r\n            </td>\r\n            <td width="264">\r\n            <div align="left">东山达道路西元岗<span>13号（广铁职工健身中心）二楼</span></div>\r\n            <div align="left">TEL:84437036 13719338907</div>\r\n            </td>\r\n            <td width="144" rowspan="7">\r\n            <div align="left">网址：<span>www.yz-tkd..com Eail:</span></div>\r\n            <div align="left">yz-tkd@163.com <br />\r\n            <br />\r\n            联系电话：<span>13802753153 13719338907 </span></div>\r\n            </td>\r\n        </tr>\r\n        <tr>\r\n            <td width="38" rowspan="2">\r\n            <div align="left"><b>海</b></div>\r\n            <div align="left"><b>珠</b></div>\r\n            <div align="left"><b>区</b></div>\r\n            </td>\r\n            <td width="257">\r\n            <div align="left">常年班：周二、<span>19：15-21：15</span></div>\r\n            <div align="left">周六、日<span>16：00-18：00</span></div>\r\n            </td>\r\n            <td width="264">\r\n            <div align="left">宝岗大道中宏宇广场<span>A座203号、B座205号503室</span></div>\r\n            <div align="left">TEL:020-84437036<span>&nbsp;&nbsp;&nbsp; 13802753153</span></div>\r\n            </td>\r\n        </tr>\r\n        <tr>\r\n            <td width="257">\r\n            <div align="left">常年班：周五、<span>17：30-19：00</span></div>\r\n            <div align="left">19：<span>30-21：00</span></div>\r\n            <div align="left">周六、日<span>16：30-18：00</span></div>\r\n            </td>\r\n            <td width="264">\r\n            <div align="left">珠江帝景赤岗文化站二楼赤岗青少年活动中心（珠江帝景苑涛轩<span>AB座2楼办公室）</span></div>\r\n            <div align="left">TEL：<span>88133244 13802753153</span></div>\r\n            </td>\r\n        </tr>\r\n        <tr>\r\n            <td width="38">\r\n            <div align="left"><b>番</b></div>\r\n            <div align="left"><b>禺</b></div>\r\n            <div align="left"><b>区</b></div>\r\n            </td>\r\n            <td width="257">\r\n            <div align="left">常年班：周三<span>19：30－21：00</span></div>\r\n            <div align="left">周六<span>19：30－21：00</span></div>\r\n            </td>\r\n            <td width="264">\r\n            <div align="left">番禺丽江花园会所（九如通津羽毛球馆）</div>\r\n            <div align="left">TEL:020-34708201<span>&nbsp;&nbsp;&nbsp; 13802753153</span></div>\r\n            </td>\r\n        </tr>\r\n        <tr>\r\n            <td width="38">\r\n            <div align="left"><b>天</b></div>\r\n            <div align="left"><b>河</b></div>\r\n            <div align="left"><b>区</b></div>\r\n            </td>\r\n            <td width="257">\r\n            <div align="left">常年班：周三<span>17：00－18：30</span></div>\r\n            <div align="left">周日<span>16：00－17：30</span></div>\r\n            </td>\r\n            <td width="264">\r\n            <div align="left">天河华康街12号首层红棉艺术培训中心</div>\r\n            <div align="left">TEL:38865700/84437036</div>\r\n            </td>\r\n        </tr>\r\n        <tr>\r\n            <td width="38" rowspan="2">\r\n            <div align="left"><b>荔</b></div>\r\n            <div align="left"><b>湾</b></div>\r\n            <div align="left"><b>区</b></div>\r\n            </td>\r\n            <td width="257">\r\n            <div align="left">常年班：周三、五19：00－20：30</div>\r\n            <div align="left">周六、日16：30－18：00</div>\r\n            </td>\r\n            <td width="264">\r\n            <div align="left">广州珠江帝景赤岗街文化站二楼赤岗青少年活动中心（珠江帝景苑悦涛轩AB座2楼办公室）</div>\r\n            <div align="left">Tel:88133244/84437036</div>\r\n            </td>\r\n        </tr>\r\n        <tr>\r\n            <td width="257">\r\n            <div align="left">常年班：周六10：30－12：00</div>\r\n            </td>\r\n            <td width="264">\r\n            <div align="left">新世界萧邦艺术中心 中山八路富力广场<span>S7首层</span></div>\r\n            <div align="left">TEL:83618962/83618952</div>\r\n            </td>\r\n        </tr>\r\n    </tbody>\r\n</table>\r\n<br />\r\n&nbsp;</p>', '1', '1', 14, '', 0, 0, 0, 0, 0, 0, 0, 0, 0, 0, 0, 0, 0, 2, '9.5', 'uploadfile/2010/0414/20100414044647979.jpg', '健身', 0, '23.12390801321314,113.30333769321441', 'array (\n  ''title'' => '''',\n  ''keywords'' => '''',\n  ''description'' => '''',\n  ''defaultpic'' => ''uploadfile/2010/0414/20100414045221118.jpg'',\n)', 999, 1, 'shop/shop.php?id=106', 0, '0', '0', '');
INSERT INTO `dc_shop` (`id`, `userid`, `areacode`, `catcode`, `ownerid`, `shopname`, `subname`, `address`, `website`, `videourl`, `tel1`, `tel2`, `mobile`, `bus`, `park`, `storehours`, `inputtime`, `template`, `content`, `status`, `elite`, `hits`, `shopdomain`, `avgsort`, `sort1`, `sort2`, `sort3`, `sort4`, `sort5`, `sort6`, `sort7`, `sort8`, `avgprice`, `enjoy`, `reviews`, `gbook`, `pics`, `discount`, `thumb`, `main`, `adminid`, `map`, `setting`, `listorder`, `posids`, `url`, `aid`, `discountchuwai`, `isimg`, `description`) VALUES
(107, 0, 280101, 1614, 0, '英姿跆拳道俱乐部', '荔湾', '荔湾区新世界萧邦艺术中心 中山八路富力广场S7首层', 'http://www.yz-tkd.com/', '', '020-84437036', '', '', '', '', '', 1271229858, 'default', '<p>&nbsp;&nbsp; 周子寒，&ldquo;师范&rdquo;&ldquo;英姿跆拳道俱乐部馆长，世界跆拳道联盟黑带五段师范、国家一级裁判。中国空手道一级教练，九四年开始从事跆拳道教育事业，凭着对跆拳道的专注与爱好一教就是十五年，周子寒馆长对学生们的热爱却不减当年，执着的她总是把学生们的训练工作放到第一位，于一九九七年独创了《英姿跆拳道俱乐部》，所率领的跆拳道队伍多年来在国内外及亚洲跆拳道大赛中获得冠军。曾担任广东省运动会及担任第九、十届全国运动会跆拳道裁判并多年来担任中国跆拳道大型比赛裁判及受邀赴香港担任第九、十、十一、十二届世界亚洲城市跆拳道金杯赛裁判。多次被评为&ldquo;优秀裁判&rdquo;和&ldquo;最佳教练&rdquo;。 2006年代表中国赴英国伦敦牛津大学，英方对交流活动给予了高度赞誉，并任命周总教练为名誉教练兼英国牛津国际教育网唯一华人总教练。她的辛勤付出使更多的人认识了&ldquo;英姿&rdquo;，同时给学员们搭建了展示才艺的国际舞台，也是当今成为跆拳道届最早成立跆拳道俱乐部的首位女馆长成为当时广东最有权威最早成立的跆拳道组织佼佼者。 <br />\r\n专业化高水平的教练队伍 <br />\r\n&nbsp;&nbsp;&nbsp; 英姿跆拳道凭借科学、规范的教学内容，严格的教学管理制度，高水平、专业化的教练队伍，十五年积累的教学丰富经验，多年以来周子寒馆长必亲自到现场指导学生，能够针对学员的自身特点，因材施教帮助学达到最佳的训练效果。从而造就了英姿跆拳道在业界的名优品牌形象。&nbsp;</p>\r\n<p>\r\n<table cellspacing="0" cellpadding="0" border="1">\r\n    <tbody>\r\n        <tr>\r\n            <td width="559" colspan="3">\r\n            <div align="center"><b>各馆上课时间</b></div>\r\n            </td>\r\n            <td width="144">\r\n            <div align="center"><b>联系方式</b></div>\r\n            </td>\r\n        </tr>\r\n        <tr>\r\n            <td width="38">\r\n            <div align="left"><b>越</b></div>\r\n            <div align="left"><b>秀</b></div>\r\n            <div align="left"><b>区</b></div>\r\n            </td>\r\n            <td width="257">\r\n            <div align="left">常年班：周五<span>19：30－21：30</span></div>\r\n            <div align="left"><span>&nbsp;&nbsp;&nbsp;&nbsp;&nbsp;&nbsp;&nbsp; </span>周六<span>19：30-21：30</span></div>\r\n            <div align="left">周日<span>10：00－12：00</span></div>\r\n            </td>\r\n            <td width="264">\r\n            <div align="left">东山达道路西元岗<span>13号（广铁职工健身中心）二楼</span></div>\r\n            <div align="left">TEL:84437036 13719338907</div>\r\n            </td>\r\n            <td width="144" rowspan="7">\r\n            <div align="left">网址：<span>www.yz-tkd..com Eail:</span></div>\r\n            <div align="left">yz-tkd@163.com <br />\r\n            <br />\r\n            联系电话：<span>13802753153 13719338907 </span></div>\r\n            </td>\r\n        </tr>\r\n        <tr>\r\n            <td width="38" rowspan="2">\r\n            <div align="left"><b>海</b></div>\r\n            <div align="left"><b>珠</b></div>\r\n            <div align="left"><b>区</b></div>\r\n            </td>\r\n            <td width="257">\r\n            <div align="left">常年班：周二、<span>19：15-21：15</span></div>\r\n            <div align="left">周六、日<span>16：00-18：00</span></div>\r\n            </td>\r\n            <td width="264">\r\n            <div align="left">宝岗大道中宏宇广场<span>A座203号、B座205号503室</span></div>\r\n            <div align="left">TEL:020-84437036<span>&nbsp;&nbsp;&nbsp; 13802753153</span></div>\r\n            </td>\r\n        </tr>\r\n        <tr>\r\n            <td width="257">\r\n            <div align="left">常年班：周五、<span>17：30-19：00</span></div>\r\n            <div align="left">19：<span>30-21：00</span></div>\r\n            <div align="left">周六、日<span>16：30-18：00</span></div>\r\n            </td>\r\n            <td width="264">\r\n            <div align="left">珠江帝景赤岗文化站二楼赤岗青少年活动中心（珠江帝景苑涛轩<span>AB座2楼办公室）</span></div>\r\n            <div align="left">TEL：<span>88133244 13802753153</span></div>\r\n            </td>\r\n        </tr>\r\n        <tr>\r\n            <td width="38">\r\n            <div align="left"><b>番</b></div>\r\n            <div align="left"><b>禺</b></div>\r\n            <div align="left"><b>区</b></div>\r\n            </td>\r\n            <td width="257">\r\n            <div align="left">常年班：周三<span>19：30－21：00</span></div>\r\n            <div align="left">周六<span>19：30－21：00</span></div>\r\n            </td>\r\n            <td width="264">\r\n            <div align="left">番禺丽江花园会所（九如通津羽毛球馆）</div>\r\n            <div align="left">TEL:020-34708201<span>&nbsp;&nbsp;&nbsp; 13802753153</span></div>\r\n            </td>\r\n        </tr>\r\n        <tr>\r\n            <td width="38">\r\n            <div align="left"><b>天</b></div>\r\n            <div align="left"><b>河</b></div>\r\n            <div align="left"><b>区</b></div>\r\n            </td>\r\n            <td width="257">\r\n            <div align="left">常年班：周三<span>17：00－18：30</span></div>\r\n            <div align="left">周日<span>16：00－17：30</span></div>\r\n            </td>\r\n            <td width="264">\r\n            <div align="left">天河华康街12号首层红棉艺术培训中心</div>\r\n            <div align="left">TEL:38865700/84437036</div>\r\n            </td>\r\n        </tr>\r\n        <tr>\r\n            <td width="38" rowspan="2">\r\n            <div align="left"><b>荔</b></div>\r\n            <div align="left"><b>湾</b></div>\r\n            <div align="left"><b>区</b></div>\r\n            </td>\r\n            <td width="257">\r\n            <div align="left">常年班：周三、五19：00－20：30</div>\r\n            <div align="left">周六、日16：30－18：00</div>\r\n            </td>\r\n            <td width="264">\r\n            <div align="left">广州珠江帝景赤岗街文化站二楼赤岗青少年活动中心（珠江帝景苑悦涛轩AB座2楼办公室）</div>\r\n            <div align="left">Tel:88133244/84437036</div>\r\n            </td>\r\n        </tr>\r\n        <tr>\r\n            <td width="257">\r\n            <div align="left">常年班：周六10：30－12：00</div>\r\n            </td>\r\n            <td width="264">\r\n            <div align="left">新世界萧邦艺术中心 中山八路富力广场<span>S7首层</span></div>\r\n            <div align="left">TEL:83618962/83618952</div>\r\n            </td>\r\n        </tr>\r\n    </tbody>\r\n</table>\r\n<br />\r\n&nbsp;</p>', '1', '0', 18, '', 0, 0, 0, 0, 0, 0, 0, 0, 0, 0, 0, 0, 0, 2, '9.5', 'uploadfile/2010/0414/20100414044341537.jpg', '健身', 0, '23.12417935149943,113.23822975158691', 'array (\n  ''title'' => '''',\n  ''keywords'' => '''',\n  ''description'' => '''',\n  ''defaultpic'' => ''uploadfile/2010/0414/20100414045133940.jpg'',\n)', 999, 1, 'shop/shop.php?id=107', 0, '0', '1', ''),
(108, 0, 280103, 1614, 0, '英姿跆拳道俱乐部', '海珠', '宝岗大道中宏宇广场A座203号、B座205号503室', 'http://www.yz-tkd.com/', '', '020-84437036', '', '', '', '', '', 1271229984, 'default', '<p>&nbsp;&nbsp; 周子寒，&ldquo;师范&rdquo;&ldquo;英姿跆拳道俱乐部馆长，世界跆拳道联盟黑带五段师范、国家一级裁判。中国空手道一级教练，九四年开始从事跆拳道教育事业，凭着对跆拳道的专注与爱好一教就是十五年，周子寒馆长对学生们的热爱却不减当年，执着的她总是把学生们的训练工作放到第一位，于一九九七年独创了《英姿跆拳道俱乐部》，所率领的跆拳道队伍多年来在国内外及亚洲跆拳道大赛中获得冠军。曾担任广东省运动会及担任第九、十届全国运动会跆拳道裁判并多年来担任中国跆拳道大型比赛裁判及受邀赴香港担任第九、十、十一、十二届世界亚洲城市跆拳道金杯赛裁判。多次被评为&ldquo;优秀裁判&rdquo;和&ldquo;最佳教练&rdquo;。 2006年代表中国赴英国伦敦牛津大学，英方对交流活动给予了高度赞誉，并任命周总教练为名誉教练兼英国牛津国际教育网唯一华人总教练。她的辛勤付出使更多的人认识了&ldquo;英姿&rdquo;，同时给学员们搭建了展示才艺的国际舞台，也是当今成为跆拳道届最早成立跆拳道俱乐部的首位女馆长成为当时广东最有权威最早成立的跆拳道组织佼佼者。 <br />\r\n专业化高水平的教练队伍 <br />\r\n&nbsp;&nbsp;&nbsp; 英姿跆拳道凭借科学、规范的教学内容，严格的教学管理制度，高水平、专业化的教练队伍，十五年积累的教学丰富经验，多年以来周子寒馆长必亲自到现场指导学生，能够针对学员的自身特点，因材施教帮助学达到最佳的训练效果。从而造就了英姿跆拳道在业界的名优品牌形象。&nbsp;</p>\r\n<p>\r\n<table cellspacing="0" cellpadding="0" border="1">\r\n    <tbody>\r\n        <tr>\r\n            <td width="559" colspan="3">\r\n            <div align="center"><b>各馆上课时间</b></div>\r\n            </td>\r\n            <td width="144">\r\n            <div align="center"><b>联系方式</b></div>\r\n            </td>\r\n        </tr>\r\n        <tr>\r\n            <td width="38">\r\n            <div align="left"><b>越</b></div>\r\n            <div align="left"><b>秀</b></div>\r\n            <div align="left"><b>区</b></div>\r\n            </td>\r\n            <td width="257">\r\n            <div align="left">常年班：周五<span>19：30－21：30</span></div>\r\n            <div align="left"><span>&nbsp;&nbsp;&nbsp;&nbsp;&nbsp;&nbsp;&nbsp; </span>周六<span>19：30-21：30</span></div>\r\n            <div align="left">周日<span>10：00－12：00</span></div>\r\n            </td>\r\n            <td width="264">\r\n            <div align="left">东山达道路西元岗<span>13号（广铁职工健身中心）二楼</span></div>\r\n            <div align="left">TEL:84437036 13719338907</div>\r\n            </td>\r\n            <td width="144" rowspan="7">\r\n            <div align="left">网址：<span>www.yz-tkd..com Eail:</span></div>\r\n            <div align="left">yz-tkd@163.com <br />\r\n            <br />\r\n            联系电话：<span>13802753153 13719338907 </span></div>\r\n            </td>\r\n        </tr>\r\n        <tr>\r\n            <td width="38" rowspan="2">\r\n            <div align="left"><b>海</b></div>\r\n            <div align="left"><b>珠</b></div>\r\n            <div align="left"><b>区</b></div>\r\n            </td>\r\n            <td width="257">\r\n            <div align="left">常年班：周二、<span>19：15-21：15</span></div>\r\n            <div align="left">周六、日<span>16：00-18：00</span></div>\r\n            </td>\r\n            <td width="264">\r\n            <div align="left">宝岗大道中宏宇广场<span>A座203号、B座205号503室</span></div>\r\n            <div align="left">TEL:020-84437036<span>&nbsp;&nbsp;&nbsp; 13802753153</span></div>\r\n            </td>\r\n        </tr>\r\n        <tr>\r\n            <td width="257">\r\n            <div align="left">常年班：周五、<span>17：30-19：00</span></div>\r\n            <div align="left">19：<span>30-21：00</span></div>\r\n            <div align="left">周六、日<span>16：30-18：00</span></div>\r\n            </td>\r\n            <td width="264">\r\n            <div align="left">珠江帝景赤岗文化站二楼赤岗青少年活动中心（珠江帝景苑涛轩<span>AB座2楼办公室）</span></div>\r\n            <div align="left">TEL：<span>88133244 13802753153</span></div>\r\n            </td>\r\n        </tr>\r\n        <tr>\r\n            <td width="38">\r\n            <div align="left"><b>番</b></div>\r\n            <div align="left"><b>禺</b></div>\r\n            <div align="left"><b>区</b></div>\r\n            </td>\r\n            <td width="257">\r\n            <div align="left">常年班：周三<span>19：30－21：00</span></div>\r\n            <div align="left">周六<span>19：30－21：00</span></div>\r\n            </td>\r\n            <td width="264">\r\n            <div align="left">番禺丽江花园会所（九如通津羽毛球馆）</div>\r\n            <div align="left">TEL:020-34708201<span>&nbsp;&nbsp;&nbsp; 13802753153</span></div>\r\n            </td>\r\n        </tr>\r\n        <tr>\r\n            <td width="38">\r\n            <div align="left"><b>天</b></div>\r\n            <div align="left"><b>河</b></div>\r\n            <div align="left"><b>区</b></div>\r\n            </td>\r\n            <td width="257">\r\n            <div align="left">常年班：周三<span>17：00－18：30</span></div>\r\n            <div align="left">周日<span>16：00－17：30</span></div>\r\n            </td>\r\n            <td width="264">\r\n            <div align="left">天河华康街12号首层红棉艺术培训中心</div>\r\n            <div align="left">TEL:38865700/84437036</div>\r\n            </td>\r\n        </tr>\r\n        <tr>\r\n            <td width="38" rowspan="2">\r\n            <div align="left"><b>荔</b></div>\r\n            <div align="left"><b>湾</b></div>\r\n            <div align="left"><b>区</b></div>\r\n            </td>\r\n            <td width="257">\r\n            <div align="left">常年班：周三、五19：00－20：30</div>\r\n            <div align="left">周六、日16：30－18：00</div>\r\n            </td>\r\n            <td width="264">\r\n            <div align="left">广州珠江帝景赤岗街文化站二楼赤岗青少年活动中心（珠江帝景苑悦涛轩AB座2楼办公室）</div>\r\n            <div align="left">Tel:88133244/84437036</div>\r\n            </td>\r\n        </tr>\r\n        <tr>\r\n            <td width="257">\r\n            <div align="left">常年班：周六10：30－12：00</div>\r\n            </td>\r\n            <td width="264">\r\n            <div align="left">新世界萧邦艺术中心 中山八路富力广场<span>S7首层</span></div>\r\n            <div align="left">TEL:83618962/83618952</div>\r\n            </td>\r\n        </tr>\r\n    </tbody>\r\n</table>\r\n<br />\r\n&nbsp;</p>', '1', '0', 31, '', 0, 0, 0, 0, 0, 0, 0, 0, 0, 0, 0, 0, 0, 2, '9.5', 'uploadfile/2010/0414/20100414044324418.jpg', '健身', 0, '23.100536328315208,113.26316356658935', 'array (\n  ''title'' => '''',\n  ''keywords'' => '''',\n  ''description'' => '''',\n  ''defaultpic'' => ''uploadfile/2010/0414/20100414045006928.jpg'',\n)', 999, 1, 'shop/shop.php?id=108', 0, '0', '1', ''),
(109, 0, 280104, 1702, 0, '地中海国际酒店', '', '天河区天河路518号', '', '', '020-38788888', '', '', '', '', '', 1271230687, 'default', '<ul>\r\n    <p>广州地中海国际酒店有设计独特、装修豪华的客房及套房，每间都是色彩宜人、风格各异、舒适典雅、设施齐全的私人住所，以满足不同宾客的需求。客房内浴室的设备也非常新颖，包括设有豪华浴缸及强力花洒，宽敞的空间及存有丰富的迷你酒吧，提供负离子吹风机、保险箱、浴袍、宽频上及卫星电视，大部分房间配有42寸等离子大电视。酒店的俱乐部，内部装修豪华，配有现代最尖端的音响及视听设备，所设的八十间KTV豪华包房别具风格。演艺厅内每晚多姿多彩的演出节目，更令人夜夜笙歌流连忘返。<br />\r\n    广州地中海国际酒店拥有能容纳30席的喜庆酒席及800人以上的西式大型宴会厅，大礼堂无柱式设计及璀璨悦目灯饰，气派宏伟，适合不同种类的活动。酒店宴会部人员经专业训练，悉心策划及安排会议或中西式宴会。酒店的中、西、日式餐厅，均设有豪华贵宾房，为不同需要的客人提供享尽世界各地美食佳肴，及热情周到的服务地方。其中食府典雅装潢，佳肴飘香，由屡获奖项的香港名厨主理，巧手粤菜，名贵佳肴，供应誉满世界的粤式美馔，水平卓越的精美点心及时令新鲜自选菜谱；灵活多变的间隔，提供约多个独立的宴会空间。地中海餐厅矢志成为广州市最出色的酒店西餐厅，丰富自助早、午、晚餐，即席炮制色香味俱全的地中海及世界美食，惹人垂涎；甜品桌上各式蛋糕，更令人无从抗拒。供应的国际美食价格合理，菜式种类特多，包括中西特色佳肴。此外，更设有24小时管家服务，无论是商务或休闲度假，都能在豪华高雅的地中海国际酒店，享受到顶级的贴身服务。</p>\r\n</ul>\r\n<p>&nbsp;</p>', '1', '0', 35, '', 0, 0, 0, 0, 0, 0, 0, 0, 0, 0, 0, 0, 0, 7, '协议价', 'uploadfile/2010/0414/20100414041158367.jpg', '服务', 0, '23.13240804101818,113.33702087402344', 'array (\n  ''tabletitle'' => \n  array (\n    0 => ''房型'',\n    1 => ''门市价(元)'',\n    2 => ''协议价(元)'',\n  ),\n  ''table_1'' => \n  array (\n    0 => ''总统套房'',\n    1 => ''大使房'',\n    2 => ''至尊行政房'',\n    3 => ''至尊行政房'',\n    4 => ''豪华套房'',\n    5 => ''豪华客房'',\n    6 => ''高级客房'',\n    7 => ''特价B房'',\n    8 => ''特价C房'',\n  ),\n  ''table_2'' => \n  array (\n    0 => ''25000'',\n    1 => ''10800'',\n    2 => ''3800'',\n    3 => ''2580'',\n    4 => ''1980'',\n    5 => ''1580'',\n    6 => ''1280'',\n    7 => ''1180'',\n    8 => ''980'',\n  ),\n  ''table_3'' => \n  array (\n    0 => ''12500'',\n    1 => ''3880'',\n    2 => ''1680'',\n    3 => ''880'',\n    4 => ''780'',\n    5 => ''680'',\n    6 => ''580'',\n    7 => ''450'',\n    8 => ''400'',\n  ),\n  ''title'' => '''',\n  ''keywords'' => '''',\n  ''description'' => '''',\n  ''defaultpic'' => ''uploadfile/2010/0417/20100417110400629.jpg'',\n  ''pricetable'' => \n  array (\n    0 => \n    array (\n      ''td1'' => ''总统套房'',\n      ''td2'' => ''25000'',\n      ''td3'' => ''12500'',\n    ),\n    1 => \n    array (\n      ''td1'' => ''大使房'',\n      ''td2'' => ''10800'',\n      ''td3'' => ''3880'',\n    ),\n    2 => \n    array (\n      ''td1'' => ''至尊行政房'',\n      ''td2'' => ''3800'',\n      ''td3'' => ''1680'',\n    ),\n    3 => \n    array (\n      ''td1'' => ''至尊行政房'',\n      ''td2'' => ''2580'',\n      ''td3'' => ''880'',\n    ),\n    4 => \n    array (\n      ''td1'' => ''豪华套房'',\n      ''td2'' => ''1980'',\n      ''td3'' => ''780'',\n    ),\n    5 => \n    array (\n      ''td1'' => ''豪华客房'',\n      ''td2'' => ''1580'',\n      ''td3'' => ''680'',\n    ),\n    6 => \n    array (\n      ''td1'' => ''高级客房'',\n      ''td2'' => ''1280'',\n      ''td3'' => ''580'',\n    ),\n    7 => \n    array (\n      ''td1'' => ''特价B房'',\n      ''td2'' => ''1180'',\n      ''td3'' => ''450'',\n    ),\n    8 => \n    array (\n      ''td1'' => ''特价C房'',\n      ''td2'' => ''980'',\n      ''td3'' => ''400'',\n    ),\n  ),\n)', 999, 1, 'shop/shop.php?id=109', 0, '广交、亚运会等其它节日除外', '1', ''),
(110, 0, 280105, 1702, 0, '如家快捷酒店', '白云路店', '广州市越秀区东华南路19号（广湾十八商务港主楼，江湾桥脚公交车站旁)', '', '', '400-820-3333', '', '', '', '', '', 1271236070, 'default', '<p>&nbsp;&nbsp; 如家酒店集团旗下拥有如家快捷酒店、和颐酒店两大品牌，现已在全国30多个省和直辖市覆盖100多座主要城市，拥有连锁酒店500多家，形成了遥遥领先业内的最大的连锁酒店网络体系。 经济型连锁酒店品牌---如家快捷酒店，提供标准化、干净、温馨、舒适、贴心的酒店住宿产品，为海内外八方来客提供安心、便捷的旅行住宿服务，传递着适度生活的简约生活理念。 中高端商务酒店品牌---和颐酒店，为境内外中高级商务及休闲旅游人士提供高科技智能化的酒店住宿产品和独具特色的&ldquo;HOWEVER贴心服务&rdquo;，让您在人性化的舒适体验中畅享旅途的自然自在。 如家成立至今，更以敏锐的市场洞察力、完善的人力资源体系、有力的管理执行力和强大的资金优势迅速建立起了品牌、系统、技术、客源等多个核心竞争力。作为行业标杆企业，如家正用实际行动引领着中国大众住宿业酒店市场走向成熟和完善。</p>', '1', '1', 12, '', 0, 0, 0, 0, 0, 0, 0, 0, 0, 0, 0, 0, 0, 1, '协议价', 'uploadfile/2010/0414/20100414050750995.jpg', '服务', 0, '23.116364589204355,113.28191757202148', 'array (\n  ''tabletitle'' => \n  array (\n    0 => ''房型'',\n    1 => ''门市价(元)'',\n    2 => ''协议价(元)'',\n  ),\n  ''table_1'' => \n  array (\n    0 => ''标准大床房 '',\n    1 => ''标准双床房 '',\n    2 => ''商务大床房 '',\n    3 => ''数码标准双人房 '',\n    4 => ''数码商务双人房 '',\n  ),\n  ''table_2'' => \n  array (\n    0 => ''219'',\n    1 => ''239'',\n    2 => ''239'',\n    3 => ''259'',\n    4 => ''259'',\n  ),\n  ''table_3'' => \n  array (\n    0 => ''175'',\n    1 => ''191'',\n    2 => ''191'',\n    3 => ''207'',\n    4 => ''207'',\n  ),\n  ''title'' => '''',\n  ''keywords'' => '''',\n  ''description'' => '''',\n  ''defaultpic'' => ''uploadfile/2010/0414/20100414050750698.jpg'',\n  ''pricetable'' => \n  array (\n    0 => \n    array (\n      ''td1'' => ''标准大床房 '',\n      ''td2'' => ''219'',\n      ''td3'' => ''175'',\n    ),\n    1 => \n    array (\n      ''td1'' => ''标准双床房 '',\n      ''td2'' => ''239'',\n      ''td3'' => ''191'',\n    ),\n    2 => \n    array (\n      ''td1'' => ''商务大床房 '',\n      ''td2'' => ''239'',\n      ''td3'' => ''191'',\n    ),\n    3 => \n    array (\n      ''td1'' => ''数码标准双人房 '',\n      ''td2'' => ''259'',\n      ''td3'' => ''207'',\n    ),\n    4 => \n    array (\n      ''td1'' => ''数码商务双人房 '',\n      ''td2'' => ''259'',\n      ''td3'' => ''207'',\n    ),\n  ),\n)', 999, 1, 'shop/shop.php?id=110', 430, '广交、亚运会等其它节日除外', '0', ''),
(111, 0, 280103, 1702, 0, '如家快捷酒店', '滨江东路', '广东省广州市海珠区江怡路240号(近黄金海岸水上乐园) ', '', '', '400-820-3333', '', '', '', '', '', 1271236617, 'default', '<p>&nbsp;&nbsp; 如家酒店集团旗下拥有如家快捷酒店、和颐酒店两大品牌，现已在全国30多个省和直辖市覆盖100多座主要城市，拥有连锁酒店500多家，形成了遥遥领先业内的最大的连锁酒店网络体系。 经济型连锁酒店品牌---如家快捷酒店，提供标准化、干净、温馨、舒适、贴心的酒店住宿产品，为海内外八方来客提供安心、便捷的旅行住宿服务，传递着适度生活的简约生活理念。 中高端商务酒店品牌---和颐酒店，为境内外中高级商务及休闲旅游人士提供高科技智能化的酒店住宿产品和独具特色的&ldquo;HOWEVER贴心服务&rdquo;，让您在人性化的舒适体验中畅享旅途的自然自在。 如家成立至今，更以敏锐的市场洞察力、完善的人力资源体系、有力的管理执行力和强大的资金优势迅速建立起了品牌、系统、技术、客源等多个核心竞争力。作为行业标杆企业，如家正用实际行动引领着中国大众住宿业酒店市场走向成熟和完善。</p>', '1', '0', 6, '', 0, 0, 0, 0, 0, 0, 0, 0, 0, 0, 0, 0, 0, 1, '协议价', 'uploadfile/2010/0414/20100414051657253.jpg', '服务', 0, '23.100299482314895,113.29440593719482', 'array (\n  ''tabletitle'' => \n  array (\n    0 => ''房型'',\n    1 => ''门市价(元)'',\n    2 => ''协议价(元)'',\n  ),\n  ''table_1'' => \n  array (\n    0 => ''标准大床房 '',\n    1 => ''标准双床房 '',\n    2 => ''商务大床房 '',\n    3 => ''数码标准双人房 '',\n    4 => ''数码商务双人房 '',\n  ),\n  ''table_2'' => \n  array (\n    0 => ''219 '',\n    1 => ''239'',\n    2 => ''239'',\n    3 => ''259'',\n    4 => ''259'',\n  ),\n  ''table_3'' => \n  array (\n    0 => ''175'',\n    1 => ''191'',\n    2 => ''191'',\n    3 => ''207'',\n    4 => ''207'',\n  ),\n  ''title'' => '''',\n  ''keywords'' => '''',\n  ''description'' => '''',\n  ''defaultpic'' => ''uploadfile/2010/0414/20100414051657230.jpg'',\n  ''pricetable'' => \n  array (\n    0 => \n    array (\n      ''td1'' => ''标准大床房 '',\n      ''td2'' => ''219 '',\n      ''td3'' => ''175'',\n    ),\n    1 => \n    array (\n      ''td1'' => ''标准双床房 '',\n      ''td2'' => ''239'',\n      ''td3'' => ''191'',\n    ),\n    2 => \n    array (\n      ''td1'' => ''商务大床房 '',\n      ''td2'' => ''239'',\n      ''td3'' => ''191'',\n    ),\n    3 => \n    array (\n      ''td1'' => ''数码标准双人房 '',\n      ''td2'' => ''259'',\n      ''td3'' => ''207'',\n    ),\n    4 => \n    array (\n      ''td1'' => ''数码商务双人房 '',\n      ''td2'' => ''259'',\n      ''td3'' => ''207'',\n    ),\n  ),\n)', 999, 1, 'shop/shop.php?id=111', 432, '广交、亚运会等其它节日除外', '1', ''),
(112, 0, 280104, 1702, 0, '如家快捷酒店', '珠江新城', '广州市天河区珠江新城海安路11号 ', '', '', '400-820-3333', '', '', '', '', '', 1271237013, 'default', '<p>&nbsp;&nbsp; 如家酒店集团旗下拥有如家快捷酒店、和颐酒店两大品牌，现已在全国30多个省和直辖市覆盖100多座主要城市，拥有连锁酒店500多家，形成了遥遥领先业内的最大的连锁酒店网络体系。 经济型连锁酒店品牌---如家快捷酒店，提供标准化、干净、温馨、舒适、贴心的酒店住宿产品，为海内外八方来客提供安心、便捷的旅行住宿服务，传递着适度生活的简约生活理念。 中高端商务酒店品牌---和颐酒店，为境内外中高级商务及休闲旅游人士提供高科技智能化的酒店住宿产品和独具特色的&ldquo;HOWEVER贴心服务&rdquo;，让您在人性化的舒适体验中畅享旅途的自然自在。 如家成立至今，更以敏锐的市场洞察力、完善的人力资源体系、有力的管理执行力和强大的资金优势迅速建立起了品牌、系统、技术、客源等多个核心竞争力。作为行业标杆企业，如家正用实际行动引领着中国大众住宿业酒店市场走向成熟和完善。</p>', '1', '0', 13, '', 0, 0, 0, 0, 0, 0, 0, 0, 0, 0, 0, 0, 0, 1, '协议价', 'uploadfile/2010/0414/20100414052333919.jpg', '服务', 0, '23.102628449847053,113.2921314239502', 'array (\n  ''tabletitle'' => \n  array (\n    0 => ''房型'',\n    1 => ''门市价(元)'',\n    2 => ''协议价(元)'',\n  ),\n  ''table_1'' => \n  array (\n    0 => ''标准大床房 '',\n    1 => ''标准双床房 '',\n    2 => ''商务大床房 '',\n    3 => ''数码标准双人房 '',\n    4 => ''数码商务双人房 '',\n  ),\n  ''table_2'' => \n  array (\n    0 => ''219 '',\n    1 => ''239'',\n    2 => ''239'',\n    3 => ''259'',\n    4 => ''259'',\n  ),\n  ''table_3'' => \n  array (\n    0 => ''175'',\n    1 => ''191'',\n    2 => ''191'',\n    3 => ''207'',\n    4 => ''207'',\n  ),\n  ''title'' => '''',\n  ''keywords'' => '''',\n  ''description'' => '''',\n  ''defaultpic'' => ''uploadfile/2010/0414/20100414052333646.jpg'',\n  ''pricetable'' => \n  array (\n    0 => \n    array (\n      ''td1'' => ''标准大床房 '',\n      ''td2'' => ''219 '',\n      ''td3'' => ''175'',\n    ),\n    1 => \n    array (\n      ''td1'' => ''标准双床房 '',\n      ''td2'' => ''239'',\n      ''td3'' => ''191'',\n    ),\n    2 => \n    array (\n      ''td1'' => ''商务大床房 '',\n      ''td2'' => ''239'',\n      ''td3'' => ''191'',\n    ),\n    3 => \n    array (\n      ''td1'' => ''数码标准双人房 '',\n      ''td2'' => ''259'',\n      ''td3'' => ''207'',\n    ),\n    4 => \n    array (\n      ''td1'' => ''数码商务双人房 '',\n      ''td2'' => ''259'',\n      ''td3'' => ''207'',\n    ),\n  ),\n)', 999, 1, 'shop/shop.php?id=112', 434, '广交、亚运会等其它节日除外', '1', ''),
(113, 0, 280104, 1702, 0, '如家快捷酒店', '天河岗', '广东省广州市天河区龙口东路30号（蓄能大厦旁） ', '', '', '400-820-3333', '', '', '', '', '', 1271237385, 'default', '<p>&nbsp;&nbsp; 如家酒店集团旗下拥有如家快捷酒店、和颐酒店两大品牌，现已在全国30多个省和直辖市覆盖100多座主要城市，拥有连锁酒店500多家，形成了遥遥领先业内的最大的连锁酒店网络体系。 经济型连锁酒店品牌---如家快捷酒店，提供标准化、干净、温馨、舒适、贴心的酒店住宿产品，为海内外八方来客提供安心、便捷的旅行住宿服务，传递着适度生活的简约生活理念。 中高端商务酒店品牌---和颐酒店，为境内外中高级商务及休闲旅游人士提供高科技智能化的酒店住宿产品和独具特色的&ldquo;HOWEVER贴心服务&rdquo;，让您在人性化的舒适体验中畅享旅途的自然自在。 如家成立至今，更以敏锐的市场洞察力、完善的人力资源体系、有力的管理执行力和强大的资金优势迅速建立起了品牌、系统、技术、客源等多个核心竞争力。作为行业标杆企业，如家正用实际行动引领着中国大众住宿业酒店市场走向成熟和完善。</p>', '1', '0', 64, '', 0, 255, 255, 255, 0, 0, 0, 0, 0, 400, 6, 1, 0, 1, '协议价', 'uploadfile/2010/0415/20100415081823940.jpg', '服务', 0, '23.13700562611761,113.34259986877441', 'array (\n  ''tabletitle'' => \n  array (\n    0 => ''房型'',\n    1 => ''门市价(元)'',\n    2 => ''协议价(元)'',\n  ),\n  ''table_1'' => \n  array (\n    0 => ''标准大床房 '',\n    1 => ''标准双床房 '',\n    2 => ''商务大床房 '',\n    3 => ''数码标准双人房 '',\n    4 => ''数码商务双人房 '',\n  ),\n  ''table_2'' => \n  array (\n    0 => ''219 '',\n    1 => ''239 '',\n    2 => ''239 '',\n    3 => ''259'',\n    4 => ''259'',\n  ),\n  ''table_3'' => \n  array (\n    0 => ''175 '',\n    1 => ''191 '',\n    2 => ''191 '',\n    3 => ''207'',\n    4 => ''207'',\n  ),\n  ''title'' => '''',\n  ''keywords'' => '''',\n  ''description'' => '''',\n  ''defaultpic'' => ''uploadfile/2010/0415/20100415081823472.jpg'',\n  ''pricetable'' => \n  array (\n    0 => \n    array (\n      ''td1'' => ''标准大床房 '',\n      ''td2'' => ''219 '',\n      ''td3'' => ''175 '',\n    ),\n    1 => \n    array (\n      ''td1'' => ''标准双床房 '',\n      ''td2'' => ''239 '',\n      ''td3'' => ''191 '',\n    ),\n    2 => \n    array (\n      ''td1'' => ''商务大床房 '',\n      ''td2'' => ''239 '',\n      ''td3'' => ''191 '',\n    ),\n    3 => \n    array (\n      ''td1'' => ''数码标准双人房 '',\n      ''td2'' => ''259'',\n      ''td3'' => ''207'',\n    ),\n    4 => \n    array (\n      ''td1'' => ''数码商务双人房 '',\n      ''td2'' => ''259'',\n      ''td3'' => ''207'',\n    ),\n  ),\n)', 999, 1, 'shop/shop.php?id=113', 442, '广交、亚运会等其它节日除外', '1', ''),
(114, 0, 280101, 1702, 0, '如家快捷酒店', '小西关', '广东省广州市荔湾区荔湾路97号  ', '', '', '400-820-3333', '', '', '', '', '', 1271237420, 'default', '<p>&nbsp;&nbsp; 如家酒店集团旗下拥有如家快捷酒店、和颐酒店两大品牌，现已在全国30多个省和直辖市覆盖100多座主要城市，拥有连锁酒店500多家，形成了遥遥领先业内的最大的连锁酒店网络体系。 经济型连锁酒店品牌---如家快捷酒店，提供标准化、干净、温馨、舒适、贴心的酒店住宿产品，为海内外八方来客提供安心、便捷的旅行住宿服务，传递着适度生活的简约生活理念。 中高端商务酒店品牌---和颐酒店，为境内外中高级商务及休闲旅游人士提供高科技智能化的酒店住宿产品和独具特色的&ldquo;HOWEVER贴心服务&rdquo;，让您在人性化的舒适体验中畅享旅途的自然自在。 如家成立至今，更以敏锐的市场洞察力、完善的人力资源体系、有力的管理执行力和强大的资金优势迅速建立起了品牌、系统、技术、客源等多个核心竞争力。作为行业标杆企业，如家正用实际行动引领着中国大众住宿业酒店市场走向成熟和完善。</p>', '1', '0', 9, '', 0, 0, 0, 0, 0, 0, 0, 0, 0, 0, 0, 0, 0, 1, '协议价', 'uploadfile/2010/0415/20100415081806210.jpg', '服务', 0, '23.129231076828777,113.24207067489624', 'array (\n  ''tabletitle'' => \n  array (\n    0 => ''房型'',\n    1 => ''门市价(元)'',\n    2 => ''协议价(元)'',\n  ),\n  ''table_1'' => \n  array (\n    0 => ''标准大床房 '',\n    1 => ''标准双床房 '',\n    2 => ''商务大床房 '',\n    3 => ''数码标准双人房 '',\n    4 => ''数码商务双人房 '',\n  ),\n  ''table_2'' => \n  array (\n    0 => ''219 '',\n    1 => ''239 '',\n    2 => ''239 '',\n    3 => ''259 '',\n    4 => ''259 '',\n  ),\n  ''table_3'' => \n  array (\n    0 => ''175 '',\n    1 => ''191 '',\n    2 => ''191 '',\n    3 => ''207'',\n    4 => ''207'',\n  ),\n  ''title'' => '''',\n  ''keywords'' => '''',\n  ''description'' => '''',\n  ''defaultpic'' => ''uploadfile/2010/0415/20100415081806219.jpg'',\n  ''pricetable'' => \n  array (\n    0 => \n    array (\n      ''td1'' => ''标准大床房 '',\n      ''td2'' => ''219 '',\n      ''td3'' => ''175 '',\n    ),\n    1 => \n    array (\n      ''td1'' => ''标准双床房 '',\n      ''td2'' => ''239 '',\n      ''td3'' => ''191 '',\n    ),\n    2 => \n    array (\n      ''td1'' => ''商务大床房 '',\n      ''td2'' => ''239 '',\n      ''td3'' => ''191 '',\n    ),\n    3 => \n    array (\n      ''td1'' => ''数码标准双人房 '',\n      ''td2'' => ''259 '',\n      ''td3'' => ''207'',\n    ),\n    4 => \n    array (\n      ''td1'' => ''数码商务双人房 '',\n      ''td2'' => ''259 '',\n      ''td3'' => ''207'',\n    ),\n  ),\n)', 999, 1, 'shop/shop.php?id=114', 440, '广交、亚运会等其它节日除外', '1', ''),
(115, 0, 280101, 1702, 0, '如家快捷酒店', '芳村花地湾', '广州市荔湾区东漖北路566、568号 ', '', '', '400-820-3333', '', '', '', '', '', 1271237475, 'default', '<p>&nbsp;&nbsp; 如家酒店集团旗下拥有如家快捷酒店、和颐酒店两大品牌，现已在全国30多个省和直辖市覆盖100多座主要城市，拥有连锁酒店500多家，形成了遥遥领先业内的最大的连锁酒店网络体系。 经济型连锁酒店品牌---如家快捷酒店，提供标准化、干净、温馨、舒适、贴心的酒店住宿产品，为海内外八方来客提供安心、便捷的旅行住宿服务，传递着适度生活的简约生活理念。 中高端商务酒店品牌---和颐酒店，为境内外中高级商务及休闲旅游人士提供高科技智能化的酒店住宿产品和独具特色的&ldquo;HOWEVER贴心服务&rdquo;，让您在人性化的舒适体验中畅享旅途的自然自在。 如家成立至今，更以敏锐的市场洞察力、完善的人力资源体系、有力的管理执行力和强大的资金优势迅速建立起了品牌、系统、技术、客源等多个核心竞争力。作为行业标杆企业，如家正用实际行动引领着中国大众住宿业酒店市场走向成熟和完善。</p>', '1', '0', 8, '', 0, 0, 0, 0, 0, 0, 0, 0, 0, 0, 0, 0, 0, 1, '协议价', 'uploadfile/2010/0415/20100415081635719.jpg', '服务', 0, '23.102628449847053,113.2921314239502', 'array (\n  ''tabletitle'' => \n  array (\n    0 => ''房型'',\n    1 => ''门市价(元)'',\n    2 => ''协议价(元)'',\n  ),\n  ''table_1'' => \n  array (\n    0 => ''标准大床房 '',\n    1 => ''标准双床房 '',\n    2 => ''商务大床房 '',\n    3 => ''数码标准双人房 '',\n    4 => ''数码商务双人房 '',\n  ),\n  ''table_2'' => \n  array (\n    0 => ''219 '',\n    1 => ''239'',\n    2 => ''239'',\n    3 => ''259 '',\n    4 => ''259 '',\n  ),\n  ''table_3'' => \n  array (\n    0 => ''175 '',\n    1 => ''191 '',\n    2 => ''191 '',\n    3 => ''207 '',\n    4 => ''207 '',\n  ),\n  ''title'' => '''',\n  ''keywords'' => '''',\n  ''description'' => '''',\n  ''defaultpic'' => ''uploadfile/2010/0415/20100415081635698.jpg'',\n  ''pricetable'' => \n  array (\n    0 => \n    array (\n      ''td1'' => ''标准大床房 '',\n      ''td2'' => ''219 '',\n      ''td3'' => ''175 '',\n    ),\n    1 => \n    array (\n      ''td1'' => ''标准双床房 '',\n      ''td2'' => ''239'',\n      ''td3'' => ''191 '',\n    ),\n    2 => \n    array (\n      ''td1'' => ''商务大床房 '',\n      ''td2'' => ''239'',\n      ''td3'' => ''191 '',\n    ),\n    3 => \n    array (\n      ''td1'' => ''数码标准双人房 '',\n      ''td2'' => ''259 '',\n      ''td3'' => ''207 '',\n    ),\n    4 => \n    array (\n      ''td1'' => ''数码商务双人房 '',\n      ''td2'' => ''259 '',\n      ''td3'' => ''207 '',\n    ),\n  ),\n)', 999, 1, 'shop/shop.php?id=115', 436, '广交、亚运会等其它节日除外', '1', ''),
(116, 0, 280101, 1702, 0, '如家快捷酒店', '上下九二', '广州市荔湾区长寿东路322号 ', '', '', '400-820-3333', '', '', '', '', '', 1271237539, 'default', '<p>&nbsp;&nbsp; 如家酒店集团旗下拥有如家快捷酒店、和颐酒店两大品牌，现已在全国30多个省和直辖市覆盖100多座主要城市，拥有连锁酒店500多家，形成了遥遥领先业内的最大的连锁酒店网络体系。 经济型连锁酒店品牌---如家快捷酒店，提供标准化、干净、温馨、舒适、贴心的酒店住宿产品，为海内外八方来客提供安心、便捷的旅行住宿服务，传递着适度生活的简约生活理念。 中高端商务酒店品牌---和颐酒店，为境内外中高级商务及休闲旅游人士提供高科技智能化的酒店住宿产品和独具特色的&ldquo;HOWEVER贴心服务&rdquo;，让您在人性化的舒适体验中畅享旅途的自然自在。 如家成立至今，更以敏锐的市场洞察力、完善的人力资源体系、有力的管理执行力和强大的资金优势迅速建立起了品牌、系统、技术、客源等多个核心竞争力。作为行业标杆企业，如家正用实际行动引领着中国大众住宿业酒店市场走向成熟和完善。</p>', '1', '0', 9, '', 0, 0, 0, 0, 0, 0, 0, 0, 0, 0, 0, 0, 0, 1, '协议价', 'uploadfile/2010/0415/20100415081656423.jpg', '服务', 0, '23.119719467149142,113.25269222259521', 'array (\n  ''tabletitle'' => \n  array (\n    0 => ''房型'',\n    1 => ''门市价(元)'',\n    2 => ''协议价(元)'',\n  ),\n  ''table_1'' => \n  array (\n    0 => ''标准大床房 '',\n    1 => ''标准双床房 '',\n    2 => ''商务大床房 '',\n    3 => ''数码标准双人房 '',\n    4 => ''数码商务双人房 '',\n  ),\n  ''table_2'' => \n  array (\n    0 => ''219 '',\n    1 => ''239 '',\n    2 => ''239 '',\n    3 => ''259 '',\n    4 => ''259 '',\n  ),\n  ''table_3'' => \n  array (\n    0 => ''175'',\n    1 => ''191 '',\n    2 => ''191 '',\n    3 => ''207'',\n    4 => ''207'',\n  ),\n  ''title'' => '''',\n  ''keywords'' => '''',\n  ''description'' => '''',\n  ''defaultpic'' => ''uploadfile/2010/0415/20100415081656916.jpg'',\n  ''pricetable'' => \n  array (\n    0 => \n    array (\n      ''td1'' => ''标准大床房 '',\n      ''td2'' => ''219 '',\n      ''td3'' => ''175'',\n    ),\n    1 => \n    array (\n      ''td1'' => ''标准双床房 '',\n      ''td2'' => ''239 '',\n      ''td3'' => ''191 '',\n    ),\n    2 => \n    array (\n      ''td1'' => ''商务大床房 '',\n      ''td2'' => ''239 '',\n      ''td3'' => ''191 '',\n    ),\n    3 => \n    array (\n      ''td1'' => ''数码标准双人房 '',\n      ''td2'' => ''259 '',\n      ''td3'' => ''207'',\n    ),\n    4 => \n    array (\n      ''td1'' => ''数码商务双人房 '',\n      ''td2'' => ''259 '',\n      ''td3'' => ''207'',\n    ),\n  ),\n)', 999, 1, 'shop/shop.php?id=116', 438, '广交、亚运会等其它节日除外', '1', ''),
(117, 0, 280105, 1702, 0, '如家快捷酒店', '圣地广场', '广州市白云区广州大道北1420号摩登百货7-9楼 ', '', '', '400-820-3333', '', '', '', '', '', 1271237592, 'default', '<p>&nbsp;&nbsp; 如家酒店集团旗下拥有如家快捷酒店、和颐酒店两大品牌，现已在全国30多个省和直辖市覆盖100多座主要城市，拥有连锁酒店500多家，形成了遥遥领先业内的最大的连锁酒店网络体系。 经济型连锁酒店品牌---如家快捷酒店，提供标准化、干净、温馨、舒适、贴心的酒店住宿产品，为海内外八方来客提供安心、便捷的旅行住宿服务，传递着适度生活的简约生活理念。 中高端商务酒店品牌---和颐酒店，为境内外中高级商务及休闲旅游人士提供高科技智能化的酒店住宿产品和独具特色的&ldquo;HOWEVER贴心服务&rdquo;，让您在人性化的舒适体验中畅享旅途的自然自在。 如家成立至今，更以敏锐的市场洞察力、完善的人力资源体系、有力的管理执行力和强大的资金优势迅速建立起了品牌、系统、技术、客源等多个核心竞争力。作为行业标杆企业，如家正用实际行动引领着中国大众住宿业酒店市场走向成熟和完善。</p>', '1', '0', 16, '', 0, 0, 0, 0, 0, 0, 0, 0, 0, 0, 0, 0, 0, 1, '协议价', 'uploadfile/2010/0415/20100415083801562.jpg', '服务', 0, '23.182144349921024,113.32320213317871', 'array (\n  ''tabletitle'' => \n  array (\n    0 => ''房型'',\n    1 => ''门市价(元)'',\n    2 => ''协议价(元)'',\n  ),\n  ''table_1'' => \n  array (\n    0 => ''标准大床房 '',\n    1 => ''标准双床房 '',\n    2 => ''商务大床房 '',\n    3 => ''数码标准双人房 '',\n    4 => ''数码商务双人房 '',\n  ),\n  ''table_2'' => \n  array (\n    0 => ''219 '',\n    1 => ''239 '',\n    2 => ''239 '',\n    3 => ''259 '',\n    4 => ''259 '',\n  ),\n  ''table_3'' => \n  array (\n    0 => ''175 '',\n    1 => ''191 '',\n    2 => ''191 '',\n    3 => ''207 '',\n    4 => ''207 '',\n  ),\n  ''title'' => '''',\n  ''keywords'' => '''',\n  ''description'' => '''',\n  ''defaultpic'' => ''uploadfile/2010/0415/20100415083801246.jpg'',\n  ''pricetable'' => \n  array (\n    0 => \n    array (\n      ''td1'' => ''标准大床房 '',\n      ''td2'' => ''219 '',\n      ''td3'' => ''175 '',\n    ),\n    1 => \n    array (\n      ''td1'' => ''标准双床房 '',\n      ''td2'' => ''239 '',\n      ''td3'' => ''191 '',\n    ),\n    2 => \n    array (\n      ''td1'' => ''商务大床房 '',\n      ''td2'' => ''239 '',\n      ''td3'' => ''191 '',\n    ),\n    3 => \n    array (\n      ''td1'' => ''数码标准双人房 '',\n      ''td2'' => ''259 '',\n      ''td3'' => ''207 '',\n    ),\n    4 => \n    array (\n      ''td1'' => ''数码商务双人房 '',\n      ''td2'' => ''259 '',\n      ''td3'' => ''207 '',\n    ),\n  ),\n)', 999, 1, 'shop/shop.php?id=117', 448, '广交、亚运会等其它节日除外', '1', ''),
(118, 0, 280103, 1702, 0, '如家快捷酒店', '墩和', '广州市海珠区广州大道南898号（和平商务中心南塔） ', '', '', '400-820-3333', '', '', '', '', '', 1271291306, 'default', '<p>&nbsp;&nbsp; 如家酒店集团旗下拥有如家快捷酒店、和颐酒店两大品牌，现已在全国30多个省和直辖市覆盖100多座主要城市，拥有连锁酒店500多家，形成了遥遥领先业内的最大的连锁酒店网络体系。 经济型连锁酒店品牌---如家快捷酒店，提供标准化、干净、温馨、舒适、贴心的酒店住宿产品，为海内外八方来客提供安心、便捷的旅行住宿服务，传递着适度生活的简约生活理念。 中高端商务酒店品牌---和颐酒店，为境内外中高级商务及休闲旅游人士提供高科技智能化的酒店住宿产品和独具特色的&ldquo;HOWEVER贴心服务&rdquo;，让您在人性化的舒适体验中畅享旅途的自然自在。 如家成立至今，更以敏锐的市场洞察力、完善的人力资源体系、有力的管理执行力和强大的资金优势迅速建立起了品牌、系统、技术、客源等多个核心竞争力。作为行业标杆企业，如家正用实际行动引领着中国大众住宿业酒店市场走向成熟和完善。</p>', '1', '0', 12, '', 0, 0, 0, 0, 0, 0, 0, 0, 0, 0, 0, 0, 0, 1, '协议价', 'uploadfile/2010/0415/20100415082826640.jpg', '服务', 0, '23.09015418663949,113.31491947174072', 'array (\n  ''tabletitle'' => \n  array (\n    0 => ''房型'',\n    1 => ''门市价(元)'',\n    2 => ''协议价(元)'',\n  ),\n  ''table_1'' => \n  array (\n    0 => ''标准大床房 '',\n    1 => ''标准双床房 '',\n    2 => ''商务大床房 '',\n    3 => ''数码标准双人房 '',\n    4 => ''数码商务双人房 '',\n  ),\n  ''table_2'' => \n  array (\n    0 => ''219 '',\n    1 => ''239 '',\n    2 => ''239 '',\n    3 => ''259 '',\n    4 => ''259 '',\n  ),\n  ''table_3'' => \n  array (\n    0 => ''175 '',\n    1 => ''191 '',\n    2 => ''191 '',\n    3 => ''207 '',\n    4 => ''207 '',\n  ),\n  ''title'' => '''',\n  ''keywords'' => '''',\n  ''description'' => '''',\n  ''defaultpic'' => ''uploadfile/2010/0415/20100415082826695.jpg'',\n  ''pricetable'' => \n  array (\n    0 => \n    array (\n      ''td1'' => ''标准大床房 '',\n      ''td2'' => ''219 '',\n      ''td3'' => ''175 '',\n    ),\n    1 => \n    array (\n      ''td1'' => ''标准双床房 '',\n      ''td2'' => ''239 '',\n      ''td3'' => ''191 '',\n    ),\n    2 => \n    array (\n      ''td1'' => ''商务大床房 '',\n      ''td2'' => ''239 '',\n      ''td3'' => ''191 '',\n    ),\n    3 => \n    array (\n      ''td1'' => ''数码标准双人房 '',\n      ''td2'' => ''259 '',\n      ''td3'' => ''207 '',\n    ),\n    4 => \n    array (\n      ''td1'' => ''数码商务双人房 '',\n      ''td2'' => ''259 '',\n      ''td3'' => ''207 '',\n    ),\n  ),\n)', 999, 1, 'shop/shop.php?id=118', 444, '广交、亚运会等其它节日除外', '1', '');
INSERT INTO `dc_shop` (`id`, `userid`, `areacode`, `catcode`, `ownerid`, `shopname`, `subname`, `address`, `website`, `videourl`, `tel1`, `tel2`, `mobile`, `bus`, `park`, `storehours`, `inputtime`, `template`, `content`, `status`, `elite`, `hits`, `shopdomain`, `avgsort`, `sort1`, `sort2`, `sort3`, `sort4`, `sort5`, `sort6`, `sort7`, `sort8`, `avgprice`, `enjoy`, `reviews`, `gbook`, `pics`, `discount`, `thumb`, `main`, `adminid`, `map`, `setting`, `listorder`, `posids`, `url`, `aid`, `discountchuwai`, `isimg`, `description`) VALUES
(119, 0, 280105, 1702, 0, '如家快捷酒店', '白云大道', '广州市白云区白云大道北183号（陈田村牌坊旁边） ', '', '', '400-820-3333', '', '', '', '', '', 1271291385, 'default', '<p>&nbsp;&nbsp; 如家酒店集团旗下拥有如家快捷酒店、和颐酒店两大品牌，现已在全国30多个省和直辖市覆盖100多座主要城市，拥有连锁酒店500多家，形成了遥遥领先业内的最大的连锁酒店网络体系。 经济型连锁酒店品牌---如家快捷酒店，提供标准化、干净、温馨、舒适、贴心的酒店住宿产品，为海内外八方来客提供安心、便捷的旅行住宿服务，传递着适度生活的简约生活理念。 中高端商务酒店品牌---和颐酒店，为境内外中高级商务及休闲旅游人士提供高科技智能化的酒店住宿产品和独具特色的&ldquo;HOWEVER贴心服务&rdquo;，让您在人性化的舒适体验中畅享旅途的自然自在。 如家成立至今，更以敏锐的市场洞察力、完善的人力资源体系、有力的管理执行力和强大的资金优势迅速建立起了品牌、系统、技术、客源等多个核心竞争力。作为行业标杆企业，如家正用实际行动引领着中国大众住宿业酒店市场走向成熟和完善。</p>', '1', '0', 22, '', 0, 0, 0, 0, 0, 0, 0, 0, 0, 0, 0, 0, 0, 1, '协议价', 'uploadfile/2010/0415/20100415082945333.jpg', '服务', 0, '23.208691750782485,113.28878402709961', 'array (\n  ''tabletitle'' => \n  array (\n    0 => ''房型'',\n    1 => ''门市价(元)'',\n    2 => ''协议价(元)'',\n  ),\n  ''table_1'' => \n  array (\n    0 => ''标准大床房'',\n    1 => ''标准双床房'',\n    2 => ''商务大床房'',\n    3 => ''数码标准双人房'',\n    4 => ''数码商务双人房'',\n  ),\n  ''table_2'' => \n  array (\n    0 => ''219'',\n    1 => ''239'',\n    2 => ''239'',\n    3 => ''259'',\n    4 => ''259'',\n  ),\n  ''table_3'' => \n  array (\n    0 => ''175'',\n    1 => ''191'',\n    2 => ''191'',\n    3 => ''207'',\n    4 => ''207'',\n  ),\n  ''title'' => '''',\n  ''keywords'' => '''',\n  ''description'' => '''',\n  ''defaultpic'' => ''uploadfile/2010/0415/20100415082945509.jpg'',\n  ''pricetable'' => \n  array (\n    0 => \n    array (\n      ''td1'' => ''标准大床房'',\n      ''td2'' => ''219'',\n      ''td3'' => ''175'',\n    ),\n    1 => \n    array (\n      ''td1'' => ''标准双床房'',\n      ''td2'' => ''239'',\n      ''td3'' => ''191'',\n    ),\n    2 => \n    array (\n      ''td1'' => ''商务大床房'',\n      ''td2'' => ''239'',\n      ''td3'' => ''191'',\n    ),\n    3 => \n    array (\n      ''td1'' => ''数码标准双人房'',\n      ''td2'' => ''259'',\n      ''td3'' => ''207'',\n    ),\n    4 => \n    array (\n      ''td1'' => ''数码商务双人房'',\n      ''td2'' => ''259'',\n      ''td3'' => ''207'',\n    ),\n  ),\n)', 999, 1, 'shop/shop.php?id=119', 446, '广交、亚运会等其它节日除外', '1', ''),
(120, 0, 280105, 1710, 0, '皇莱商务酒店', '', '白云区机场路乐嘉路103号', '', '', '020-62699666', '', '', '', '', '', 1271301357, 'default', '<p>皇莱商务酒店，是一家按国际标准配置的，集会议、商务于一体的三星级酒店，按星级商务酒店策划及管理。酒店位于广州市白云区机场路乐嘉路，交通便利，邻近广州火车站，距离新机场 20 分钟车程，距离省一级保护的白云山风景区也只需15分钟车程，无论商务或休闲度假都极其方便。</p>', '1', '0', 36, '', 0, 0, 0, 0, 0, 0, 0, 0, 0, 0, 0, 0, 0, 5, '门市价5折', 'uploadfile/2010/0415/20100415112143468.jpg', '服务', 0, '23.16648167377033,113.25565338134765', 'array (\n  ''tabletitle'' => \n  array (\n    0 => ''房型'',\n    1 => ''门市价(元)'',\n    2 => ''协议价(元)'',\n  ),\n  ''table_1'' => \n  array (\n    0 => '''',\n    1 => '''',\n    2 => '''',\n  ),\n  ''table_2'' => \n  array (\n    0 => '''',\n    1 => '''',\n    2 => '''',\n  ),\n  ''table_3'' => \n  array (\n    0 => '''',\n    1 => '''',\n    2 => '''',\n  ),\n  ''title'' => '''',\n  ''keywords'' => '''',\n  ''description'' => '''',\n  ''defaultpic'' => ''uploadfile/2010/0415/20100415112559170.jpg'',\n  ''pricetable'' => '''',\n)', 999, 1, 'shop/shop.php?id=120', 0, '广交、亚运会等其它节日除外', '1', ''),
(121, 0, 280105, 1802, 0, '多美体(国际)养生美容连锁机构', '', '白云区机场西乐嘉路子103号三楼', '', '', '020-2101337', '', '', '', '', '', 1271324470, 'default', '<p class="MsoNormal" style="margin: 0cm 0cm 0pt"><span lang="EN-US" style="font-size: 12pt"><font face="Times New Roman">1</font></span><span style="font-size: 12pt; font-family: 宋体; mso-ascii-font-family: ''Times New Roman''; mso-hansi-font-family: ''Times New Roman''">店：广州大道北</span><span lang="EN-US" style="font-size: 12pt"><font face="Times New Roman">981</font></span><span style="font-size: 12pt; font-family: 宋体; mso-ascii-font-family: ''Times New Roman''; mso-hansi-font-family: ''Times New Roman''">号</span><span lang="EN-US" style="font-size: 12pt"><font face="Times New Roman">3</font></span><span style="font-size: 12pt; font-family: 宋体; mso-ascii-font-family: ''Times New Roman''; mso-hansi-font-family: ''Times New Roman''">档</span><span lang="EN-US" style="font-size: 12pt"><o:p></o:p></span></p>\r\n<p class="MsoNormal" style="margin: 0cm 0cm 0pt"><span style="font-size: 16px"><span lang="EN-US" style="mso-bidi-font-size: 10.5pt"><font face="Times New Roman">2</font></span><span style="font-family: 宋体; mso-ascii-font-family: ''Times New Roman''; mso-hansi-font-family: ''Times New Roman''; mso-bidi-font-size: 10.5pt">店</span></span><font size="3"><span style="font-size: 12pt; font-family: 宋体; mso-ascii-font-family: ''Times New Roman''; mso-hansi-font-family: ''Times New Roman''">：广州道北黄</span></font><span style="font-size: 18pt; font-family: 宋体; mso-bidi-font-family: 宋体">?</span><span style="font-size: 12pt; font-family: 宋体; mso-bidi-font-family: 宋体">坳上青<span lang="EN-US">23</span>号<span lang="EN-US"><o:p></o:p></span></span></p>\r\n<p class="MsoNormal" style="margin: 0cm 0cm 0pt"><span lang="EN-US" style="font-size: 12pt; font-family: 宋体; mso-bidi-font-family: 宋体">3</span><span style="font-size: 12pt; font-family: 宋体; mso-bidi-font-family: 宋体">店：广州大道北京溪路云景花园<span lang="EN-US">76</span>号<span lang="EN-US"><o:p></o:p></span></span></p>\r\n<p class="MsoNormal" style="margin: 0cm 0cm 0pt"><span lang="EN-US" style="font-size: 12pt; font-family: 宋体; mso-bidi-font-family: 宋体">4</span><span style="font-size: 12pt; font-family: 宋体; mso-bidi-font-family: 宋体">店<span lang="EN-US">: </span>广州大北富和花园<span lang="EN-US">2086</span>号<span lang="EN-US"><o:p></o:p></span></span></p>\r\n<p class="MsoNormal" style="margin: 0cm 0cm 0pt"><span lang="EN-US" style="font-size: 12pt; font-family: 宋体; mso-bidi-font-family: 宋体">5</span><span style="font-size: 12pt; font-family: 宋体; mso-bidi-font-family: 宋体">店：广州海珠区江湾桥南<span lang="EN-US">44</span>号<span lang="EN-US"><o:p></o:p></span></span></p>\r\n<p class="MsoNormal" style="margin: 0cm 0cm 0pt"><span lang="EN-US" style="font-size: 12pt; font-family: 宋体; mso-bidi-font-family: 宋体">6</span><span style="font-size: 12pt; font-family: 宋体; mso-bidi-font-family: 宋体">店：广州白云区远景路商贸中心<span lang="EN-US"><o:p></o:p></span></span></p>\r\n<p class="MsoNormal" style="margin: 0cm 0cm 0pt"><span lang="EN-US" style="font-size: 12pt; font-family: 宋体; mso-bidi-font-family: 宋体">7</span><span style="font-size: 12pt; font-family: 宋体; mso-bidi-font-family: 宋体">店<span lang="EN-US">: </span>广州海珠区海印桥南<span lang="EN-US"><o:p></o:p></span></span></p>\r\n<p class="MsoNormal" style="margin: 0cm 0cm 0pt"><span lang="EN-US" style="font-size: 12pt; font-family: 宋体; mso-bidi-font-family: 宋体">8</span><span style="font-size: 12pt; font-family: 宋体; mso-bidi-font-family: 宋体">店：广州白云区握山居庭<span lang="EN-US">8</span>号<span lang="EN-US"><o:p></o:p></span></span></p>\r\n<p class="MsoNormal" style="margin: 0cm 0cm 0pt"><span lang="EN-US" style="font-size: 12pt; font-family: 宋体; mso-bidi-font-family: 宋体">9</span><span style="font-size: 12pt; font-family: 宋体; mso-bidi-font-family: 宋体">店：广州天河区棠东东路春江花园亭<span lang="EN-US"><o:p></o:p></span></span></p>\r\n<p class="MsoNormal" style="margin: 0cm 0cm 0pt"><span lang="EN-US" style="font-size: 12pt; font-family: 宋体; mso-bidi-font-family: 宋体">10</span><span style="font-size: 12pt; font-family: 宋体; mso-bidi-font-family: 宋体">店：广州越秀区淘金北<span lang="EN-US"><o:p></o:p></span></span></p>\r\n<p class="MsoNormal" style="margin: 0cm 0cm 0pt"><span lang="EN-US" style="font-size: 12pt; font-family: 宋体; mso-bidi-font-family: 宋体">11</span><span style="font-size: 12pt; font-family: 宋体; mso-bidi-font-family: 宋体">店：广州白云区石槎路金碧小区<span lang="EN-US"><o:p></o:p></span></span></p>\r\n<p class="MsoNormal" style="margin: 0cm 0cm 0pt"><span lang="EN-US" style="font-size: 12pt; font-family: 宋体; mso-bidi-font-family: 宋体">12</span><span style="font-size: 12pt; font-family: 宋体; mso-bidi-font-family: 宋体">店<span lang="EN-US">: </span>广州白云区黄石路海菌宾馆旁<span lang="EN-US"><o:p></o:p></span></span></p>\r\n<p class="MsoNormal" style="margin: 0cm 0cm 0pt"><span lang="EN-US" style="font-size: 12pt; font-family: 宋体; mso-bidi-font-family: 宋体">13</span><span style="font-size: 12pt; font-family: 宋体; mso-bidi-font-family: 宋体">店<span lang="EN-US">: </span>广州白云区棠下景棠商贸中心<span lang="EN-US"><o:p></o:p></span></span></p>\r\n<p class="MsoNormal" style="margin: 0cm 0cm 0pt"><span lang="EN-US" style="font-size: 12pt; font-family: 宋体; mso-bidi-font-family: 宋体">14</span><span style="font-size: 12pt; font-family: 宋体; mso-bidi-font-family: 宋体">店：广州越秀区小北路<span lang="EN-US">163</span>号<span lang="EN-US"><o:p></o:p></span></span></p>\r\n<p class="MsoNormal" style="margin: 0cm 0cm 0pt"><span lang="EN-US" style="font-size: 12pt; font-family: 宋体; mso-bidi-font-family: 宋体">15</span><span style="font-size: 12pt; font-family: 宋体; mso-bidi-font-family: 宋体">店：广州白云区棠溪<span lang="EN-US"><o:p></o:p></span></span></p>\r\n<p class="MsoNormal" style="margin: 0cm 0cm 0pt"><span lang="EN-US" style="font-size: 12pt; font-family: 宋体; mso-bidi-font-family: 宋体">16</span><span style="font-size: 12pt; font-family: 宋体; mso-bidi-font-family: 宋体">店：广州天河罗岗<span lang="EN-US"><o:p></o:p></span></span></p>\r\n<p>&nbsp;</p>', '1', '0', 27, '', 0, 0, 0, 0, 0, 0, 0, 0, 0, 0, 0, 0, 0, 0, '8', 'uploadfile/2010/0416/20100416095000648.jpg', '美容、化妆品', 0, '23.185813175302915,113.17703247070312', 'array (\n  ''title'' => '''',\n  ''keywords'' => '''',\n  ''description'' => '''',\n  ''defaultpic'' => '''',\n)', 999, 1, 'shop/shop.php?id=121', 0, '0', '1', ''),
(122, 0, 280104, 2001, 0, '麦芮蜜婚沙摄影', '天河', '天河区天河南一路86号—103（正佳广场友谊商店南门斜对面）', 'http://www.marrymephoto.com/', '', '020-85513600 ', '', '', '', '', '', 1271384390, 'default', '<p>&nbsp;</p>\r\n<div><b>&nbsp;&nbsp;&nbsp;&nbsp; MARRY ME</b><b>麦芮蜜摄影</b></div>\r\n<div>2007年8月8日麦芮蜜成立，作为广州城创办时间最早，规模，实力最雄厚的专业婚纱摄影机构。三年来，我们不断努力，超越自我，服务新人。</div>\r\n<div>以&ldquo;还原婚纱温情本质&rdquo;、&ldquo;感动每对新人&rdquo;为文化理念，MARRY ME名字本身便蕴含着脉脉温情的元素。</div>\r\n<div>麦芮蜜摄影以精致的影调，捕捉新人的动感瞬间，我们倡导瞬间的美学、自然的流露。</div>\r\n<div>MARRY ME拥有近千平米专业内景拍摄基地,独家研发主题剧情式拍摄,打造专属于您的专属空间;外景DIY,网罗极致美景，拒绝模式 ,真正记录属于您的温情故事。</div>\r\n<div>MARRY ME ----让情感在胶片中流淌，瞬间即永恒。</div>\r\n<div>MARRY ME ----是生活、是自我，是追求品位的象征，更是时尚的符号。</div>\r\n<div>&nbsp;&mdash;&mdash;&mdash;&mdash;&mdash;&mdash;&mdash;&mdash;&mdash;&mdash;时尚Fashion&mdash;&mdash;&mdash;&mdash;&mdash;&mdash;&mdash;&mdash;&mdash;&mdash;&mdash;&mdash;</div>\r\n<div>&mdash;&mdash;&mdash;&mdash;&mdash;&mdash;&mdash;&mdash;&mdash;&mdash;自我Petty&mdash;&mdash;&mdash;&mdash;&mdash;&mdash;&mdash;&mdash;&mdash;&mdash;&mdash;&mdash;&mdash;</div>\r\n<div>&mdash;&mdash;&mdash;&mdash;&mdash;&mdash;&mdash;&mdash;&mdash;&mdash;自然Nature&mdash;&mdash;&mdash;&mdash;&mdash;&mdash;&mdash;&mdash;&mdash;&mdash;&mdash;&mdash;</div>\r\n<div>&mdash;&mdash;&mdash;&mdash;&mdash;&mdash;&mdash;&mdash;&mdash;&mdash;唯美Aestheticism&mdash;&mdash;&mdash;&mdash;&mdash;&mdash;&mdash;&mdash;&mdash;&mdash;</div>\r\n<div>&nbsp;</div>\r\n<div><b>[</b><b>品牌故事</b><b>]Brand Story......</b></div>\r\n<div>-----2010年03月 [MARRY ME麦芮蜜] 久久结婚网（广州）婚博会在锦汉中心隆重举行，近千对新人再次见证麦芮蜜摄影辉煌历程</div>\r\n<div>-----2009年11月 [MARRY ME麦芮蜜] 作为广州外景婚纱的引领者推出&ldquo;香港&middot;澳门外景婚纱&rdquo;，树立港澳外景婚纱的全新标向</div>\r\n<div>-----2009年10月 [MARRY ME麦芮蜜]&nbsp;映像岭南纯外景主题璀璨发行</div>\r\n<div>-----2009年10月 [MARRY ME麦芮蜜] 全球官方网站www.marrymephoto.com全线改版推出</div>\r\n<div>-----2009年08月 [MARRY ME麦芮蜜] 隆重登陆久久结婚网（广州）婚博会，感谢上百对新人的支持</div>\r\n<div>-----2009年07月 [MARRY ME麦芮蜜] 天河南一路形象店成立</div>\r\n<div>-----2009年07月 [MARRY ME麦芮蜜] 时尚类婚庆杂志[大众皆喜]全程报道</div>\r\n<div>-----2009年04月 [MARRY ME麦芮蜜] 参加久久结婚网总统大酒店网友见面促销会</div>\r\n<div>-----2009年03月 [MARRY ME麦芮蜜] 隆重举办天河城外展</div>\r\n<div>-----2009年01月 [MARRY ME麦芮蜜] 姹紫嫣红&mdash;皇室主题发布</div>\r\n<div>-----2008年12月 [MARRY ME麦芮蜜] 锦汉婚博会荣耀登场</div>\r\n<div>-----2008年08月 [MARRY ME麦芮蜜] 麦芮蜜品牌全城巡展，盛况空前</div>\r\n<div>-----2008年08月 [MARRY ME麦芮蜜] 麦芮蜜大南路北京路形象店成立</div>\r\n<div>-----2008年04月 [MARRY ME麦芮蜜] 麦芮蜜十大主题内景华丽登场，低调奢华、璀璨夺目</div>\r\n<div>-----2007年08月 [MARRY ME麦芮蜜] 品牌诞生，海珠旗舰店隆重开业</div>\r\n<div>&nbsp;</div>\r\n<div>&nbsp;</div>', '1', '0', 74, '', 0, 0, 0, 0, 0, 0, 0, 0, 0, 0, 0, 0, 0, 8, '9.3', 'uploadfile/2010/0416/20100416101950434.jpg', '摄像', 0, '23.185813175302915,113.17703247070312', 'array (\n  ''title'' => '''',\n  ''keywords'' => '''',\n  ''description'' => '''',\n  ''defaultpic'' => ''uploadfile/2010/0416/20100416105053189.jpg'',\n)', 999, 1, 'shop/shop.php?id=122', 0, '0', '1', ''),
(123, 0, 280103, 2001, 0, '麦芮蜜婚沙摄影', '海珠', '广州市海珠区江怡路240号富友财智中心三楼309-312', 'http://www.marrymephoto.com/', '', '020-34251578', '', '', '', '', '', 1271384689, 'default', '<p>&nbsp;</p>\r\n<div><b>&nbsp;&nbsp;&nbsp;&nbsp; MARRY ME</b><b>麦芮蜜摄影</b></div>\r\n<div>2007年8月8日麦芮蜜成立，作为广州城创办时间最早，规模，实力最雄厚的专业婚纱摄影机构。三年来，我们不断努力，超越自我，服务新人。</div>\r\n<div>以&ldquo;还原婚纱温情本质&rdquo;、&ldquo;感动每对新人&rdquo;为文化理念，MARRY ME名字本身便蕴含着脉脉温情的元素。</div>\r\n<div>麦芮蜜摄影以精致的影调，捕捉新人的动感瞬间，我们倡导瞬间的美学、自然的流露。</div>\r\n<div>MARRY ME拥有近千平米专业内景拍摄基地,独家研发主题剧情式拍摄,打造专属于您的专属空间;外景DIY,网罗极致美景，拒绝模式 ,真正记录属于您的温情故事。</div>\r\n<div>MARRY ME ----让情感在胶片中流淌，瞬间即永恒。</div>\r\n<div>MARRY ME ----是生活、是自我，是追求品位的象征，更是时尚的符号。</div>\r\n<div>&nbsp;&mdash;&mdash;&mdash;&mdash;&mdash;&mdash;&mdash;&mdash;&mdash;&mdash;时尚Fashion&mdash;&mdash;&mdash;&mdash;&mdash;&mdash;&mdash;&mdash;&mdash;&mdash;&mdash;&mdash;</div>\r\n<div>&mdash;&mdash;&mdash;&mdash;&mdash;&mdash;&mdash;&mdash;&mdash;&mdash;自我Petty&mdash;&mdash;&mdash;&mdash;&mdash;&mdash;&mdash;&mdash;&mdash;&mdash;&mdash;&mdash;&mdash;</div>\r\n<div>&mdash;&mdash;&mdash;&mdash;&mdash;&mdash;&mdash;&mdash;&mdash;&mdash;自然Nature&mdash;&mdash;&mdash;&mdash;&mdash;&mdash;&mdash;&mdash;&mdash;&mdash;&mdash;&mdash;</div>\r\n<div>&mdash;&mdash;&mdash;&mdash;&mdash;&mdash;&mdash;&mdash;&mdash;&mdash;唯美Aestheticism&mdash;&mdash;&mdash;&mdash;&mdash;&mdash;&mdash;&mdash;&mdash;&mdash;</div>\r\n<div>&nbsp;</div>\r\n<div><b>[</b><b>品牌故事</b><b>]Brand Story......</b></div>\r\n<div>-----2010年03月 [MARRY ME麦芮蜜] 久久结婚网（广州）婚博会在锦汉中心隆重举行，近千对新人再次见证麦芮蜜摄影辉煌历程</div>\r\n<div>-----2009年11月 [MARRY ME麦芮蜜] 作为广州外景婚纱的引领者推出&ldquo;香港&middot;澳门外景婚纱&rdquo;，树立港澳外景婚纱的全新标向</div>\r\n<div>-----2009年10月 [MARRY ME麦芮蜜]&nbsp;映像岭南纯外景主题璀璨发行</div>\r\n<div>-----2009年10月 [MARRY ME麦芮蜜] 全球官方网站www.marrymephoto.com全线改版推出</div>\r\n<div>-----2009年08月 [MARRY ME麦芮蜜] 隆重登陆久久结婚网（广州）婚博会，感谢上百对新人的支持</div>\r\n<div>-----2009年07月 [MARRY ME麦芮蜜] 天河南一路形象店成立</div>\r\n<div>-----2009年07月 [MARRY ME麦芮蜜] 时尚类婚庆杂志[大众皆喜]全程报道</div>\r\n<div>-----2009年04月 [MARRY ME麦芮蜜] 参加久久结婚网总统大酒店网友见面促销会</div>\r\n<div>-----2009年03月 [MARRY ME麦芮蜜] 隆重举办天河城外展</div>\r\n<div>-----2009年01月 [MARRY ME麦芮蜜] 姹紫嫣红&mdash;皇室主题发布</div>\r\n<div>-----2008年12月 [MARRY ME麦芮蜜] 锦汉婚博会荣耀登场</div>\r\n<div>-----2008年08月 [MARRY ME麦芮蜜] 麦芮蜜品牌全城巡展，盛况空前</div>\r\n<div>-----2008年08月 [MARRY ME麦芮蜜] 麦芮蜜大南路北京路形象店成立</div>\r\n<div>-----2008年04月 [MARRY ME麦芮蜜] 麦芮蜜十大主题内景华丽登场，低调奢华、璀璨夺目</div>\r\n<div>-----2007年08月 [MARRY ME麦芮蜜] 品牌诞生，海珠旗舰店隆重开业</div>\r\n<div>&nbsp;</div>\r\n<div>&nbsp;</div>', '1', '1', 34, '', 0, 0, 0, 0, 0, 0, 0, 0, 0, 0, 0, 1, 0, 7, '9.3', 'uploadfile/2010/0416/20100416102449988.jpg', '摄像', 0, '23.185813175302915,113.17703247070312', 'array (\n  ''title'' => '''',\n  ''keywords'' => '''',\n  ''description'' => '''',\n  ''defaultpic'' => ''uploadfile/2010/0416/20100416105029613.jpg'',\n)', 999, 1, 'shop/shop.php?id=123', 0, '0', '0', ''),
(124, 0, 280104, 1704, 0, '吉旅(连锁)宾馆', '棠下', '天河区棠下(好双多)斜对面', '', '', '020-22384688', '', '', '', '', '', 1271400124, 'default', '<p><strong>宾馆理念</strong><br />\r\n执着于为我们得客户提供吉祥之旅，快乐之旅</p>\r\n<p><strong>宾馆简介</strong><br />\r\n吉旅连锁宾馆借鉴国际上完善成熟的经济型酒店模式，为商务和休闲旅行等客人提供&ldquo;最方便、最快捷、最实惠、最超值、最舒适体贴、快乐自主&rdquo;的体验式主题服务为宗旨的，便捷安全廉价的住宿休闲酒店产品，倡导&ldquo;吉祥之旅、快乐之旅&rdquo;的生活理念。全力以赴开创现代时尚、舒适体贴得管家式服务为目标。</p>\r\n<p><strong>宾馆远景</strong><br />\r\n我们以创建中国经济型酒店领导品牌为发展远景目标</p>\r\n<p><strong>宾馆使命</strong><br />\r\n酒店以创建经济型酒店服务连锁网络和中国最著名得酒店为发展目标，增强酒店投资者的获利能力为经营理念，从高端切入国内经济型酒店市场，通过品牌经营的方式，增强其竞争力和盈利能力，从而在国内酒店业打造一个消费者信赖和支持的酒店品牌。全心全意为客户服务，完完全全得让客户满意，使我们得服务和产品效益最高。</p>\r\n<p><strong>品牌经营</strong><br />\r\n统一的品牌建设、维护标准和企业形象识别系统<br />\r\n全意得市场宣传与品牌推广<br />\r\n标准化的管理系统平台</p>\r\n<p><strong>&nbsp;</strong></p>', '1', '0', 7, '', 0, 0, 0, 0, 0, 0, 0, 0, 0, 0, 0, 0, 0, 5, '协议价', 'uploadfile/2010/0426/20100426024238477.jpg', '服务', 0, '23.12725776926275,113.37684631347656', 'array (\n  ''tabletitle'' => \n  array (\n    0 => ''房型'',\n    1 => ''门市价(元)'',\n    2 => ''协议价(元)'',\n  ),\n  ''table_1'' => \n  array (\n    0 => ''标准单人房'',\n    1 => ''标准双人房'',\n    2 => ''豪华双人房'',\n    3 => ''豪华大床房'',\n    4 => ''普通单人房'',\n  ),\n  ''table_2'' => \n  array (\n    0 => ''129'',\n    1 => ''168'',\n    2 => ''189'',\n    3 => ''169'',\n    4 => ''129'',\n  ),\n  ''table_3'' => \n  array (\n    0 => ''109'',\n    1 => ''139'',\n    2 => ''149'',\n    3 => ''139'',\n    4 => ''100'',\n  ),\n  ''title'' => '''',\n  ''keywords'' => '''',\n  ''description'' => '''',\n  ''defaultpic'' => ''uploadfile/2010/0426/20100426024841138.jpg'',\n  ''pricetable'' => \n  array (\n    0 => \n    array (\n      ''td1'' => ''标准单人房'',\n      ''td2'' => ''129'',\n      ''td3'' => ''109'',\n    ),\n    1 => \n    array (\n      ''td1'' => ''标准双人房'',\n      ''td2'' => ''168'',\n      ''td3'' => ''139'',\n    ),\n    2 => \n    array (\n      ''td1'' => ''豪华双人房'',\n      ''td2'' => ''189'',\n      ''td3'' => ''149'',\n    ),\n    3 => \n    array (\n      ''td1'' => ''豪华大床房'',\n      ''td2'' => ''169'',\n      ''td3'' => ''139'',\n    ),\n    4 => \n    array (\n      ''td1'' => ''普通单人房'',\n      ''td2'' => ''129'',\n      ''td3'' => ''100'',\n    ),\n  ),\n)', 999, 1, 'shop/shop.php?id=124', 0, '广交、亚运会等其它节日除外', '1', ''),
(125, 0, 280104, 1704, 0, '吉旅(连锁)宾馆', '华师', '广州市天河区天河北路900号高科大厦', 'http://www.jlinns.com/', '', '020-22233388', '', '', '', '', '', 1271404815, 'default', '<p><strong>宾馆理念</strong><br />\r\n执着于为我们得客户提供吉祥之旅，快乐之旅</p>\r\n<p><strong>宾馆简介</strong><br />\r\n吉旅连锁宾馆借鉴国际上完善成熟的经济型酒店模式，为商务和休闲旅行等客人提供&ldquo;最方便、最快捷、最实惠、最超值、最舒适体贴、快乐自主&rdquo;的体验式主题服务为宗旨的，便捷安全廉价的住宿休闲酒店产品，倡导&ldquo;吉祥之旅、快乐之旅&rdquo;的生活理念。全力以赴开创现代时尚、舒适体贴得管家式服务为目标。</p>\r\n<p><strong>宾馆远景</strong><br />\r\n我们以创建中国经济型酒店领导品牌为发展远景目标</p>\r\n<p><strong>宾馆使命</strong><br />\r\n酒店以创建经济型酒店服务连锁网络和中国最著名得酒店为发展目标，增强酒店投资者的获利能力为经营理念，从高端切入国内经济型酒店市场，通过品牌经营的方式，增强其竞争力和盈利能力，从而在国内酒店业打造一个消费者信赖和支持的酒店品牌。全心全意为客户服务，完完全全得让客户满意，使我们得服务和产品效益最高。</p>\r\n<p><strong>品牌经营</strong><br />\r\n统一的品牌建设、维护标准和企业形象识别系统<br />\r\n全意得市场宣传与品牌推广<br />\r\n标准化的管理系统平台</p>\r\n<p><strong>&nbsp;</strong></p>', '1', '0', 8, '', 0, 0, 0, 0, 0, 0, 0, 0, 0, 0, 0, 0, 0, 5, '协议价', 'uploadfile/2010/0426/20100426024223164.jpg', '服务', 0, '23.12725776926275,113.37684631347656', 'array (\n  ''tabletitle'' => \n  array (\n    0 => ''房型'',\n    1 => ''门市价(元)'',\n    2 => ''协议价(元)'',\n  ),\n  ''table_1'' => \n  array (\n    0 => ''标准单人房 '',\n    1 => ''标准双人房 '',\n    2 => ''豪华双人房 '',\n    3 => ''豪华大床房 '',\n    4 => ''普通单人房 '',\n  ),\n  ''table_2'' => \n  array (\n    0 => ''139 '',\n    1 => ''168 '',\n    2 => ''189 '',\n    3 => ''169 '',\n    4 => ''129 '',\n  ),\n  ''table_3'' => \n  array (\n    0 => ''109 '',\n    1 => ''139 '',\n    2 => ''149 '',\n    3 => ''139 '',\n    4 => ''100 '',\n  ),\n  ''title'' => '''',\n  ''keywords'' => '''',\n  ''description'' => '''',\n  ''defaultpic'' => ''uploadfile/2010/0426/20100426025128893.jpg'',\n  ''pricetable'' => \n  array (\n    0 => \n    array (\n      ''td1'' => ''标准单人房 '',\n      ''td2'' => ''139 '',\n      ''td3'' => ''109 '',\n    ),\n    1 => \n    array (\n      ''td1'' => ''标准双人房 '',\n      ''td2'' => ''168 '',\n      ''td3'' => ''139 '',\n    ),\n    2 => \n    array (\n      ''td1'' => ''豪华双人房 '',\n      ''td2'' => ''189 '',\n      ''td3'' => ''149 '',\n    ),\n    3 => \n    array (\n      ''td1'' => ''豪华大床房 '',\n      ''td2'' => ''169 '',\n      ''td3'' => ''139 '',\n    ),\n    4 => \n    array (\n      ''td1'' => ''普通单人房 '',\n      ''td2'' => ''129 '',\n      ''td3'' => ''100 '',\n    ),\n  ),\n)', 999, 1, 'shop/shop.php?id=125', 0, '广交、亚运会等其它节日除外', '1', ''),
(126, 0, 280104, 1704, 0, '吉旅(连锁)宾馆', '骏景', '广州市天河区中山大道科新路  ', 'http://www.jlinns.com/', '', '020-22832638 ', '', '', '', '', '', 1271404893, 'default', '<p><strong>宾馆理念</strong><br />\r\n执着于为我们得客户提供吉祥之旅，快乐之旅</p>\r\n<p><strong>宾馆简介</strong><br />\r\n吉旅连锁宾馆借鉴国际上完善成熟的经济型酒店模式，为商务和休闲旅行等客人提供&ldquo;最方便、最快捷、最实惠、最超值、最舒适体贴、快乐自主&rdquo;的体验式主题服务为宗旨的，便捷安全廉价的住宿休闲酒店产品，倡导&ldquo;吉祥之旅、快乐之旅&rdquo;的生活理念。全力以赴开创现代时尚、舒适体贴得管家式服务为目标。</p>\r\n<p><strong>宾馆远景</strong><br />\r\n我们以创建中国经济型酒店领导品牌为发展远景目标</p>\r\n<p><strong>宾馆使命</strong><br />\r\n酒店以创建经济型酒店服务连锁网络和中国最著名得酒店为发展目标，增强酒店投资者的获利能力为经营理念，从高端切入国内经济型酒店市场，通过品牌经营的方式，增强其竞争力和盈利能力，从而在国内酒店业打造一个消费者信赖和支持的酒店品牌。全心全意为客户服务，完完全全得让客户满意，使我们得服务和产品效益最高。</p>\r\n<p><strong>品牌经营</strong><br />\r\n统一的品牌建设、维护标准和企业形象识别系统<br />\r\n全意得市场宣传与品牌推广<br />\r\n标准化的管理系统平台</p>\r\n<p><strong>&nbsp;</strong></p>', '1', '0', 5, '', 0, 0, 0, 0, 0, 0, 0, 0, 0, 0, 0, 0, 0, 5, '协议价', 'uploadfile/2010/0426/20100426024205550.jpg', '服务', 0, '23.12725776926275,113.37684631347656', 'array (\n  ''tabletitle'' => \n  array (\n    0 => ''房型'',\n    1 => ''门市价(元)'',\n    2 => ''协议价(元)'',\n  ),\n  ''table_1'' => \n  array (\n    0 => ''标准单人房 '',\n    1 => ''标准双人房 '',\n    2 => ''豪华双人房 '',\n    3 => ''豪华大床房 '',\n    4 => ''普通单人房 '',\n  ),\n  ''table_2'' => \n  array (\n    0 => ''139 '',\n    1 => ''168 '',\n    2 => ''189'',\n    3 => ''169 '',\n    4 => ''129 '',\n  ),\n  ''table_3'' => \n  array (\n    0 => ''109'',\n    1 => ''139 '',\n    2 => ''149 '',\n    3 => ''139 '',\n    4 => ''100 '',\n  ),\n  ''title'' => '''',\n  ''keywords'' => '''',\n  ''description'' => '''',\n  ''defaultpic'' => ''uploadfile/2010/0426/20100426025226635.jpg'',\n  ''pricetable'' => \n  array (\n    0 => \n    array (\n      ''td1'' => ''标准单人房 '',\n      ''td2'' => ''139 '',\n      ''td3'' => ''109'',\n    ),\n    1 => \n    array (\n      ''td1'' => ''标准双人房 '',\n      ''td2'' => ''168 '',\n      ''td3'' => ''139 '',\n    ),\n    2 => \n    array (\n      ''td1'' => ''豪华双人房 '',\n      ''td2'' => ''189'',\n      ''td3'' => ''149 '',\n    ),\n    3 => \n    array (\n      ''td1'' => ''豪华大床房 '',\n      ''td2'' => ''169 '',\n      ''td3'' => ''139 '',\n    ),\n    4 => \n    array (\n      ''td1'' => ''普通单人房 '',\n      ''td2'' => ''129 '',\n      ''td3'' => ''100 '',\n    ),\n  ),\n)', 999, 1, 'shop/shop.php?id=126', 0, '广交、亚运会等其它节日除外', '0', ''),
(127, 0, 280102, 1704, 0, '吉旅(连锁)宾馆', '粤侨', '越秀区三元里大道中原华侨旅社6号楼', 'http://www.jlinns.com/', '', '020-86588278', '', '', '', '', '', 1271404940, 'default', '<p><strong>宾馆理念</strong><br />\r\n执着于为我们得客户提供吉祥之旅，快乐之旅</p>\r\n<p><strong>宾馆简介</strong><br />\r\n吉旅连锁宾馆借鉴国际上完善成熟的经济型酒店模式，为商务和休闲旅行等客人提供&ldquo;最方便、最快捷、最实惠、最超值、最舒适体贴、快乐自主&rdquo;的体验式主题服务为宗旨的，便捷安全廉价的住宿休闲酒店产品，倡导&ldquo;吉祥之旅、快乐之旅&rdquo;的生活理念。全力以赴开创现代时尚、舒适体贴得管家式服务为目标。</p>\r\n<p><strong>宾馆远景</strong><br />\r\n我们以创建中国经济型酒店领导品牌为发展远景目标</p>\r\n<p><strong>宾馆使命</strong><br />\r\n酒店以创建经济型酒店服务连锁网络和中国最著名得酒店为发展目标，增强酒店投资者的获利能力为经营理念，从高端切入国内经济型酒店市场，通过品牌经营的方式，增强其竞争力和盈利能力，从而在国内酒店业打造一个消费者信赖和支持的酒店品牌。全心全意为客户服务，完完全全得让客户满意，使我们得服务和产品效益最高。</p>\r\n<p><strong>品牌经营</strong><br />\r\n统一的品牌建设、维护标准和企业形象识别系统<br />\r\n全意得市场宣传与品牌推广<br />\r\n标准化的管理系统平台</p>\r\n<p><strong>&nbsp;</strong></p>', '1', '0', 6, '', 0, 0, 0, 0, 0, 0, 0, 0, 0, 0, 0, 0, 0, 5, '协议价', 'uploadfile/2010/0426/20100426024152788.jpg', '服务', 0, '23.157012164675915,113.25747728347778', 'array (\n  ''tabletitle'' => \n  array (\n    0 => ''房型'',\n    1 => ''门市价(元)'',\n    2 => ''协议价(元)'',\n  ),\n  ''table_1'' => \n  array (\n    0 => ''标准单人房'',\n    1 => ''标准双人房'',\n    2 => ''豪华双人房'',\n    3 => ''豪华大床房'',\n    4 => ''普通单人房'',\n  ),\n  ''table_2'' => \n  array (\n    0 => ''139'',\n    1 => ''168'',\n    2 => ''189'',\n    3 => ''169'',\n    4 => ''129'',\n  ),\n  ''table_3'' => \n  array (\n    0 => ''109'',\n    1 => ''139'',\n    2 => ''149'',\n    3 => ''139'',\n    4 => ''100'',\n  ),\n  ''title'' => '''',\n  ''keywords'' => '''',\n  ''description'' => '''',\n  ''defaultpic'' => ''uploadfile/2010/0426/20100426025443295.jpg'',\n  ''pricetable'' => \n  array (\n    0 => \n    array (\n      ''td1'' => ''标准单人房'',\n      ''td2'' => ''139'',\n      ''td3'' => ''109'',\n    ),\n    1 => \n    array (\n      ''td1'' => ''标准双人房'',\n      ''td2'' => ''168'',\n      ''td3'' => ''139'',\n    ),\n    2 => \n    array (\n      ''td1'' => ''豪华双人房'',\n      ''td2'' => ''189'',\n      ''td3'' => ''149'',\n    ),\n    3 => \n    array (\n      ''td1'' => ''豪华大床房'',\n      ''td2'' => ''169'',\n      ''td3'' => ''139'',\n    ),\n    4 => \n    array (\n      ''td1'' => ''普通单人房'',\n      ''td2'' => ''129'',\n      ''td3'' => ''100'',\n    ),\n  ),\n)', 999, 1, 'shop/shop.php?id=127', 0, '广交、亚运会等其它节日除外', '1', ''),
(128, 0, 280101, 1704, 0, '吉旅(连锁)宾馆', '荔湾', '广州市荔湾区南岸路77号南岸路77号', 'http://www.jlinns.com/', '', '020-81321588', '', '', '', '', '', 1271404998, 'default', '<p><strong>宾馆理念</strong><br />\r\n执着于为我们得客户提供吉祥之旅，快乐之旅</p>\r\n<p><strong>宾馆简介</strong><br />\r\n吉旅连锁宾馆借鉴国际上完善成熟的经济型酒店模式，为商务和休闲旅行等客人提供&ldquo;最方便、最快捷、最实惠、最超值、最舒适体贴、快乐自主&rdquo;的体验式主题服务为宗旨的，便捷安全廉价的住宿休闲酒店产品，倡导&ldquo;吉祥之旅、快乐之旅&rdquo;的生活理念。全力以赴开创现代时尚、舒适体贴得管家式服务为目标。</p>\r\n<p><strong>宾馆远景</strong><br />\r\n我们以创建中国经济型酒店领导品牌为发展远景目标</p>\r\n<p><strong>宾馆使命</strong><br />\r\n酒店以创建经济型酒店服务连锁网络和中国最著名得酒店为发展目标，增强酒店投资者的获利能力为经营理念，从高端切入国内经济型酒店市场，通过品牌经营的方式，增强其竞争力和盈利能力，从而在国内酒店业打造一个消费者信赖和支持的酒店品牌。全心全意为客户服务，完完全全得让客户满意，使我们得服务和产品效益最高。</p>\r\n<p><strong>品牌经营</strong><br />\r\n统一的品牌建设、维护标准和企业形象识别系统<br />\r\n全意得市场宣传与品牌推广<br />\r\n标准化的管理系统平台</p>\r\n<p><strong>&nbsp;</strong></p>', '1', '0', 5, '', 0, 0, 0, 0, 0, 0, 0, 0, 0, 0, 0, 0, 0, 5, '协议价', 'uploadfile/2010/0426/20100426024138906.jpg', '服务', 0, '23.136591257958038,113.23247909545898', 'array (\n  ''tabletitle'' => \n  array (\n    0 => ''房型'',\n    1 => ''门市价(元)'',\n    2 => ''协议价(元)'',\n  ),\n  ''table_1'' => \n  array (\n    0 => ''标准单人房'',\n    1 => ''标准双人房'',\n    2 => ''豪华双人房'',\n    3 => ''豪华大床房'',\n    4 => ''普通单人房'',\n  ),\n  ''table_2'' => \n  array (\n    0 => ''139 '',\n    1 => ''168 '',\n    2 => ''189 '',\n    3 => ''169 '',\n    4 => ''129 '',\n  ),\n  ''table_3'' => \n  array (\n    0 => ''109 '',\n    1 => ''139 '',\n    2 => ''149 '',\n    3 => ''139 '',\n    4 => ''100 '',\n  ),\n  ''title'' => '''',\n  ''keywords'' => '''',\n  ''description'' => '''',\n  ''defaultpic'' => ''uploadfile/2010/0426/20100426025727827.jpg'',\n  ''pricetable'' => \n  array (\n    0 => \n    array (\n      ''td1'' => ''标准单人房'',\n      ''td2'' => ''139 '',\n      ''td3'' => ''109 '',\n    ),\n    1 => \n    array (\n      ''td1'' => ''标准双人房'',\n      ''td2'' => ''168 '',\n      ''td3'' => ''139 '',\n    ),\n    2 => \n    array (\n      ''td1'' => ''豪华双人房'',\n      ''td2'' => ''189 '',\n      ''td3'' => ''149 '',\n    ),\n    3 => \n    array (\n      ''td1'' => ''豪华大床房'',\n      ''td2'' => ''169 '',\n      ''td3'' => ''139 '',\n    ),\n    4 => \n    array (\n      ''td1'' => ''普通单人房'',\n      ''td2'' => ''129 '',\n      ''td3'' => ''100 '',\n    ),\n  ),\n)', 999, 1, 'shop/shop.php?id=128', 0, '广交、亚运会等其它节日除外', '1', ''),
(129, 0, 280105, 1704, 0, '吉旅(连锁)宾馆', '新市', '白云区机场路1093号<新市好又多旁边>', 'http://www.jlinns.com/', '', '020--61161866', '', '', '', '', '', 1271405149, 'default', '<p><strong>宾馆理念</strong><br />\r\n执着于为我们得客户提供吉祥之旅，快乐之旅</p>\r\n<p><strong>宾馆简介</strong><br />\r\n吉旅连锁宾馆借鉴国际上完善成熟的经济型酒店模式，为商务和休闲旅行等客人提供&ldquo;最方便、最快捷、最实惠、最超值、最舒适体贴、快乐自主&rdquo;的体验式主题服务为宗旨的，便捷安全廉价的住宿休闲酒店产品，倡导&ldquo;吉祥之旅、快乐之旅&rdquo;的生活理念。全力以赴开创现代时尚、舒适体贴得管家式服务为目标。</p>\r\n<p><strong>宾馆远景</strong><br />\r\n我们以创建中国经济型酒店领导品牌为发展远景目标</p>\r\n<p><strong>宾馆使命</strong><br />\r\n酒店以创建经济型酒店服务连锁网络和中国最著名得酒店为发展目标，增强酒店投资者的获利能力为经营理念，从高端切入国内经济型酒店市场，通过品牌经营的方式，增强其竞争力和盈利能力，从而在国内酒店业打造一个消费者信赖和支持的酒店品牌。全心全意为客户服务，完完全全得让客户满意，使我们得服务和产品效益最高。</p>\r\n<p><strong>品牌经营</strong><br />\r\n统一的品牌建设、维护标准和企业形象识别系统<br />\r\n全意得市场宣传与品牌推广<br />\r\n标准化的管理系统平台</p>\r\n<p><strong>&nbsp;</strong></p>', '1', '0', 7, '', 0, 0, 0, 0, 0, 0, 0, 0, 0, 0, 0, 0, 0, 5, '协议价', 'uploadfile/2010/0426/20100426024122251.jpg', '服务', 0, '23.191020367601112,113.26123237609863', 'array (\n  ''tabletitle'' => \n  array (\n    0 => ''房型'',\n    1 => ''门市价(元)'',\n    2 => ''协议价(元)'',\n  ),\n  ''table_1'' => \n  array (\n    0 => ''标准单人房'',\n    1 => ''标准双人房'',\n    2 => ''豪华双人房'',\n    3 => ''豪华大床房'',\n    4 => ''普通单人房'',\n  ),\n  ''table_2'' => \n  array (\n    0 => ''139'',\n    1 => ''168'',\n    2 => ''189'',\n    3 => ''169'',\n    4 => ''129'',\n  ),\n  ''table_3'' => \n  array (\n    0 => ''109'',\n    1 => ''139'',\n    2 => ''149'',\n    3 => ''139'',\n    4 => ''100'',\n  ),\n  ''title'' => '''',\n  ''keywords'' => '''',\n  ''description'' => '''',\n  ''defaultpic'' => ''uploadfile/2010/0426/20100426024756169.jpg'',\n  ''pricetable'' => \n  array (\n    0 => \n    array (\n      ''td1'' => ''标准单人房'',\n      ''td2'' => ''139'',\n      ''td3'' => ''109'',\n    ),\n    1 => \n    array (\n      ''td1'' => ''标准双人房'',\n      ''td2'' => ''168'',\n      ''td3'' => ''139'',\n    ),\n    2 => \n    array (\n      ''td1'' => ''豪华双人房'',\n      ''td2'' => ''189'',\n      ''td3'' => ''149'',\n    ),\n    3 => \n    array (\n      ''td1'' => ''豪华大床房'',\n      ''td2'' => ''169'',\n      ''td3'' => ''139'',\n    ),\n    4 => \n    array (\n      ''td1'' => ''普通单人房'',\n      ''td2'' => ''129'',\n      ''td3'' => ''100'',\n    ),\n  ),\n)', 999, 1, 'shop/shop.php?id=129', 0, '广交、亚运会等其它节日除外', '1', ''),
(130, 0, 280107, 1704, 0, '吉旅(连锁)宾馆', '番禺', '广州市番禺区市桥捷进中路13号 ', 'http://www.jlinns.com/', '', '020-61938688', '', '', '', '', '', 1271405198, 'default', '<p><strong>宾馆理念</strong><br />\r\n执着于为我们得客户提供吉祥之旅，快乐之旅</p>\r\n<p><strong>宾馆简介</strong><br />\r\n吉旅连锁宾馆借鉴国际上完善成熟的经济型酒店模式，为商务和休闲旅行等客人提供&ldquo;最方便、最快捷、最实惠、最超值、最舒适体贴、快乐自主&rdquo;的体验式主题服务为宗旨的，便捷安全廉价的住宿休闲酒店产品，倡导&ldquo;吉祥之旅、快乐之旅&rdquo;的生活理念。全力以赴开创现代时尚、舒适体贴得管家式服务为目标。</p>\r\n<p><strong>宾馆远景</strong><br />\r\n我们以创建中国经济型酒店领导品牌为发展远景目标</p>\r\n<p><strong>宾馆使命</strong><br />\r\n酒店以创建经济型酒店服务连锁网络和中国最著名得酒店为发展目标，增强酒店投资者的获利能力为经营理念，从高端切入国内经济型酒店市场，通过品牌经营的方式，增强其竞争力和盈利能力，从而在国内酒店业打造一个消费者信赖和支持的酒店品牌。全心全意为客户服务，完完全全得让客户满意，使我们得服务和产品效益最高。</p>\r\n<p><strong>品牌经营</strong><br />\r\n统一的品牌建设、维护标准和企业形象识别系统<br />\r\n全意得市场宣传与品牌推广<br />\r\n标准化的管理系统平台</p>\r\n<p><strong>&nbsp;</strong></p>', '1', '0', 7, '', 0, 0, 0, 0, 0, 0, 0, 0, 0, 0, 0, 0, 0, 5, '协议价', 'uploadfile/2010/0426/20100426024056993.jpg', '服务', 0, '22.9494624188078,113.36465835571289', 'array (\n  ''tabletitle'' => \n  array (\n    0 => ''房型'',\n    1 => ''门市价(元)'',\n    2 => ''协议价(元)'',\n  ),\n  ''table_1'' => \n  array (\n    0 => ''标准单人房'',\n    1 => ''标准双人房'',\n    2 => ''豪华双人房'',\n    3 => ''豪华大床房'',\n    4 => ''普通单人房'',\n    5 => '''',\n  ),\n  ''table_2'' => \n  array (\n    0 => ''139'',\n    1 => ''168'',\n    2 => ''189'',\n    3 => ''169'',\n    4 => ''129'',\n    5 => '''',\n  ),\n  ''table_3'' => \n  array (\n    0 => ''109'',\n    1 => ''139'',\n    2 => ''149'',\n    3 => ''139'',\n    4 => ''100'',\n    5 => '''',\n  ),\n  ''title'' => '''',\n  ''keywords'' => '''',\n  ''description'' => '''',\n  ''defaultpic'' => ''uploadfile/2010/0426/20100426024637392.jpg'',\n  ''pricetable'' => \n  array (\n    0 => \n    array (\n      ''td1'' => ''标准单人房'',\n      ''td2'' => ''139'',\n      ''td3'' => ''109'',\n    ),\n    1 => \n    array (\n      ''td1'' => ''标准双人房'',\n      ''td2'' => ''168'',\n      ''td3'' => ''139'',\n    ),\n    2 => \n    array (\n      ''td1'' => ''豪华双人房'',\n      ''td2'' => ''189'',\n      ''td3'' => ''149'',\n    ),\n    3 => \n    array (\n      ''td1'' => ''豪华大床房'',\n      ''td2'' => ''169'',\n      ''td3'' => ''139'',\n    ),\n    4 => \n    array (\n      ''td1'' => ''普通单人房'',\n      ''td2'' => ''129'',\n      ''td3'' => ''100'',\n    ),\n  ),\n)', 999, 1, 'shop/shop.php?id=130', 0, '广交、亚运会等其它节日除外', '1', ''),
(131, 0, 280110, 1704, 0, '吉旅(连锁)宾馆', '开发区', '广州经济技术开发区宝石路7号', 'http://www.jlinns.com/', '', '400-700-6488', '13710514962', '', '', '', '', 1271405261, 'default', '<p><strong>宾馆理念</strong><br />\r\n执着于为我们得客户提供吉祥之旅，快乐之旅</p>\r\n<p><strong>宾馆简介</strong><br />\r\n吉旅连锁宾馆借鉴国际上完善成熟的经济型酒店模式，为商务和休闲旅行等客人提供&ldquo;最方便、最快捷、最实惠、最超值、最舒适体贴、快乐自主&rdquo;的体验式主题服务为宗旨的，便捷安全廉价的住宿休闲酒店产品，倡导&ldquo;吉祥之旅、快乐之旅&rdquo;的生活理念。全力以赴开创现代时尚、舒适体贴得管家式服务为目标。</p>\r\n<p><strong>宾馆远景</strong><br />\r\n我们以创建中国经济型酒店领导品牌为发展远景目标</p>\r\n<p><strong>宾馆使命</strong><br />\r\n酒店以创建经济型酒店服务连锁网络和中国最著名得酒店为发展目标，增强酒店投资者的获利能力为经营理念，从高端切入国内经济型酒店市场，通过品牌经营的方式，增强其竞争力和盈利能力，从而在国内酒店业打造一个消费者信赖和支持的酒店品牌。全心全意为客户服务，完完全全得让客户满意，使我们得服务和产品效益最高。</p>\r\n<p><strong>品牌经营</strong><br />\r\n统一的品牌建设、维护标准和企业形象识别系统<br />\r\n全意得市场宣传与品牌推广<br />\r\n标准化的管理系统平台</p>\r\n<p><strong>&nbsp;</strong></p>', '1', '0', 10, '', 0, 0, 0, 0, 0, 0, 0, 0, 0, 0, 0, 0, 0, 7, '协议价', 'uploadfile/2010/0426/20100426024038204.jpg', '服务', 0, '23.057107585025935,113.52765083312988', 'array (\n  ''tabletitle'' => \n  array (\n    0 => ''房型'',\n    1 => ''门市价(元)'',\n    2 => ''协议价(元)'',\n  ),\n  ''table_1'' => \n  array (\n    0 => ''标准单人房'',\n    1 => ''标准双人房'',\n    2 => ''豪华双人房'',\n    3 => ''豪华大床房'',\n    4 => ''普通单人房'',\n  ),\n  ''table_2'' => \n  array (\n    0 => ''139'',\n    1 => ''168'',\n    2 => ''189'',\n    3 => ''169'',\n    4 => ''129'',\n  ),\n  ''table_3'' => \n  array (\n    0 => ''109'',\n    1 => ''139'',\n    2 => ''149'',\n    3 => ''139'',\n    4 => ''100'',\n  ),\n  ''title'' => '''',\n  ''keywords'' => '''',\n  ''description'' => '''',\n  ''defaultpic'' => ''uploadfile/2010/0426/20100426024357779.jpg'',\n  ''pricetable'' => \n  array (\n    0 => \n    array (\n      ''td1'' => ''标准单人房'',\n      ''td2'' => ''139'',\n      ''td3'' => ''109'',\n    ),\n    1 => \n    array (\n      ''td1'' => ''标准双人房'',\n      ''td2'' => ''168'',\n      ''td3'' => ''139'',\n    ),\n    2 => \n    array (\n      ''td1'' => ''豪华双人房'',\n      ''td2'' => ''189'',\n      ''td3'' => ''149'',\n    ),\n    3 => \n    array (\n      ''td1'' => ''豪华大床房'',\n      ''td2'' => ''169'',\n      ''td3'' => ''139'',\n    ),\n    4 => \n    array (\n      ''td1'' => ''普通单人房'',\n      ''td2'' => ''129'',\n      ''td3'' => ''100'',\n    ),\n  ),\n)', 999, 1, 'shop/shop.php?id=131', 0, '广交、亚运会等其它节日除外', '1', ''),
(132, 0, 280105, 17, 0, '广花酒店', '', '白云区三元里大道409号', '', '', '020-86593622', '', '', '', '', '24小时', 1271471508, 'default', '<p><font face="Verdana">广州广花酒店座落于广州市三元里大道409号，与白云皮具城、广州火车站、省汽车客运站交汇的三角地段，酒店前20米有二号地铁线C2出口，围绕金龙盘鞋城，佳豪皮具城，美博城，易初莲花购物广场等，周围环境优雅，是洽谈业务的最佳选择。广花酒店是一家集旅业、餐厅、休闲中心为一体的综合性酒店，本酒店按标准四星级全新装修，拥有八十余间客房，每个房间配有分体空调、数字电视、程控电话、免费宽带、部分房间配有电脑，二十四小时冷热水供应等设施。广花酒店以&ldquo;宾客至上，服务第一&rdquo;为宗旨，我们全心全意为阁下提供优质周到的服务，使你享受到宾至如归之乐，以最完善的服务恭候各位宾客光临！并祝您旅途愉快，事业辉煌，万事如意！酒店总经理代全体员工向社会各界朋友致敬！</font></p>', '1', '0', 19, '', 0, 0, 0, 0, 0, 0, 0, 0, 0, 0, 0, 0, 0, 5, '3.5', 'uploadfile/2010/0419/20100419041726804.jpg', '服务', 0, '23.167112950568945,113.25361490249634', 'array (\n  ''tabletitle'' => \n  array (\n    0 => ''房型'',\n    1 => ''门市价(元)'',\n    2 => ''协议价(元)'',\n  ),\n  ''table_1'' => \n  array (\n    0 => '''',\n    1 => '''',\n    2 => '''',\n  ),\n  ''table_2'' => \n  array (\n    0 => '''',\n    1 => '''',\n    2 => '''',\n  ),\n  ''table_3'' => \n  array (\n    0 => '''',\n    1 => '''',\n    2 => '''',\n  ),\n  ''title'' => '''',\n  ''keywords'' => '''',\n  ''description'' => '''',\n  ''defaultpic'' => ''uploadfile/2010/0419/20100419041932445.jpg'',\n  ''pricetable'' => '''',\n)', 999, 1, 'shop/shop.php?id=132', 0, '广交、亚运会等其它节日除外', '0', '');
INSERT INTO `dc_shop` (`id`, `userid`, `areacode`, `catcode`, `ownerid`, `shopname`, `subname`, `address`, `website`, `videourl`, `tel1`, `tel2`, `mobile`, `bus`, `park`, `storehours`, `inputtime`, `template`, `content`, `status`, `elite`, `hits`, `shopdomain`, `avgsort`, `sort1`, `sort2`, `sort3`, `sort4`, `sort5`, `sort6`, `sort7`, `sort8`, `avgprice`, `enjoy`, `reviews`, `gbook`, `pics`, `discount`, `thumb`, `main`, `adminid`, `map`, `setting`, `listorder`, `posids`, `url`, `aid`, `discountchuwai`, `isimg`, `description`) VALUES
(133, 0, 280105, 1701, 0, '维也纳酒店', '三元里', '广州三元里大道603号(原云浮酒店)', '', '', '020-36308688', '', '', '', '', '', 1271472960, 'default', '<p>维也纳酒店创立于1993年，是全球首家以&ldquo;音乐艺术&rdquo;为主题的连锁酒店，坚持为顾客创造&ldquo;五星体验，二星消费&rdquo;的核心消费价值战略，树立&ldquo;创世界品牌、立百年伟业&rdquo;的宏图愿景，以塑造属于中国的世界顶级酒店民族品牌为己任，集合全球酒店行业管理精英，历经十七年的创新发展，维也纳酒店在研究长远战略，管理模式，人才梯队，品牌培育，扩张发展，资本管理，等方面处于全球酒店行业领先地位，已开和拟开的分店网络遍布全国各大中城市。</p>\r\n<p>维也纳酒店现拥有精品商务酒店52家、12000多间客房、8000多个餐位、4000多名员工。国际著名风险基金软银赛富已巨额注资维也纳酒店，已经启动中国A股上市计划。计划以每年新开60-80家分店的发展速度，用3到5年的时间，完成全国达300家酒店以上的战略大宏图。</p>\r\n<p>&nbsp;</p>', '1', '0', 10, '', 0, 0, 0, 0, 0, 0, 0, 0, 0, 0, 0, 0, 0, 5, '协议价', 'uploadfile/2010/0417/20100417042234243.jpg', '服务', 0, '23.1671918599595,113.25389385223388', 'array (\n  ''tabletitle'' => \n  array (\n    0 => ''房型'',\n    1 => ''门市价(元)'',\n    2 => ''协议价(元)'',\n  ),\n  ''table_1'' => \n  array (\n    0 => ''标准房(双)'',\n    1 => ''豪华房(单/双)'',\n    2 => ''豪华三人房'',\n    3 => ''商务房(单)'',\n    4 => ''商务套房(一房一厅)'',\n    5 => ''行政套房(一房一厅)'',\n  ),\n  ''table_2'' => \n  array (\n    0 => ''488'',\n    1 => ''588'',\n    2 => ''688'',\n    3 => ''688'',\n    4 => ''988'',\n    5 => ''1288'',\n  ),\n  ''table_3'' => \n  array (\n    0 => ''168'',\n    1 => ''218'',\n    2 => ''258'',\n    3 => ''258'',\n    4 => ''308'',\n    5 => ''378'',\n  ),\n  ''title'' => '''',\n  ''keywords'' => '''',\n  ''description'' => '''',\n  ''defaultpic'' => ''uploadfile/2010/0419/20100419110038367.jpg'',\n  ''pricetable'' => \n  array (\n    0 => \n    array (\n      ''td1'' => ''标准房(双)'',\n      ''td2'' => ''488'',\n      ''td3'' => ''168'',\n    ),\n    1 => \n    array (\n      ''td1'' => ''豪华房(单/双)'',\n      ''td2'' => ''588'',\n      ''td3'' => ''218'',\n    ),\n    2 => \n    array (\n      ''td1'' => ''豪华三人房'',\n      ''td2'' => ''688'',\n      ''td3'' => ''258'',\n    ),\n    3 => \n    array (\n      ''td1'' => ''商务房(单)'',\n      ''td2'' => ''688'',\n      ''td3'' => ''258'',\n    ),\n    4 => \n    array (\n      ''td1'' => ''商务套房(一房一厅)'',\n      ''td2'' => ''988'',\n      ''td3'' => ''308'',\n    ),\n    5 => \n    array (\n      ''td1'' => ''行政套房(一房一厅)'',\n      ''td2'' => ''1288'',\n      ''td3'' => ''378'',\n    ),\n  ),\n)', 999, 1, 'shop/shop.php?id=133', 0, '广交、亚运会等其它节日除外', '1', ''),
(134, 0, 280105, 17, 0, '穗源酒店', '', '白云区三元里大道361号', '', '', '020-86578588', '', '', '', '', '', 1271473786, 'default', '<p>广州穗源酒店座落于广州市广花二路与白云皮具城,广州火车站,省汽车站交汇的三角地段,酒店门口设有二号地铁线C2出口.围绕金龙盘鞋,佳豪皮具城,美博城,易初莲花购物广场等,周围环境幽雅,交通十分便利,是阁旅游,恰谈业务的最佳选择.<br />\r\n穗源酒店是一家集旅业.餐厅,休闲中心为一体的综合性酒店,本酒店按标准三星级全新装修,拥有八十余间客房,每个房间配有分体空调,数字电视,程控电话,宽带.二十四小姐冷热水供应等设施.<br />\r\n穗源酒店以&quot;宾客至上,服务第一&quot;为宗旨,我们全心全意为阁下提供优质周到的服务,使您享受到宾至如归之乐,以最完善的服务恭候各位宾客的光临!</p>', '1', '1', 8, '', 0, 0, 0, 0, 0, 0, 0, 0, 0, 0, 0, 0, 0, 4, '协议价', 'uploadfile/2010/0419/20100419050143861.jpg', '服务', 0, '23.159695260229153,113.25642585754394', 'array (\n  ''tabletitle'' => \n  array (\n    0 => ''房型'',\n    1 => ''门市价(元)'',\n    2 => ''协议价(元)'',\n  ),\n  ''table_1'' => \n  array (\n    0 => ''豪华舒适套房'',\n    1 => ''豪华优雅双人房'',\n    2 => ''豪华温馨蜜月房'',\n    3 => ''标准舒适双人房'',\n    4 => ''标准舒适单人房'',\n  ),\n  ''table_2'' => \n  array (\n    0 => ''588'',\n    1 => ''388'',\n    2 => ''368'',\n    3 => ''328'',\n    4 => ''328'',\n  ),\n  ''table_3'' => \n  array (\n    0 => ''268'',\n    1 => ''188'',\n    2 => ''168'',\n    3 => ''148'',\n    4 => ''128'',\n  ),\n  ''title'' => '''',\n  ''keywords'' => '''',\n  ''description'' => '''',\n  ''defaultpic'' => ''uploadfile/2010/0419/20100419040610848.jpg'',\n  ''pricetable'' => \n  array (\n    0 => \n    array (\n      ''td1'' => ''豪华舒适套房'',\n      ''td2'' => ''588'',\n      ''td3'' => ''268'',\n    ),\n    1 => \n    array (\n      ''td1'' => ''豪华优雅双人房'',\n      ''td2'' => ''388'',\n      ''td3'' => ''188'',\n    ),\n    2 => \n    array (\n      ''td1'' => ''豪华温馨蜜月房'',\n      ''td2'' => ''368'',\n      ''td3'' => ''168'',\n    ),\n    3 => \n    array (\n      ''td1'' => ''标准舒适双人房'',\n      ''td2'' => ''328'',\n      ''td3'' => ''148'',\n    ),\n    4 => \n    array (\n      ''td1'' => ''标准舒适单人房'',\n      ''td2'' => ''328'',\n      ''td3'' => ''128'',\n    ),\n  ),\n)', 999, 1, 'shop/shop.php?id=134', 0, '广交、亚运会等其它节日除外', '1', ''),
(139, 0, 280104, 1703, 0, '远洋大厦酒店', '', '天河区龙口东路6号', '', '', '020-61082888', '', '', '', '', '', 1271646580, 'default', '<div>广州天河远洋大厦（酒店）是由中远集团广州远洋运输公司投资兴建的三星级酒店。大厦位于天河繁华商业中心<span>,距广州花都机场25分钟车程、广州火车东站（广九直通车站）5分钟车程、距广州会展中心10分钟车程，大厦毗邻天河娱乐广场、天河电脑城、天河城、正佳广场友谊商店、交通、购物、娱乐十分便利，是开展商务活动、旅游居停的最佳选择。</span></div>\r\n<div>大厦拥有标准房、三人房、豪华房、商务房、商务套房共<span>200余套，配备完善舒适。各类客房均设有24小时音乐频道、国际长途直拨电话及电话留言、免费宽带上网、备有中央空调系统、迷你酒吧、电冰箱和保险箱。</span></div>\r\n<div>大厦拥有容纳<span>20－300人的大小会议室多间。配有投影机、幻灯机、电子白板及高级音响设备， 功能设施齐全，承接各类会议、宴会、酒会、招待会、讲座、小型展览会，配备完善视听器材。</span></div>\r\n<div>大厦拥有娱乐健康中心内设桑拿、按摩、沐足、卡拉<span>OK、西餐酒廊、健身房茶艺馆、棋牌等场所。位于大厦大堂左侧的商场，备有日用、药用、工艺、图书、服饰、食品、文具等商品供您选购。</span></div>\r\n<p>广州天河远洋大厦（酒店）热诚欢迎您的光临</p>\r\n<!--ine_text_end-->', '1', '1', 13, '', 0, 0, 0, 0, 0, 0, 0, 0, 0, 0, 0, 0, 0, 10, '协议价', 'uploadfile/2010/0419/20100419111341801.jpg', '服务', 0, '23.135900641513267,113.3415699005127', 'array (\n  ''tabletitle'' => \n  array (\n    0 => ''房型'',\n    1 => ''门市价(元)'',\n    2 => ''协议价(元)'',\n  ),\n  ''table_1'' => \n  array (\n    0 => ''标准房'',\n    1 => ''豪华房'',\n    2 => ''三人房'',\n    3 => ''商务房'',\n    4 => ''标准套房'',\n    5 => ''豪华套房'',\n    6 => ''高务套房'',\n  ),\n  ''table_2'' => \n  array (\n    0 => ''406'',\n    1 => ''436'',\n    2 => ''468'',\n    3 => ''490'',\n    4 => ''868'',\n    5 => ''988'',\n    6 => ''1218'',\n  ),\n  ''table_3'' => \n  array (\n    0 => ''258'',\n    1 => ''278'',\n    2 => ''318'',\n    3 => ''318'',\n    4 => ''450'',\n    5 => ''550'',\n    6 => ''650'',\n  ),\n  ''title'' => '''',\n  ''keywords'' => '''',\n  ''description'' => '''',\n  ''defaultpic'' => ''uploadfile/2010/0419/20100419112853859.jpg'',\n  ''pricetable'' => \n  array (\n    0 => \n    array (\n      ''td1'' => ''标准房'',\n      ''td2'' => ''406'',\n      ''td3'' => ''258'',\n    ),\n    1 => \n    array (\n      ''td1'' => ''豪华房'',\n      ''td2'' => ''436'',\n      ''td3'' => ''278'',\n    ),\n    2 => \n    array (\n      ''td1'' => ''三人房'',\n      ''td2'' => ''468'',\n      ''td3'' => ''318'',\n    ),\n    3 => \n    array (\n      ''td1'' => ''商务房'',\n      ''td2'' => ''490'',\n      ''td3'' => ''318'',\n    ),\n    4 => \n    array (\n      ''td1'' => ''标准套房'',\n      ''td2'' => ''868'',\n      ''td3'' => ''450'',\n    ),\n    5 => \n    array (\n      ''td1'' => ''豪华套房'',\n      ''td2'' => ''988'',\n      ''td3'' => ''550'',\n    ),\n    6 => \n    array (\n      ''td1'' => ''高务套房'',\n      ''td2'' => ''1218'',\n      ''td3'' => ''650'',\n    ),\n  ),\n)', 999, 1, 'shop/shop.php?id=139', 0, '广交、亚运会等其它节日除外', '1', ''),
(140, 0, 280104, 1710, 0, '怡东商务酒店', '', '天河区中山大道292号', '', '', '020-82569006', '', '', '', '', '24小时', 1271665537, 'default', '<p><font size="2"><strong>广州怡东商务酒店</strong>是一家三星标准的商务涉外酒店，座落于天河区东圃的中山大道292号，与五星级的嘉逸皇冠酒店和四星级的华金盾酒店并肩而立，与繁华的东圃商业街隔路相连。离广州琶潖馆5分钟车程（直接从酒店上环城高速）。酒店由2007看9月份全面装修升级改造，共有不同规格的大床房和双人房六十多间。房间均配有冰箱等设备，可免费宽带上网。酒店的配套设施有：新开业的胜凯女人街、酒楼，以及大型的KTV夜总会。</font></p>', '1', '1', 16, '', 0, 0, 0, 0, 0, 0, 0, 0, 0, 0, 0, 0, 0, 3, '6', 'uploadfile/2010/0419/20100419042537932.jpg', '服务', 0, '23.11983787307384,113.40594291687012', 'array (\n  ''tabletitle'' => \n  array (\n    0 => ''房型'',\n    1 => ''门市价(元)'',\n    2 => ''协议价(元)'',\n  ),\n  ''table_1'' => \n  array (\n    0 => '''',\n    1 => '''',\n    2 => '''',\n  ),\n  ''table_2'' => \n  array (\n    0 => '''',\n    1 => '''',\n    2 => '''',\n  ),\n  ''table_3'' => \n  array (\n    0 => '''',\n    1 => '''',\n    2 => '''',\n  ),\n  ''title'' => '''',\n  ''keywords'' => '''',\n  ''description'' => '''',\n  ''defaultpic'' => ''uploadfile/2010/0419/20100419042601708.jpg'',\n  ''pricetable'' => '''',\n)', 999, 1, 'shop/shop.php?id=140', 0, '广交、亚运会等其它节日除外', '1', ''),
(138, 0, 280104, 2309, 0, 'test', '', 'fjlkfdl;dfg;lrt;h', '', '', '020-87579755', '', '', '', '', '', 1271495477, 'default', '', '0', '0', 1, '', 0, 0, 0, 0, 0, 0, 0, 0, 0, 0, 0, 0, 0, 0, '', '', '房子', 3, '23.12463322522444,113.36113929748535', 'array (\n  ''defaultpic'' => '''',\n)', 999, 0, 'shop/shop.php?id=138', 0, '0', '0', ''),
(154, 0, 280108, 1708, 0, '山水时尚酒店', '花都', '花都区新街大道50号', 'http://www.shanshuihotel.com', '', '020-61860666', '400 716 0888 ', '', '', '', '', 1271905058, 'default', '<p>&nbsp;&nbsp;&nbsp;&nbsp;&nbsp; 山水时尚酒店（广州.花都店）位于广州市花都区新街大道50号，是山水品牌下的快捷型酒店，拥有客房83套。酒店周边环境清幽，装饰精美，温馨舒适，设计融入绿色生态理念。设有餐厅、商务中心等配套设施，满足商旅人士需求。<br />\r\n距广州白云机场约20车程分钟<br />\r\n距广州火车总站60分钟车程<br />\r\n距金城购物广场8分钟车程</p>', '1', '0', 18, '', 0, 0, 0, 0, 0, 0, 0, 0, 0, 0, 0, 0, 0, 7, '协议价', 'uploadfile/2010/0422/thumb_120_90_20100422105941607.jpg', '服务', 0, '23.37377442204459,113.19952011108398', 'array (\n  ''tabletitle'' => \n  array (\n    0 => ''房型'',\n    1 => ''门市价(元)'',\n    2 => ''协议价(元)'',\n  ),\n  ''table_1'' => \n  array (\n    0 => ''单人房(标准)'',\n    1 => ''双人房(标准)'',\n    2 => ''单人房(标准)'',\n    3 => ''双人房(豪华)'',\n    4 => ''时尚房(浪漫日式)'',\n  ),\n  ''table_2'' => \n  array (\n    0 => '''',\n    1 => '''',\n    2 => '''',\n    3 => '''',\n    4 => '''',\n  ),\n  ''table_3'' => \n  array (\n    0 => ''98'',\n    1 => ''108'',\n    2 => ''108'',\n    3 => ''118'',\n    4 => ''108'',\n  ),\n  ''title'' => '''',\n  ''keywords'' => '''',\n  ''description'' => '''',\n  ''defaultpic'' => ''uploadfile/2010/0422/20100422105941607.jpg'',\n  ''pricetable'' => \n  array (\n    0 => \n    array (\n      ''td1'' => ''单人房(标准)'',\n      ''td2'' => '''',\n      ''td3'' => ''98'',\n    ),\n    1 => \n    array (\n      ''td1'' => ''双人房(标准)'',\n      ''td2'' => '''',\n      ''td3'' => ''108'',\n    ),\n    2 => \n    array (\n      ''td1'' => ''单人房(标准)'',\n      ''td2'' => '''',\n      ''td3'' => ''108'',\n    ),\n    3 => \n    array (\n      ''td1'' => ''双人房(豪华)'',\n      ''td2'' => '''',\n      ''td3'' => ''118'',\n    ),\n    4 => \n    array (\n      ''td1'' => ''时尚房(浪漫日式)'',\n      ''td2'' => '''',\n      ''td3'' => ''108'',\n    ),\n  ),\n)', 999, 1, 'shop/shop.php?id=154', 603, '广交、亚运会等其它节日除外', '1', ''),
(141, 0, 280104, 1710, 0, '圣淘沙商务宾馆', '', '天河区天阳路146-150号太阳广场二楼', '', '', '020-38825368', '', '', '', '', '', 1271666889, 'default', '<p><span id="ctl00_ctl00_CPHContentTopLeft_CPHContentTopLeft_lblBusiness">圣淘沙商务宾馆是一家专业的经济型商务宾馆。位于广州天河商业区，毗邻石牌电脑城、天河城广场、火车站。地铁3号线石牌和师大出口。宾馆至琶洲会展中心只需15分钟车程，距火车东站一公里。宾馆配置全天候热水，数字电视，免费宽带上网等，交通便利、环境舒适，是您商务旅游、休闲娱乐的理想场所。</span></p>', '1', '1', 18, '', 0, 0, 0, 0, 0, 0, 0, 0, 0, 0, 0, 0, 0, 3, '8', 'uploadfile/2010/0419/20100419045410742.jpg', '服务', 0, '23.14438511122702,113.33976745605469', 'array (\n  ''title'' => '''',\n  ''keywords'' => '''',\n  ''description'' => '''',\n  ''defaultpic'' => ''uploadfile/2010/0419/20100419045434571.jpg'',\n)', 999, 1, 'shop/shop.php?id=141', 0, '0', '1', ''),
(142, 0, 280104, 1710, 0, '新天河宾馆', '', '天河区天河路178-188号', 'http://www.newtianhe-hotel.com', '', '020-85595888', '', '', '', '', '', 1271733893, 'default', '<p>&nbsp;&nbsp;广州新天河宾馆是一家商务型酒店，地处广州市最繁华的商业金融中心天河路中段，与天河城商业广场、天河体育中心、广州购书中心仅一路之隔。东临地铁站口，西临环市东路立交桥通达全市，交通极为便捷。<br />\r\n　　广州新天河宾馆以其现代化设备和园林式建筑、宽敞舒适、幽静雅致而独具一格。宾馆拥有总统房、豪华房、标准房，多功能大、中、小会议厅3间，设有中西餐厅、豪华酒家、风味食街、卡拉OK歌舞厅、咖啡厅、美容美发室、商场、商务中心、票务中心、停车场等服务项目。无论您是政务商界日理万机，或是旅游度假消闲休逸，宾馆秉承顾客至上的宗旨，以一流的水准为各界人士提供吃、住、行、购、娱、游等尽善尽美的高品质服务。</p>', '1', '1', 18, '', 0, 0, 0, 0, 0, 0, 0, 0, 0, 0, 0, 0, 0, 6, '协议价', 'uploadfile/2010/0420/20100420112453818.jpg', '服务', 0, '23.133217069566335,113.3195972442627', 'array (\n  ''tabletitle'' => \n  array (\n    0 => ''房型'',\n    1 => ''门市价(元)'',\n    2 => ''协议价(元)'',\n  ),\n  ''table_1'' => \n  array (\n    0 => ''豪华单/双人房'',\n    1 => ''商务单/双人房'',\n    2 => ''豪华套房'',\n    3 => ''商务套房'',\n    4 => ''贵宾套房'',\n  ),\n  ''table_2'' => \n  array (\n    0 => ''438'',\n    1 => ''488'',\n    2 => ''768'',\n    3 => ''818'',\n    4 => ''1280'',\n  ),\n  ''table_3'' => \n  array (\n    0 => ''270'',\n    1 => ''290'',\n    2 => ''460'',\n    3 => ''490'',\n    4 => ''800'',\n  ),\n  ''title'' => '''',\n  ''keywords'' => '''',\n  ''description'' => '''',\n  ''defaultpic'' => ''uploadfile/2010/0420/20100420112520426.jpg'',\n  ''pricetable'' => \n  array (\n    0 => \n    array (\n      ''td1'' => ''豪华单/双人房'',\n      ''td2'' => ''438'',\n      ''td3'' => ''270'',\n    ),\n    1 => \n    array (\n      ''td1'' => ''商务单/双人房'',\n      ''td2'' => ''488'',\n      ''td3'' => ''290'',\n    ),\n    2 => \n    array (\n      ''td1'' => ''豪华套房'',\n      ''td2'' => ''768'',\n      ''td3'' => ''460'',\n    ),\n    3 => \n    array (\n      ''td1'' => ''商务套房'',\n      ''td2'' => ''818'',\n      ''td3'' => ''490'',\n    ),\n    4 => \n    array (\n      ''td1'' => ''贵宾套房'',\n      ''td2'' => ''1280'',\n      ''td3'' => ''800'',\n    ),\n  ),\n)', 999, 1, 'shop/shop.php?id=142', 0, '广交、亚运会等其它节日除外', '1', ''),
(143, 0, 280104, 1710, 0, '广梅汕铁路大厦宾馆', '', '天河区天河路472号 ', '', '', '020-61218688', '', '', '', '', '', 1271735009, 'default', '<p>　广梅汕铁路大厦（宾馆）是一家按三星级标准建造的商务型酒店，地处广州市最繁华的商业金融中心天河路中段，与天河城商业广场、天河体育中心、广州购书中心仅一路之隔。东临地铁站口，西临环市东路立交桥通达全市，交通极为便捷。<br />\r\n&nbsp;&nbsp;&nbsp;&nbsp;&nbsp;&nbsp;&nbsp; 宾馆以其现代化设备和园林式建筑、宽敞舒适、幽静雅致而独具一格。宾馆拥有总统房、豪华房、标准房230间，多功能大、中、小会议厅3间，设有中西餐厅、豪华酒家、风味食街、卡拉OK歌舞厅、咖啡厅、美容美发室、商场、商务中心、票务中心、停车场等服务项目。无论您是政务商界日理万机，或是旅游度假消闲休逸，宾馆秉承顾客至上的宗旨，以一流的水准为各界人士提供吃、住、行、购、娱、游等尽善尽美的高品质服务。</p>', '1', '1', 18, '', 0, 0, 0, 0, 0, 0, 0, 0, 0, 0, 0, 0, 0, 4, '协议价', 'uploadfile/2010/0420/20100420114329714.jpg', '服务', 0, '23.132704027638514,113.33187103271484', 'array (\n  ''tabletitle'' => \n  array (\n    0 => ''房型'',\n    1 => ''门市价(元)'',\n    2 => ''协议价(元)'',\n  ),\n  ''table_1'' => \n  array (\n    0 => ''标准双人房'',\n    1 => ''标准单人房'',\n    2 => ''豪华双人房'',\n    3 => ''商务二人房'',\n  ),\n  ''table_2'' => \n  array (\n    0 => ''388'',\n    1 => ''388'',\n    2 => ''488'',\n    3 => ''588'',\n  ),\n  ''table_3'' => \n  array (\n    0 => ''150'',\n    1 => ''150'',\n    2 => ''238'',\n    3 => ''268'',\n  ),\n  ''title'' => '''',\n  ''keywords'' => '''',\n  ''description'' => '''',\n  ''defaultpic'' => ''uploadfile/2010/0420/20100420114653381.jpg'',\n  ''pricetable'' => \n  array (\n    0 => \n    array (\n      ''td1'' => ''标准双人房'',\n      ''td2'' => ''388'',\n      ''td3'' => ''150'',\n    ),\n    1 => \n    array (\n      ''td1'' => ''标准单人房'',\n      ''td2'' => ''388'',\n      ''td3'' => ''150'',\n    ),\n    2 => \n    array (\n      ''td1'' => ''豪华双人房'',\n      ''td2'' => ''488'',\n      ''td3'' => ''238'',\n    ),\n    3 => \n    array (\n      ''td1'' => ''商务二人房'',\n      ''td2'' => ''588'',\n      ''td3'' => ''268'',\n    ),\n  ),\n)', 999, 1, 'shop/shop.php?id=143', 0, '广交、亚运会等其它节日除外', '1', ''),
(144, 0, 280105, 1702, 0, '中央海航商务酒店', '', '广州市白云区机场路33号', 'http://www.hnahotel.com', '', '020-86578331 ', '', '', '', '', '', 1271748159, 'default', '<p>广州中央海航酒店是一家四星级商务型酒店。它位于广州市机场路之交通枢纽地带，火车站、地铁站、高速路出入口、白云山旅游区近在咫尺，而距中国进出口交易会琶洲展馆仅25分钟车程，距新机场仅20分钟车程，为您的吃、住、行、娱乐及商业活动提供了极其便利的条件。<br />\r\n&nbsp;&nbsp;&nbsp;&nbsp;&nbsp;&nbsp;&nbsp;&nbsp;2006年全新装修的酒店客房231间，处处尽见别具匠心，典雅的布置，一丝不苟的选料，贴心的服务，入住中央海航酒店，您将体验到传统的亚洲式无微不至的照顾。<br />\r\n&nbsp;&nbsp;&nbsp;&nbsp;&nbsp;&nbsp;&nbsp; 设施齐备的大、中、小型会议室及大型宴会厅，可容纳10-500人不等，为您度身定做，提供高效、专业的宴会及会议服务，是您成功举办会议的首选。<br />\r\n&nbsp;&nbsp;&nbsp;&nbsp;&nbsp;&nbsp;&nbsp; 京华厅主营粤菜，出自本地名厨的美味佳肴，精巧点心，令人倍感&ldquo;吃在广州&rdquo;果然名不虚传。<br />\r\n&nbsp;&nbsp;&nbsp;&nbsp;&nbsp;&nbsp;&nbsp; 步云阁 西餐厅格调高雅，充满异国风情,展示着各色欧美佳酿琳琅满目。<br />\r\n&nbsp;&nbsp;&nbsp;&nbsp;&nbsp;&nbsp;&nbsp; 故乡屋 感受韩国饮食文化，室内装修别具一格，品尝特有的食趣和情趣。<br />\r\n经过一天紧张的行程或会议后，最好的放松方式，莫过于充分享用酒店的室外游泳池，美容美发中心，桑拿中心，健身中心及夜总会等各式各样的娱乐设施。<br />\r\n&nbsp;&nbsp;&nbsp;&nbsp;&nbsp;&nbsp; 入住中央海航酒店，感受温文尔雅的亚洲式服务理念。</p>', '1', '1', 24, '', 0, 0, 0, 0, 0, 0, 0, 0, 0, 0, 0, 0, 0, 5, '协议价', 'uploadfile/2010/0420/thumb_120_90_20100420034614667.jpg', '服务', 0, '23.157525113569168,113.26260566711426', 'array (\n  ''tabletitle'' => \n  array (\n    0 => ''房型'',\n    1 => ''门市价(元)'',\n    2 => ''协议价(元)'',\n  ),\n  ''table_1'' => \n  array (\n    0 => ''标准双人房'',\n    1 => ''豪华双人房'',\n    2 => ''豪华单人房'',\n    3 => ''行政套房'',\n    4 => ''豪华套房'',\n    5 => ''商务套房'',\n  ),\n  ''table_2'' => \n  array (\n    0 => ''1500'',\n    1 => ''1600'',\n    2 => ''1800'',\n    3 => ''3200'',\n    4 => ''3800'',\n    5 => ''4200'',\n  ),\n  ''table_3'' => \n  array (\n    0 => ''398'',\n    1 => ''428'',\n    2 => ''468'',\n    3 => ''750'',\n    4 => ''1100'',\n    5 => ''1300'',\n  ),\n  ''title'' => '''',\n  ''keywords'' => '''',\n  ''description'' => '''',\n  ''defaultpic'' => ''uploadfile/2010/0420/20100420034614667.jpg'',\n  ''pricetable'' => \n  array (\n    0 => \n    array (\n      ''td1'' => ''标准双人房'',\n      ''td2'' => ''1500'',\n      ''td3'' => ''398'',\n    ),\n    1 => \n    array (\n      ''td1'' => ''豪华双人房'',\n      ''td2'' => ''1600'',\n      ''td3'' => ''428'',\n    ),\n    2 => \n    array (\n      ''td1'' => ''豪华单人房'',\n      ''td2'' => ''1800'',\n      ''td3'' => ''468'',\n    ),\n    3 => \n    array (\n      ''td1'' => ''行政套房'',\n      ''td2'' => ''3200'',\n      ''td3'' => ''750'',\n    ),\n    4 => \n    array (\n      ''td1'' => ''豪华套房'',\n      ''td2'' => ''3800'',\n      ''td3'' => ''1100'',\n    ),\n    5 => \n    array (\n      ''td1'' => ''商务套房'',\n      ''td2'' => ''4200'',\n      ''td3'' => ''1300'',\n    ),\n  ),\n)', 999, 1, 'shop/shop.php?id=144', 542, '广交、亚运会等其它节日除外', '1', ''),
(145, 0, 280104, 1710, 0, '新中航酒店', '', '天河区天河直街30号', '', '', '020-61006100', '', '', '', '', '', 1271750956, 'default', '<p>&nbsp;从酒店步行两百米，就可到广州最大的书城---天河购书中心，从购书中心前行100米即可到天河体育中心。广州最大的购物中心---正佳广场，人气最旺的商场---天河城等距中航酒店均只有数百米之遥。<br />\r\n酒店虽地处繁华的商业旺区，但闹中取静，环境较好，&nbsp;客房简约淡雅，干净舒适。酒店将以专业的服务，舒适的环境恭迎八方宾客。</p>', '1', '1', 14, '', 0, 0, 0, 0, 0, 0, 0, 0, 0, 0, 0, 0, 0, 5, '协议价', 'uploadfile/2010/0421/20100421101731628.jpg', '服务', 0, '23.13491404042218,113.31856727600097', 'array (\n  ''tabletitle'' => \n  array (\n    0 => ''房型'',\n    1 => ''门市价(元)'',\n    2 => ''协议价(元)'',\n  ),\n  ''table_1'' => \n  array (\n    0 => ''标单、标双'',\n    1 => ''豪单、豪双'',\n    2 => ''豪华电脑房'',\n    3 => ''豪华子母房'',\n    4 => ''豪华三人间'',\n  ),\n  ''table_2'' => \n  array (\n    0 => ''318'',\n    1 => ''318'',\n    2 => ''318'',\n    3 => ''318'',\n    4 => ''338'',\n  ),\n  ''table_3'' => \n  array (\n    0 => ''150'',\n    1 => ''168'',\n    2 => ''178'',\n    3 => ''178'',\n    4 => ''200'',\n  ),\n  ''title'' => '''',\n  ''keywords'' => '''',\n  ''description'' => '''',\n  ''defaultpic'' => ''uploadfile/2010/0421/20100421100833414.jpg'',\n  ''pricetable'' => \n  array (\n    0 => \n    array (\n      ''td1'' => ''标单、标双'',\n      ''td2'' => ''318'',\n      ''td3'' => ''150'',\n    ),\n    1 => \n    array (\n      ''td1'' => ''豪单、豪双'',\n      ''td2'' => ''318'',\n      ''td3'' => ''168'',\n    ),\n    2 => \n    array (\n      ''td1'' => ''豪华电脑房'',\n      ''td2'' => ''318'',\n      ''td3'' => ''178'',\n    ),\n    3 => \n    array (\n      ''td1'' => ''豪华子母房'',\n      ''td2'' => ''318'',\n      ''td3'' => ''178'',\n    ),\n    4 => \n    array (\n      ''td1'' => ''豪华三人间'',\n      ''td2'' => ''338'',\n      ''td3'' => ''200'',\n    ),\n  ),\n)', 999, 1, 'shop/shop.php?id=145', 548, '广交、亚运会等其它节日除外', '1', ''),
(146, 0, 280104, 1702, 0, '景星酒店', '', '天河区林和西路89号', 'http://www.starhotel.com.cn', '', '020-87552888', '', '', '', '', '', 1271820589, 'default', '<p>&nbsp;&nbsp;&nbsp; 景星酒店是中外合资的四星级的酒店，酒店于2005年进行了全新装修，焕然一新。酒店位于中国广州天河区的商业重点，毗临广州火车东站，美国领事馆及韩国领事馆。酒店环境优雅，设施俱全，挚诚为阁下提供舒适惬意服务，诚属公干或旅游的理想地。<br />\r\n&nbsp;&nbsp;&nbsp;酒店大堂设计，柔合艺术创作结晶，时尚高雅。酒店楼高19层，拥有366间格调不同的客房。<br />\r\n&nbsp;&nbsp;&nbsp;酒店附设各种和，包括泳池、美容健身中心、桑拿、卡拉OK、麻雀房，应有尽有，让您随意选择如何消闲遣兴，舒展身心，将繁嚣俗务，悉抛诸脑后，尽享悠闲</p>', '1', '0', 14, '', 0, 0, 0, 0, 0, 0, 0, 0, 0, 0, 0, 0, 0, 1, '协议价', 'uploadfile/2010/0421/20100421113200581.jpg', '服务', 0, '23.145924097033813,113.3234167098999', 'array (\n  ''tabletitle'' => \n  array (\n    0 => ''房型'',\n    1 => ''门市价(元)'',\n    2 => ''协议价(元)'',\n  ),\n  ''table_1'' => \n  array (\n    0 => ''标准客房'',\n    1 => ''高级商务客房'',\n    2 => ''IT高级健康客房'',\n    3 => ''豪华客房'',\n    4 => ''标准套房'',\n    5 => ''豪华商务套房'',\n    6 => '''',\n  ),\n  ''table_2'' => \n  array (\n    0 => ''633'',\n    1 => ''478'',\n    2 => ''782'',\n    3 => ''946'',\n    4 => ''946'',\n    5 => ''1208'',\n    6 => '''',\n  ),\n  ''table_3'' => \n  array (\n    0 => ''360'',\n    1 => ''420'',\n    2 => ''450'',\n    3 => ''546'',\n    4 => ''546'',\n    5 => ''780'',\n    6 => '''',\n  ),\n  ''title'' => '''',\n  ''keywords'' => '''',\n  ''description'' => '''',\n  ''defaultpic'' => ''uploadfile/2010/0421/20100421113222228.jpg'',\n  ''pricetable'' => \n  array (\n    0 => \n    array (\n      ''td1'' => ''标准客房'',\n      ''td2'' => ''633'',\n      ''td3'' => ''360'',\n    ),\n    1 => \n    array (\n      ''td1'' => ''高级商务客房'',\n      ''td2'' => ''478'',\n      ''td3'' => ''420'',\n    ),\n    2 => \n    array (\n      ''td1'' => ''IT高级健康客房'',\n      ''td2'' => ''782'',\n      ''td3'' => ''450'',\n    ),\n    3 => \n    array (\n      ''td1'' => ''豪华客房'',\n      ''td2'' => ''946'',\n      ''td3'' => ''546'',\n    ),\n    4 => \n    array (\n      ''td1'' => ''标准套房'',\n      ''td2'' => ''946'',\n      ''td3'' => ''546'',\n    ),\n    5 => \n    array (\n      ''td1'' => ''豪华商务套房'',\n      ''td2'' => ''1208'',\n      ''td3'' => ''780'',\n    ),\n  ),\n)', 999, 1, 'shop/shop.php?id=146', 0, '广交、亚运会等其它节日除外', '0', ''),
(147, 0, 280104, 1614, 0, '大圣客休闲中心', '', '天河区中山大道棠下科新路18号', '', '', '020-28265288', '', '', '', '', '24小时', 1271833150, 'default', '<p>广州大顺客企业管理顾问有限公司下属公司大圣客休闲中心是一定集沐足，棋片，茶艺，加盟为一体的大型休闲会所。营业面积4000平方米，房间80余间，本公司以绿色经营为根本，中医文化为导向，有大型停车场，向全社会开加盟店，营业到今，受到了社会的一致好评.</p>', '1', '0', 39, '', 0, 3, 3, 3, 0, 0, 0, 0, 0, 12, 4, 2, 0, 5, '9', 'uploadfile/2010/0421/20100421030755992.jpg', '沐足 棋牌 茶艺', 0, '23.12850095641256,113.38298320770263', 'array (\n  ''title'' => '''',\n  ''keywords'' => '''',\n  ''description'' => '''',\n  ''defaultpic'' => ''uploadfile/2010/0421/20100421030555927.jpg'',\n)', 999, 1, 'shop/shop.php?id=147', 0, '0', '0', ''),
(148, 0, 280104, 1710, 0, '柏高商务酒店', '龙口西', '广州市天河区龙口西路189号', 'http://www.gzpaco.com', '', '020-87508080', '', '', '', '', '', 1271834366, 'default', '<p><span class="hotelname">柏高商务酒店（龙口西路店）</span>是隶属于广州柏高商务连锁酒店总店。2、3、4层的柏高商务酒店仿佛是一座耀眼的水晶塔，令人为之震撼。无论您是商务还是休闲旅行，仅需花费经济型酒店的费用，就可以享受国际四星级豪华商务酒店的尊贵。</p>\r\n<p>酒店位于龙口西路，距离天河火车站仅需5分钟车程、琶洲会馆10分钟车程。酒店毗邻太平洋电脑城、正佳广场、天河城广场、体育中心、购书中心及地铁3号线岗顶站A出口，集交通、购物、娱乐、IT电脑城 。</p>', '1', '0', 14, '', 0, 0, 0, 0, 0, 0, 0, 0, 0, 0, 0, 0, 0, 5, '协议价', 'uploadfile/2010/0421/20100421032011757.jpg', '服务', 0, '23.13759757840995,113.33594799041748', 'array (\n  ''tabletitle'' => \n  array (\n    0 => ''房型'',\n    1 => ''门市价(元)'',\n    2 => ''协议价(元)'',\n  ),\n  ''table_1'' => \n  array (\n    0 => ''标准单人房'',\n    1 => ''标准双人房'',\n    2 => ''商务单人房'',\n    3 => ''商务双人房'',\n    4 => ''商务三人房'',\n    5 => ''行政单房'',\n    6 => ''商务套房'',\n    7 => ''行政套房'',\n  ),\n  ''table_2'' => \n  array (\n    0 => ''458'',\n    1 => ''458'',\n    2 => ''498'',\n    3 => ''498'',\n    4 => ''598'',\n    5 => ''718'',\n    6 => ''768'',\n    7 => ''918'',\n  ),\n  ''table_3'' => \n  array (\n    0 => ''248'',\n    1 => ''248'',\n    2 => ''278'',\n    3 => ''278'',\n    4 => ''318'',\n    5 => ''338'',\n    6 => ''408'',\n    7 => ''438'',\n  ),\n  ''title'' => '''',\n  ''keywords'' => '''',\n  ''description'' => '''',\n  ''defaultpic'' => ''uploadfile/2010/0421/20100421032140967.jpg'',\n  ''pricetable'' => \n  array (\n    0 => \n    array (\n      ''td1'' => ''标准单人房'',\n      ''td2'' => ''458'',\n      ''td3'' => ''248'',\n    ),\n    1 => \n    array (\n      ''td1'' => ''标准双人房'',\n      ''td2'' => ''458'',\n      ''td3'' => ''248'',\n    ),\n    2 => \n    array (\n      ''td1'' => ''商务单人房'',\n      ''td2'' => ''498'',\n      ''td3'' => ''278'',\n    ),\n    3 => \n    array (\n      ''td1'' => ''商务双人房'',\n      ''td2'' => ''498'',\n      ''td3'' => ''278'',\n    ),\n    4 => \n    array (\n      ''td1'' => ''商务三人房'',\n      ''td2'' => ''598'',\n      ''td3'' => ''318'',\n    ),\n    5 => \n    array (\n      ''td1'' => ''行政单房'',\n      ''td2'' => ''718'',\n      ''td3'' => ''338'',\n    ),\n    6 => \n    array (\n      ''td1'' => ''商务套房'',\n      ''td2'' => ''768'',\n      ''td3'' => ''408'',\n    ),\n    7 => \n    array (\n      ''td1'' => ''行政套房'',\n      ''td2'' => ''918'',\n      ''td3'' => ''438'',\n    ),\n  ),\n)', 999, 1, 'shop/shop.php?id=148', 0, '广交、亚运会等其它节日除外', '1', ''),
(149, 0, 280104, 1710, 0, '柏高商务酒店', '员村', '广州市天河区员村一横路7号', 'http://www.gzpaco.com', '', '020-38699777', '', '', '', '', '', 1271834808, 'default', '<p>&nbsp;<span class="hotelname">柏高商务酒店(（员村店）</span>是一家按四星级标准设计，建造的精致型商务酒店。酒店设有商务功能齐全的客房，会议室；环境幽雅的西餐厅；装修风格独特的保健沐；带空中花园的棋牌茶；为国内外宾客提供全方位优质服务，共同营造现代化、舒适、安全的居住环境。</p>\r\n<p>酒店拥有得天独厚的地理优势：紧邻广东省高等人民法院，位于华南快速干线黄埔大道出口处。酒店与琶洲会馆仅一桥之隔只需5分钟车程，广州火车东站15分钟车程。白云国际机场40分钟车程。酒店临近暨南大学，IT电脑城，天河城广场，将成为您商务、购物、休闲、旅游的首选酒店。</p>\r\n<p>&nbsp;</p>\r\n<p>&nbsp;</p>', '1', '1', 12, '', 0, 0, 0, 0, 0, 0, 0, 0, 0, 0, 0, 0, 0, 10, '协议价', 'uploadfile/2010/0421/20100421032648120.jpg', '服务', 0, '23.13815006485835,113.33676338195801', 'array (\n  ''tabletitle'' => \n  array (\n    0 => ''房型'',\n    1 => ''门市价(元)'',\n    2 => ''协议价(元)'',\n  ),\n  ''table_1'' => \n  array (\n    0 => ''标准单人房'',\n    1 => ''标准双人房'',\n    2 => ''商务单人房'',\n    3 => ''商务双人房'',\n    4 => ''商务三人房'',\n    5 => ''行政单房'',\n    6 => ''商务套房'',\n    7 => ''行政套房'',\n  ),\n  ''table_2'' => \n  array (\n    0 => ''458'',\n    1 => ''458'',\n    2 => ''498'',\n    3 => ''498'',\n    4 => ''598'',\n    5 => ''718'',\n    6 => ''768'',\n    7 => ''918'',\n  ),\n  ''table_3'' => \n  array (\n    0 => ''248'',\n    1 => ''248'',\n    2 => ''278'',\n    3 => ''278'',\n    4 => ''318'',\n    5 => ''338'',\n    6 => ''408'',\n    7 => ''438'',\n  ),\n  ''title'' => '''',\n  ''keywords'' => '''',\n  ''description'' => '''',\n  ''defaultpic'' => ''uploadfile/2010/0421/20100421033324223.jpg'',\n  ''pricetable'' => \n  array (\n    0 => \n    array (\n      ''td1'' => ''标准单人房'',\n      ''td2'' => ''458'',\n      ''td3'' => ''248'',\n    ),\n    1 => \n    array (\n      ''td1'' => ''标准双人房'',\n      ''td2'' => ''458'',\n      ''td3'' => ''248'',\n    ),\n    2 => \n    array (\n      ''td1'' => ''商务单人房'',\n      ''td2'' => ''498'',\n      ''td3'' => ''278'',\n    ),\n    3 => \n    array (\n      ''td1'' => ''商务双人房'',\n      ''td2'' => ''498'',\n      ''td3'' => ''278'',\n    ),\n    4 => \n    array (\n      ''td1'' => ''商务三人房'',\n      ''td2'' => ''598'',\n      ''td3'' => ''318'',\n    ),\n    5 => \n    array (\n      ''td1'' => ''行政单房'',\n      ''td2'' => ''718'',\n      ''td3'' => ''338'',\n    ),\n    6 => \n    array (\n      ''td1'' => ''商务套房'',\n      ''td2'' => ''768'',\n      ''td3'' => ''408'',\n    ),\n    7 => \n    array (\n      ''td1'' => ''行政套房'',\n      ''td2'' => ''918'',\n      ''td3'' => ''438'',\n    ),\n  ),\n)', 999, 1, 'shop/shop.php?id=149', 0, '广交、亚运会等其它节日除外', '1', ''),
(150, 0, 280105, 1710, 0, '柏高商务酒店', '白云路', '广州市越秀区白云路22号', 'http://www.gzpaco.com', '', '020-83292688', '', '', '', '', '', 1271835811, 'default', '<p><span class="hotelname">柏高商务酒店白云路店</span>（原8号公馆）是隶属于广州柏高商务连锁酒店旗下的第三家分店。28层的柏高商务酒店仿佛是一座耀眼的水晶塔，令人为之震撼。无论您是商务还是休闲旅行，仅需花费经济型酒店的费用，就可以享受国际四星级豪华商务酒店的尊贵。</p>\r\n<p>酒店位于越秀区白云路，交通便利，南接江湾大桥，北接内环路，距广交会琶洲展馆10分钟车程，步行5分钟到达1号线烈士陵园地铁站。</p>\r\n<p><span class="hotelname">&nbsp; </span></p>', '1', '0', 13, '', 0, 0, 0, 0, 0, 0, 0, 0, 0, 0, 0, 0, 0, 7, '协议价', 'uploadfile/2010/0421/20100421034331550.jpg', '服务', 0, '23.118969560533408,113.28509330749512', 'array (\n  ''tabletitle'' => \n  array (\n    0 => ''房型'',\n    1 => ''门市价(元)'',\n    2 => ''协议价(元)'',\n  ),\n  ''table_1'' => \n  array (\n    0 => ''标准单人房'',\n    1 => ''标准双人房'',\n    2 => ''商务单人房'',\n    3 => ''商务双人房'',\n    4 => ''商务三人房'',\n    5 => ''行政单房'',\n    6 => ''商务套房'',\n    7 => ''行政套房'',\n  ),\n  ''table_2'' => \n  array (\n    0 => ''458'',\n    1 => ''458'',\n    2 => ''498'',\n    3 => ''498'',\n    4 => ''598'',\n    5 => ''718'',\n    6 => ''768'',\n    7 => ''918'',\n  ),\n  ''table_3'' => \n  array (\n    0 => ''248'',\n    1 => ''248'',\n    2 => ''278'',\n    3 => ''278'',\n    4 => ''318'',\n    5 => ''338'',\n    6 => ''408'',\n    7 => ''438'',\n  ),\n  ''title'' => '''',\n  ''keywords'' => '''',\n  ''description'' => '''',\n  ''defaultpic'' => ''uploadfile/2010/0421/20100421034405433.jpg'',\n  ''pricetable'' => \n  array (\n    0 => \n    array (\n      ''td1'' => ''标准单人房'',\n      ''td2'' => ''458'',\n      ''td3'' => ''248'',\n    ),\n    1 => \n    array (\n      ''td1'' => ''标准双人房'',\n      ''td2'' => ''458'',\n      ''td3'' => ''248'',\n    ),\n    2 => \n    array (\n      ''td1'' => ''商务单人房'',\n      ''td2'' => ''498'',\n      ''td3'' => ''278'',\n    ),\n    3 => \n    array (\n      ''td1'' => ''商务双人房'',\n      ''td2'' => ''498'',\n      ''td3'' => ''278'',\n    ),\n    4 => \n    array (\n      ''td1'' => ''商务三人房'',\n      ''td2'' => ''598'',\n      ''td3'' => ''318'',\n    ),\n    5 => \n    array (\n      ''td1'' => ''行政单房'',\n      ''td2'' => ''718'',\n      ''td3'' => ''338'',\n    ),\n    6 => \n    array (\n      ''td1'' => ''商务套房'',\n      ''td2'' => ''768'',\n      ''td3'' => ''408'',\n    ),\n    7 => \n    array (\n      ''td1'' => ''行政套房'',\n      ''td2'' => ''918'',\n      ''td3'' => ''438'',\n    ),\n  ),\n)', 999, 1, 'shop/shop.php?id=150', 0, '广交、亚运会等其它节日除外', '1', ''),
(151, 0, 280104, 1701, 0, '嘉逸国际酒店', '', '中国广东省广州市天河北路468号 ', 'http://www.grandinternationalhotel.com', '', '020-38803333', '', '', '', '', '', 1271837839, 'default', '<p>&nbsp;&nbsp;&nbsp;&nbsp;&nbsp;&nbsp;&nbsp;&nbsp; 嘉逸国际酒店隶属于广州嘉裕集团公司。于2004年7月全面开业，2008年7月被正式评定为五星级旅游饭店，是一家集客房、餐饮、会务、娱乐等服务为一体的豪华商务型酒店。</p>\r\n<p>&nbsp; 酒店位于广州市天河北繁华商务区和高尚住宅区中心地带，地理位置优越，交通便利。酒店楼高20层，设计富丽堂皇，隽永高雅，拥有251间不同类型的客房，皆为静谧休憩之空间。特设有行政楼层、女士楼层和无烟楼层，为客人提供个性化服务。</p>\r\n<p>&nbsp;&nbsp;&nbsp;&nbsp; 酒店拥有功能齐全的多功能会议室、地道的中西餐厅、项目多样的康体娱乐设施，以及方便顾客的商务中心、票务中心、商店等，竭诚为您提供各种商旅便利。</p>\r\n<p>&nbsp; 酒店舒适的环境及优质、专业而全面的服务，是商旅人士之首选。</p>', '1', '0', 22, '', 0, 0, 0, 0, 0, 0, 0, 0, 0, 0, 0, 0, 0, 11, '协议价', 'uploadfile/2010/0421/20100421042212589.jpg', '服务', 0, '23.140991387774853,113.33457469940185', 'array (\n  ''tabletitle'' => \n  array (\n    0 => ''房型'',\n    1 => ''门市价(元)'',\n    2 => ''协议价(元)'',\n  ),\n  ''table_1'' => \n  array (\n    0 => ''高级客房(大床房)  '',\n    1 => ''豪华客房(大床房、双床房)  '',\n    2 => ''高级套房  '',\n    3 => ''行政套房  '',\n    4 => ''豪华套房  '',\n    5 => ''行政套房(一房一厅)  '',\n    6 => ''行政套房(两房一厅)  '',\n  ),\n  ''table_2'' => \n  array (\n    0 => ''1500  '',\n    1 => ''1600  '',\n    2 => ''2200  '',\n    3 => ''2200  '',\n    4 => ''3000  '',\n    5 => ''3800  '',\n    6 => ''3800  '',\n  ),\n  ''table_3'' => \n  array (\n    0 => ''560  '',\n    1 => ''620  '',\n    2 => ''750  '',\n    3 => ''850   '',\n    4 => ''1050  '',\n    5 => ''1350  '',\n    6 => ''1650  '',\n  ),\n  ''title'' => '''',\n  ''keywords'' => '''',\n  ''description'' => '''',\n  ''defaultpic'' => ''uploadfile/2010/0421/20100421042252768.jpg'',\n  ''pricetable'' => \n  array (\n    0 => \n    array (\n      ''td1'' => ''高级客房(大床房)  '',\n      ''td2'' => ''1500  '',\n      ''td3'' => ''560  '',\n    ),\n    1 => \n    array (\n      ''td1'' => ''豪华客房(大床房、双床房)  '',\n      ''td2'' => ''1600  '',\n      ''td3'' => ''620  '',\n    ),\n    2 => \n    array (\n      ''td1'' => ''高级套房  '',\n      ''td2'' => ''2200  '',\n      ''td3'' => ''750  '',\n    ),\n    3 => \n    array (\n      ''td1'' => ''行政套房  '',\n      ''td2'' => ''2200  '',\n      ''td3'' => ''850   '',\n    ),\n    4 => \n    array (\n      ''td1'' => ''豪华套房  '',\n      ''td2'' => ''3000  '',\n      ''td3'' => ''1050  '',\n    ),\n    5 => \n    array (\n      ''td1'' => ''行政套房(一房一厅)  '',\n      ''td2'' => ''3800  '',\n      ''td3'' => ''1350  '',\n    ),\n    6 => \n    array (\n      ''td1'' => ''行政套房(两房一厅)  '',\n      ''td2'' => ''3800  '',\n      ''td3'' => ''1650  '',\n    ),\n  ),\n)', 999, 1, 'shop/shop.php?id=151', 0, '广交、亚运会等其它节日除外', '1', ''),
(152, 0, 280104, 1701, 0, '嘉逸皇冠酒店', '', '广州市天河区中山大道483号 ', 'http://www.grand-royalhotel.com', '', '020-8396333', '', '', '', '', '', 1271839407, 'default', '<p><span style="font-size: larger">&nbsp;&nbsp;&nbsp; 嘉逸皇冠酒店是嘉逸酒店管理集团属下酒店，是一间5星级豪华商务酒店，提供全面的酒店服务。于2006年1月正式开业。酒店坐落于广州市新中心天河区东圃，该区正日益成为天河最具发展潜力的区域。<br />\r\n<br />\r\n&nbsp;&nbsp;&nbsp;&nbsp;酒店位置交通极为便捷，距离琵洲会展中心仅8分钟车程。40分钟车程可达新白云国际机场，门前环城高速路直达广州科学城、高塘软件园和广州经济技术开发区。<br />\r\n<br />\r\n&nbsp;&nbsp;&nbsp; 酒店内设262间精美的客房和套房。拥有裕景轩中餐厅，皇室西餐厅，大堂酒吧，4000平方米的会议中心及专为客人提供私人及专业服务的行政酒店廊。<br />\r\n<br />\r\n&nbsp;&nbsp;&nbsp; 嘉逸皇冠酒店提供我们的客人优雅的、精致的一流世界。&nbsp;<br />\r\n<br />\r\n&nbsp;&nbsp;&nbsp; 期待您成为我们的尊敬客人！</span><!--\r\n<ul id="content_pics">\r\n    <li><a href="cn/specialoffers.aspx"><img src="index/images/special_offers_cn.jpg" title="优惠精选"  /></a></li>\r\n    <li><a href="cn/eventslist.aspx"><img src="index/images/hotel_news_cn.jpg" title="酒店动态"  /></a></li>\r\n    <li><a href="cn/location.aspx"><img src="index/images/hotel_location_cn.jpg" title="地理位置" />\r\n    <map name="Map" id="Map">\r\n    <area shape="rect" coords="21,9,57,83" href="cn/phototours.aspx"  />\r\n    <area shape="rect" coords="83,9,119,82" href="cn/virtualtour.aspx"  />\r\n    <area shape="rect" coords="140,10,173,81" href="cn/contactus.aspx"  />\r\n    </map></a></li>\r\n</ul>\r\n--></p>', '1', '0', 15, '', 0, 0, 0, 0, 0, 0, 0, 0, 0, 0, 0, 0, 0, 9, '协议价', 'uploadfile/2010/0422/thumb_120_90_20100422022626101.jpg', '服务', 0, '23.11983787307384,113.40826034545898', 'array (\n  ''tabletitle'' => \n  array (\n    0 => ''房型'',\n    1 => ''门市价(元)'',\n    2 => ''协议价(元)'',\n  ),\n  ''table_1'' => \n  array (\n    0 => ''高级客房(大床房)  '',\n    1 => ''豪华客房(大床房、双床房)  '',\n    2 => ''高级套房  '',\n    3 => ''行政套房  '',\n    4 => ''豪华套房  '',\n    5 => ''行政套房(一房一厅)  '',\n    6 => ''行政套房(两房一厅)  '',\n  ),\n  ''table_2'' => \n  array (\n    0 => ''1500  '',\n    1 => ''1600  '',\n    2 => ''2200  '',\n    3 => ''2200  '',\n    4 => ''3000 '',\n    5 => ''3800  '',\n    6 => ''3800  '',\n  ),\n  ''table_3'' => \n  array (\n    0 => ''560  '',\n    1 => ''620  '',\n    2 => ''750  '',\n    3 => ''850  '',\n    4 => ''1050  '',\n    5 => ''1350 '',\n    6 => ''1650  '',\n  ),\n  ''title'' => '''',\n  ''keywords'' => '''',\n  ''description'' => '''',\n  ''defaultpic'' => ''uploadfile/2010/0422/20100422022626101.jpg'',\n  ''pricetable'' => \n  array (\n    0 => \n    array (\n      ''td1'' => ''高级客房(大床房)  '',\n      ''td2'' => ''1500  '',\n      ''td3'' => ''560  '',\n    ),\n    1 => \n    array (\n      ''td1'' => ''豪华客房(大床房、双床房)  '',\n      ''td2'' => ''1600  '',\n      ''td3'' => ''620  '',\n    ),\n    2 => \n    array (\n      ''td1'' => ''高级套房  '',\n      ''td2'' => ''2200  '',\n      ''td3'' => ''750  '',\n    ),\n    3 => \n    array (\n      ''td1'' => ''行政套房  '',\n      ''td2'' => ''2200  '',\n      ''td3'' => ''850  '',\n    ),\n    4 => \n    array (\n      ''td1'' => ''豪华套房  '',\n      ''td2'' => ''3000 '',\n      ''td3'' => ''1050  '',\n    ),\n    5 => \n    array (\n      ''td1'' => ''行政套房(一房一厅)  '',\n      ''td2'' => ''3800  '',\n      ''td3'' => ''1350 '',\n    ),\n    6 => \n    array (\n      ''td1'' => ''行政套房(两房一厅)  '',\n      ''td2'' => ''3800  '',\n      ''td3'' => ''1650  '',\n    ),\n  ),\n)', 999, 1, 'shop/shop.php?id=152', 627, '广交、亚运会等其它节日除外', '1', '');
INSERT INTO `dc_shop` (`id`, `userid`, `areacode`, `catcode`, `ownerid`, `shopname`, `subname`, `address`, `website`, `videourl`, `tel1`, `tel2`, `mobile`, `bus`, `park`, `storehours`, `inputtime`, `template`, `content`, `status`, `elite`, `hits`, `shopdomain`, `avgsort`, `sort1`, `sort2`, `sort3`, `sort4`, `sort5`, `sort6`, `sort7`, `sort8`, `avgprice`, `enjoy`, `reviews`, `gbook`, `pics`, `discount`, `thumb`, `main`, `adminid`, `map`, `setting`, `listorder`, `posids`, `url`, `aid`, `discountchuwai`, `isimg`, `description`) VALUES
(153, 0, 280104, 1701, 0, '嘉逸豪庭酒店', '', '广东省广州市天河区林和中路148号', 'http://www.grandinternationalhotel.com', '', '020-38840968', '', '', '', '', '', 1271839611, 'default', '<p>　&nbsp; 嘉逸豪庭酒店坐落于广州市天河区，依傍城市东部交通枢纽-广州东站；毗邻全城最具活力的现代化商业中心。酒店外观呈现十八世纪欧洲城堡经典建筑风格，隐含创始者尊贵、豪华、活力和追求无限的艺术特质。</p>\r\n<p>　　酒店拥有148间豪华客房，根据景观、面积、布局划分，房型达13种，适应不同上午旅行客人的个性化需求。房内布置舒适、典雅、文化气息浓郁，既包含了追求欧洲古典精致之美的执着意愿，又表达了对居住者的体贴和关怀。秉承&ldquo;金钥匙&rdquo;的服务理念，以欧陆经典的&ldquo;优雅&rdquo;、&ldquo;细腻&rdquo;的专业精神向客人提供&ldquo;体贴&rdquo;、&ldquo;温馨&rdquo;的个性化服务，全程跟进贵宾的休憩、行程、餐饮、商务需求，酱服务的内涵推向及至。</p>\r\n<p>　　酒店为商务人士提供功能齐全的配套服务：商务中心、多功能会议厅和康体设施，能够满足客户举办小型宴会、商务会议、商品演示和教育培训的不同需求；酒店康体设施完备，配备专业技师，提供包括健身、沐足、穴位按摩、棋牌休闲在内的康体服务。</p>\r\n<p>　　酒店拥有本地区最具特色的餐厅和酒吧：丽菲西餐厅，格调幽雅，全天候服务，荟萃地中海美食，仿佛在美食文化荟萃的长廊中漫步，烹饪专家颇具匠心，每道菜式仿佛是艺术家手中诞生的生命体；大堂酒吧，充弥着浓郁的欧式田园风情，咖啡醇厚的气息，葡萄经典的优雅，在静静流淌的音乐声中，营造了一个成功人士品味优雅和洽谈商务的憩处。</p>\r\n<p>　　酒店管理和服务团队具有专注的敬业精神，奉行&ldquo;诚信、和谐、创新、坚持&rdquo;的理念，体现了将品质视为企业生命的宏远追求。</p>', '1', '0', 24, '', 0, 0, 0, 0, 0, 0, 0, 0, 0, 0, 0, 0, 0, 9, '协议价', 'uploadfile/2010/0422/thumb_120_90_20100422023744619.jpg', '服务', 0, '23.145411103728275,113.32715034484863', 'array (\n  ''tabletitle'' => \n  array (\n    0 => ''房型'',\n    1 => ''门市价(元)'',\n    2 => ''协议价(元)'',\n  ),\n  ''table_1'' => \n  array (\n    0 => ''高级客房(大床房) '',\n    1 => ''豪华客房(大床房、双床房) '',\n    2 => ''高级套房 '',\n    3 => ''行政套房 '',\n    4 => ''豪华套房 '',\n    5 => ''行政套房(一房一厅) '',\n    6 => ''行政套房(两房一厅) '',\n  ),\n  ''table_2'' => \n  array (\n    0 => ''1500 '',\n    1 => ''1600 '',\n    2 => ''2200 '',\n    3 => ''2200 '',\n    4 => ''3000'',\n    5 => ''3800 '',\n    6 => ''3800 '',\n  ),\n  ''table_3'' => \n  array (\n    0 => ''560 '',\n    1 => ''620 '',\n    2 => ''750 '',\n    3 => ''850 '',\n    4 => ''1050 '',\n    5 => ''1350'',\n    6 => ''1650 '',\n  ),\n  ''title'' => '''',\n  ''keywords'' => '''',\n  ''description'' => '''',\n  ''defaultpic'' => ''uploadfile/2010/0422/20100422023744619.jpg'',\n  ''pricetable'' => \n  array (\n    0 => \n    array (\n      ''td1'' => ''高级客房(大床房) '',\n      ''td2'' => ''1500 '',\n      ''td3'' => ''560 '',\n    ),\n    1 => \n    array (\n      ''td1'' => ''豪华客房(大床房、双床房) '',\n      ''td2'' => ''1600 '',\n      ''td3'' => ''620 '',\n    ),\n    2 => \n    array (\n      ''td1'' => ''高级套房 '',\n      ''td2'' => ''2200 '',\n      ''td3'' => ''750 '',\n    ),\n    3 => \n    array (\n      ''td1'' => ''行政套房 '',\n      ''td2'' => ''2200 '',\n      ''td3'' => ''850 '',\n    ),\n    4 => \n    array (\n      ''td1'' => ''豪华套房 '',\n      ''td2'' => ''3000'',\n      ''td3'' => ''1050 '',\n    ),\n    5 => \n    array (\n      ''td1'' => ''行政套房(一房一厅) '',\n      ''td2'' => ''3800 '',\n      ''td3'' => ''1350'',\n    ),\n    6 => \n    array (\n      ''td1'' => ''行政套房(两房一厅) '',\n      ''td2'' => ''3800 '',\n      ''td3'' => ''1650 '',\n    ),\n  ),\n)', 999, 1, 'shop/shop.php?id=153', 636, '广交、亚运会等其它节日除外', '1', ''),
(155, 0, 280106, 1708, 0, '山水时尚酒店', '黄埔', '黄埔区黄埔东路727号', 'http://www.shanshuihotel.com', '', '020-62661111', '400 716 0888 ', '', '', '', '', 1271906828, 'default', '<p>&nbsp;&nbsp;&nbsp;&nbsp; 山水时尚酒店（广州.黄埔店）位于广州黄埔区，毗邻黄埔港、广州经济开发区、黄埔军校、奥林匹克体育中心、琶州国际会展中心，交通十分便利。酒店按国际四星级标准的环境设计，装修时尚、格调高雅，集商务、住宿、餐饮、娱乐、保健、休闲为一体，实为各界人士商务、会议、聚亲会友，休息下榻的首选。<br />\r\n距黄埔港约5车程分钟<br />\r\n距琶州国际会展中心15分钟车程<br />\r\n距奥林匹克体育中心20分钟车程<br />\r\n距广园快速路3分钟车程<br />\r\n广州火车总站40分钟车程<br />\r\n广州白云机场60分钟车程</p>\r\n<p>酒店拥有各式客房231套，能容纳80&mdash;300人的多功能宴会会议厅多间，并设有西餐厅、夜总会、桑拿休闲中心、棋牌室、健身房&hellip;&hellip;</p>', '1', '0', 15, '', 0, 3, 3, 3, 0, 0, 0, 0, 0, 30, 4, 1, 0, 9, '协议价', 'uploadfile/2010/0422/thumb_120_90_20100422115301508.jpg', '服务', 0, '23.10041790536725,113.46302032470703', 'array (\n  ''tabletitle'' => \n  array (\n    0 => ''房型'',\n    1 => ''门市价(元)'',\n    2 => ''协议价(元)'',\n  ),\n  ''table_1'' => \n  array (\n    0 => ''单人房(标准)'',\n    1 => ''双人房(标准)'',\n    2 => ''单人房(豪华)'',\n    3 => ''双人房(豪华)'',\n    4 => ''时尚房(浪漫日式)'',\n    5 => ''套房(参考价)'',\n    6 => '''',\n  ),\n  ''table_2'' => \n  array (\n    0 => '''',\n    1 => '''',\n    2 => '''',\n    3 => '''',\n    4 => '''',\n    5 => '''',\n    6 => '''',\n  ),\n  ''table_3'' => \n  array (\n    0 => ''248'',\n    1 => ''248'',\n    2 => ''278'',\n    3 => ''278'',\n    4 => ''320'',\n    5 => ''480'',\n    6 => '''',\n  ),\n  ''title'' => '''',\n  ''keywords'' => '''',\n  ''description'' => '''',\n  ''defaultpic'' => ''uploadfile/2010/0422/20100422115301508.jpg'',\n  ''pricetable'' => \n  array (\n    0 => \n    array (\n      ''td1'' => ''单人房(标准)'',\n      ''td2'' => '''',\n      ''td3'' => ''248'',\n    ),\n    1 => \n    array (\n      ''td1'' => ''双人房(标准)'',\n      ''td2'' => '''',\n      ''td3'' => ''248'',\n    ),\n    2 => \n    array (\n      ''td1'' => ''单人房(豪华)'',\n      ''td2'' => '''',\n      ''td3'' => ''278'',\n    ),\n    3 => \n    array (\n      ''td1'' => ''双人房(豪华)'',\n      ''td2'' => '''',\n      ''td3'' => ''278'',\n    ),\n    4 => \n    array (\n      ''td1'' => ''时尚房(浪漫日式)'',\n      ''td2'' => '''',\n      ''td3'' => ''320'',\n    ),\n    5 => \n    array (\n      ''td1'' => ''套房(参考价)'',\n      ''td2'' => '''',\n      ''td3'' => ''480'',\n    ),\n  ),\n)', 999, 1, 'shop/shop.php?id=155', 626, '广交、亚运会等其它节日除外', '1', ''),
(156, 0, 280104, 1708, 0, '山水时尚酒店', '东站', '天河区东站路1号', 'http://www.shanshuihotel.com', '', '020-62661111', '400 716 0888 ', '', '', '', '', 1271906925, 'default', '<p>&nbsp;&nbsp;&nbsp;&nbsp;&nbsp; 山水时尚酒店（广州.东站店）雄居广州重要交通枢纽中心之一的火车东站，是一间准四星级精品商务时尚型酒店；面向东站广场花园（广州的羊城八景之一）、中信广场，视野广阔，景色一流；地处境内外交通枢纽中心--广九直通火车总站。往返深圳及香港诸地高速火车仅需六十分钟车程，站内火车车次覆盖面积广，通往国内各大、中型城市，并有直达广州市各区的公共汽车及地铁1、3号线起点, 交通十分便利；酒店拥有各式客房160套，是您商务洽谈、旅游度假购物的理想之选。<br />\r\n距广州白云机场约30车程分钟<br />\r\n距广州琶洲国际会议展览中心30分钟车程<br />\r\n距锦汉会议展览中心20分钟车程<br />\r\n中泰国际商场5分钟车程</p>', '1', '1', 15, '', 0, 0, 0, 0, 0, 0, 0, 0, 0, 0, 0, 0, 0, 8, '协议价', 'uploadfile/2010/0422/thumb_120_90_20100422114920435.jpg', '服务', 0, '23.149949053288665,113.32427501678467', 'array (\n  ''tabletitle'' => \n  array (\n    0 => ''房型'',\n    1 => ''门市价(元)'',\n    2 => ''协议价(元)'',\n  ),\n  ''table_1'' => \n  array (\n    0 => ''单人房(标准)'',\n    1 => ''双人房(标准)'',\n    2 => ''时尚房(浪漫日式)'',\n    3 => ''套房(参考价)'',\n  ),\n  ''table_2'' => \n  array (\n    0 => '''',\n    1 => '''',\n    2 => '''',\n    3 => '''',\n  ),\n  ''table_3'' => \n  array (\n    0 => ''218'',\n    1 => ''230'',\n    2 => ''258'',\n    3 => ''400'',\n  ),\n  ''title'' => '''',\n  ''keywords'' => '''',\n  ''description'' => '''',\n  ''defaultpic'' => ''uploadfile/2010/0422/20100422114920435.jpg'',\n  ''pricetable'' => \n  array (\n    0 => \n    array (\n      ''td1'' => ''单人房(标准)'',\n      ''td2'' => '''',\n      ''td3'' => ''218'',\n    ),\n    1 => \n    array (\n      ''td1'' => ''双人房(标准)'',\n      ''td2'' => '''',\n      ''td3'' => ''230'',\n    ),\n    2 => \n    array (\n      ''td1'' => ''时尚房(浪漫日式)'',\n      ''td2'' => '''',\n      ''td3'' => ''258'',\n    ),\n    3 => \n    array (\n      ''td1'' => ''套房(参考价)'',\n      ''td2'' => '''',\n      ''td3'' => ''400'',\n    ),\n  ),\n)', 999, 1, 'shop/shop.php?id=156', 618, '广交、亚运会等其它节日除外', '1', ''),
(157, 0, 280104, 1701, 0, '礼顿酒店', '', '广州市珠江新城华成路6号 ', 'http://www.gzleedenhotel.com', '', '020-83913333', '', '', '', '', '', 1271919996, 'default', '<p>广州礼顿酒店由嘉裕集团投资建造，由集团旗下嘉逸酒店管理集团管理。嘉裕集团以房地产业为龙头，酒店、影视、商城四大业态并举，兼容贸易、资产管理、物业管理、广告、旅游等产业。经过十多年的稳步发展，嘉裕集团已成为广东具实力的跨区域、跨行业的综合性集团之一。 嘉逸酒店管理集团旗下拥有&ldquo;嘉逸&rdquo;及&ldquo;礼顿&rdquo;两大品牌酒店，为中国酒店行业的发展树立了新的里程碑。<br />\r\n　　广州礼顿酒店位于地理位置极为优越的广州市新CBD----珠江新城心脏地带，交通便利，距离广州白云国际机场约40分钟车程，离琶洲展馆也只需15分钟车程。酒店毗邻广州新景广州双子塔、广州国际金融广场、广州市博物馆、广州市歌剧院等旅游景点和市内各大购物娱乐中心，是商旅人士居停的首选。<br />\r\n　　广州礼顿酒店格调温馨典雅，拥有253间客房、套房，完善的商务设施，舒适的布置，让你感受到商务的便捷与家的温暖。独具地方特色的中西餐厅及日本餐厅，融汇各种美食，让您尝尽各式地道佳肴。酒店为来自世界各地的宾客提供多项特色服务，包括酒店金钥匙服务、健身、沐足以及客房免费宽带上网服务等。多功能会议室，配套设施一应俱全，为不同需要的宾客提供高水准、多元化服务，是举办各种会议的理想场所。酒店其它设施还包括：商务中心、室内游泳池、乒乓球、桌球和水疗中心等。</p>', '1', '0', 15, '', 0, 0, 0, 0, 0, 0, 0, 0, 0, 0, 0, 0, 0, 7, '协议价', 'uploadfile/2010/0422/thumb_120_90_20100422030636687.jpg', '服务', 0, '23.120232558734976,113.31933975219726', 'array (\n  ''tabletitle'' => \n  array (\n    0 => ''房型'',\n    1 => ''门市价(元)'',\n    2 => ''协议价(元)'',\n  ),\n  ''table_1'' => \n  array (\n    0 => ''高级客房(大床房)'',\n    1 => ''豪华客房(大床房、双床房)'',\n    2 => ''高级套房'',\n    3 => ''行政套房'',\n    4 => ''豪华套房'',\n    5 => ''行政套房(一房一厅)'',\n    6 => ''行政套房(两房一厅)'',\n  ),\n  ''table_2'' => \n  array (\n    0 => ''1500'',\n    1 => ''1600'',\n    2 => ''2200'',\n    3 => ''2200'',\n    4 => ''3000'',\n    5 => ''3800'',\n    6 => ''3800'',\n  ),\n  ''table_3'' => \n  array (\n    0 => ''560'',\n    1 => ''620'',\n    2 => ''750'',\n    3 => ''850'',\n    4 => ''1050'',\n    5 => ''1350'',\n    6 => ''1650'',\n  ),\n  ''title'' => '''',\n  ''keywords'' => '''',\n  ''description'' => '''',\n  ''defaultpic'' => ''uploadfile/2010/0422/20100422030636687.jpg'',\n  ''pricetable'' => \n  array (\n    0 => \n    array (\n      ''td1'' => ''高级客房(大床房)'',\n      ''td2'' => ''1500'',\n      ''td3'' => ''560'',\n    ),\n    1 => \n    array (\n      ''td1'' => ''豪华客房(大床房、双床房)'',\n      ''td2'' => ''1600'',\n      ''td3'' => ''620'',\n    ),\n    2 => \n    array (\n      ''td1'' => ''高级套房'',\n      ''td2'' => ''2200'',\n      ''td3'' => ''750'',\n    ),\n    3 => \n    array (\n      ''td1'' => ''行政套房'',\n      ''td2'' => ''2200'',\n      ''td3'' => ''850'',\n    ),\n    4 => \n    array (\n      ''td1'' => ''豪华套房'',\n      ''td2'' => ''3000'',\n      ''td3'' => ''1050'',\n    ),\n    5 => \n    array (\n      ''td1'' => ''行政套房(一房一厅)'',\n      ''td2'' => ''3800'',\n      ''td3'' => ''1350'',\n    ),\n    6 => \n    array (\n      ''td1'' => ''行政套房(两房一厅)'',\n      ''td2'' => ''3800'',\n      ''td3'' => ''1650'',\n    ),\n  ),\n)', 999, 1, 'shop/shop.php?id=157', 645, '广交、亚运会等其它节日除外', '1', ''),
(158, 0, 280104, 1710, 0, '天逸酒店', '', '天河区天河北龙口西路183号 ', 'http://www.teemease.com.cn/', '', '020-62816888 ', '', '', '', '', '', 1271920447, 'default', '<p>&nbsp;&nbsp;&nbsp;&nbsp; 广州天逸酒店位于繁华的天河北商业区、经济文化中心，市政设施齐备。酒店毗邻天河城、好又多、百佳等大型百货广场及亚洲最大的购物中心&ldquo;正佳广场&rdquo;、太平洋电脑城等各大购物娱乐中心，紧挨天河体育中心及广州标志性建筑物&ldquo;中信大厦&rdquo;，距新白云国际机场45分钟车程，广州火车东站5分钟车程，广州琶洲新会展中心仅10分钟车程；地铁出口近在咫尺，交通极为方便。是一家集住宿、餐饮、娱乐为一体的全新商务型酒店。酒店按四星级标准配套和装修，拥有各类豪华商务套房、高级房和豪华房。设有特色中餐厅、夜总会和桑拿洗浴中心，房间设备齐全、环境舒适，服务热情；为各界人士提供优质周到的服务。宽带网络全面覆盖整个酒店客房，同时配备了程控电话、液晶电视。还设有小型多功能会议厅、商务中心，24小时提供代办火车票、机票、国内外航空快递及秘书服务，同时提供便利的停车场，为商务人士提供全方位便捷服务。天逸酒店秉承现代酒店的经营理念，竭力为您提供具有国际化水准的优质服务，将是您在国际大都市&mdash;&mdash;广州下榻的理想之地。</p>', '1', '1', 12, '', 0, 0, 0, 0, 0, 0, 0, 0, 0, 0, 0, 0, 0, 5, '协议价', 'uploadfile/2010/0422/20100422031917692.jpg', '服务', 0, '23.141030850169162,113.33517551422119', 'array (\n  ''tabletitle'' => \n  array (\n    0 => ''房型'',\n    1 => ''门市价(元)'',\n    2 => ''协议价(元)'',\n  ),\n  ''table_1'' => \n  array (\n    0 => ''高级大床房'',\n    1 => ''高级双床房'',\n    2 => ''豪华大床房'',\n    3 => ''日韩风情屋'',\n    4 => ''豪华商务套房'',\n  ),\n  ''table_2'' => \n  array (\n    0 => ''448'',\n    1 => ''448'',\n    2 => ''498'',\n    3 => ''666'',\n    4 => ''888'',\n  ),\n  ''table_3'' => \n  array (\n    0 => ''230'',\n    1 => ''230'',\n    2 => ''248'',\n    3 => ''218'',\n    4 => ''388'',\n  ),\n  ''title'' => '''',\n  ''keywords'' => '''',\n  ''description'' => '''',\n  ''defaultpic'' => ''uploadfile/2010/0422/20100422032012667.jpg'',\n  ''pricetable'' => \n  array (\n    0 => \n    array (\n      ''td1'' => ''高级大床房'',\n      ''td2'' => ''448'',\n      ''td3'' => ''230'',\n    ),\n    1 => \n    array (\n      ''td1'' => ''高级双床房'',\n      ''td2'' => ''448'',\n      ''td3'' => ''230'',\n    ),\n    2 => \n    array (\n      ''td1'' => ''豪华大床房'',\n      ''td2'' => ''498'',\n      ''td3'' => ''248'',\n    ),\n    3 => \n    array (\n      ''td1'' => ''日韩风情屋'',\n      ''td2'' => ''666'',\n      ''td3'' => ''218'',\n    ),\n    4 => \n    array (\n      ''td1'' => ''豪华商务套房'',\n      ''td2'' => ''888'',\n      ''td3'' => ''388'',\n    ),\n  ),\n)', 999, 1, 'shop/shop.php?id=158', 0, '广交、亚运会等其它节日除外', '0', ''),
(159, 0, 280104, 1705, 0, '莱乐可国际公寓酒店', '', '天河区泰盛路1号（广州东站西侧50米）', 'http://www.lilacsuites.com/', '', '020-61316888', '', '', '', '', '', 1271922840, 'default', '<p><span>广州莱乐可国际公寓酒店</span>坐落在广州天河中心区内的繁华地带，毗邻交通交汇点&mdash;广州火车东站，信步前往，仅需两分钟，便于往返深圳、香港。地铁1号线和3号线近在咫尺，交通四通八达。前往新会展中心&mdash;琶洲展馆只需二十分钟车程。酒店方圆两公里内分布着各大银行、众多跨国公司、购物中心及著名餐厅食府，地理位置得天独厚。</p>\r\n<p><span>&nbsp; </span></p>', '1', '1', 27, '', 0, 0, 0, 0, 0, 0, 0, 0, 0, 0, 0, 0, 0, 5, '协议价', 'uploadfile/2010/0422/20100422035400617.jpg', '服务', 0, '23.15054094842448,113.32208633422851', 'array (\n  ''tabletitle'' => \n  array (\n    0 => ''房型'',\n    1 => ''门市价(元)'',\n    2 => ''协议价(元)'',\n  ),\n  ''table_1'' => \n  array (\n    0 => ''商务单人房'',\n    1 => ''标准双人房'',\n    2 => ''单房商务公寓'',\n    3 => ''两房商务公寓'',\n    4 => ''三房豪华公寓'',\n  ),\n  ''table_2'' => \n  array (\n    0 => ''580'',\n    1 => ''580'',\n    2 => ''580'',\n    3 => ''980'',\n    4 => ''1180'',\n  ),\n  ''table_3'' => \n  array (\n    0 => ''1180'',\n    1 => ''230'',\n    2 => ''330'',\n    3 => ''420'',\n    4 => ''520'',\n  ),\n  ''title'' => '''',\n  ''keywords'' => '''',\n  ''description'' => '''',\n  ''defaultpic'' => ''uploadfile/2010/0422/20100422035412770.jpg'',\n  ''pricetable'' => \n  array (\n    0 => \n    array (\n      ''td1'' => ''商务单人房'',\n      ''td2'' => ''580'',\n      ''td3'' => ''1180'',\n    ),\n    1 => \n    array (\n      ''td1'' => ''标准双人房'',\n      ''td2'' => ''580'',\n      ''td3'' => ''230'',\n    ),\n    2 => \n    array (\n      ''td1'' => ''单房商务公寓'',\n      ''td2'' => ''580'',\n      ''td3'' => ''330'',\n    ),\n    3 => \n    array (\n      ''td1'' => ''两房商务公寓'',\n      ''td2'' => ''980'',\n      ''td3'' => ''420'',\n    ),\n    4 => \n    array (\n      ''td1'' => ''三房豪华公寓'',\n      ''td2'' => ''1180'',\n      ''td3'' => ''520'',\n    ),\n  ),\n)', 999, 1, 'shop/shop.php?id=159', 0, '广交、亚运会等其它节日除外', '0', ''),
(160, 0, 280104, 1710, 0, '中怡商务酒店', '', '天河区林和街25号中怡城市花园A幢4楼&#8206;', 'http://www.zhongyi-hotel.com', '', '020-38216666', '', '', '', '', '', 1271923855, 'default', '<p>&nbsp;&nbsp; 广州中怡酒店按四星级标准备装修的商务型酒店，座落在广州市商贸中心中信广场旁。距火车东站仅5分钟路程，距广州新白云机场仅30分钟东程，到广交会场15分钟路程。步行到正佳购物广场到天河城仅15分钟。略邻名胜，水、陆、空交通便捷。中怡酒店拥有各种各异的房间类型，居住的环境安静。设备设施都极其优雅。是各商旅人士居留的首选之地.</p>', '1', '1', 36, '', 0, 3, 3, 3, 0, 0, 0, 0, 0, 43, 0, 1, 0, 7, '协议价', 'uploadfile/2010/0422/thumb_120_90_20100422042029124.jpg', '服务', 0, '23.14264879833422,113.32715034484863', 'array (\n  ''tabletitle'' => \n  array (\n    0 => ''房型'',\n    1 => ''门市价(元)'',\n    2 => ''协议价(元)'',\n  ),\n  ''table_1'' => \n  array (\n    0 => ''豪华蜜月房'',\n    1 => ''豪华双人房'',\n    2 => ''豪华商务单人房'',\n    3 => ''豪华商务双人房'',\n    4 => ''豪华商务三人房'',\n  ),\n  ''table_2'' => \n  array (\n    0 => ''668'',\n    1 => ''668'',\n    2 => ''888'',\n    3 => ''888'',\n    4 => ''1088'',\n  ),\n  ''table_3'' => \n  array (\n    0 => ''300'',\n    1 => ''300'',\n    2 => ''368'',\n    3 => ''368'',\n    4 => ''468'',\n  ),\n  ''title'' => '''',\n  ''keywords'' => '''',\n  ''description'' => '''',\n  ''defaultpic'' => ''uploadfile/2010/0422/20100422042029124.jpg'',\n  ''pricetable'' => \n  array (\n    0 => \n    array (\n      ''td1'' => ''豪华蜜月房'',\n      ''td2'' => ''668'',\n      ''td3'' => ''300'',\n    ),\n    1 => \n    array (\n      ''td1'' => ''豪华双人房'',\n      ''td2'' => ''668'',\n      ''td3'' => ''300'',\n    ),\n    2 => \n    array (\n      ''td1'' => ''豪华商务单人房'',\n      ''td2'' => ''888'',\n      ''td3'' => ''368'',\n    ),\n    3 => \n    array (\n      ''td1'' => ''豪华商务双人房'',\n      ''td2'' => ''888'',\n      ''td3'' => ''368'',\n    ),\n    4 => \n    array (\n      ''td1'' => ''豪华商务三人房'',\n      ''td2'' => ''1088'',\n      ''td3'' => ''468'',\n    ),\n  ),\n)', 999, 1, 'shop/shop.php?id=160', 665, '广交、亚运会等其它节日除外', '0', ''),
(165, 0, 280101, 1802, 0, '佐登妮丝美容SPA生活馆', '荔湾新', '荔湾路100号新大新四楼03房', 'http://www.jourdeness.com.tw/', '', '020-81700540', '', '', '', '', '', 1271987529, 'default', '<p>\r\n<table cellspacing="0" cellpadding="0" border="1">\r\n    <tbody>\r\n        <tr>\r\n            <td valign="top" width="644">\r\n            <div><span style="font-size: 14px"><span style="color: #ff0000">注:非佐登妮丝会员(女)三折享受、Q10酵素润白或者背部三焦舒穴项目一次；8.5折购买脸部护理产品</span></span></div>\r\n            </td>\r\n        </tr>\r\n    </tbody>\r\n</table>\r\n</p>\r\n<p>&nbsp;</p>\r\n<p><span style="font-size: 12px">&nbsp;&nbsp; </span><span style="font-size: 14px">佐登妮丝，诞生于1989年，是一家集研发、生产、教育、终端经营为一体的大型跨国美容集团。今天我们拥有遍布亚太地区，近2000家美容连锁机构。近20年来，公司秉承&ldquo;领导品牌、航向未来&rdquo;的企业精神和&ldquo;诚实信赖，永续经营&rdquo;的经营理念，致力于全球女性的美丽事业，每一步都留下深刻的足迹。 1989年创建佐登妮丝化妆品（股）公司 1991年成立佐登妮丝国际（股）公司控股公司 1996年成立大陆分公司 1997年设立专业沙龙直营店 1999年成立马来西亚分公司，并在台湾设立由日本、法国、台湾皮肤医学专家组成的顶级皮肤研究中心 2000年成立比尔佐登妮丝实业（股）公司，并在台湾大甲工业区斥资一亿二千万台币，设立了生产事业部，凭借&ldquo;精、钻、专&rdquo;的研发理念及严谨的护肤品生产流程，它成为了佐登妮丝的品牌发展的坚强后盾 2003年投资近1亿人民币，按GMP标准（药品生产质量管理规范）建设的佐登妮丝（广州）美容化妆品工厂，在广州经济开发区新近落成，并成为这个国际技术开发区中的样板工厂 2006年台湾总公司股份隆重上市，成为中国台湾美容第一上市公司 目前公司成为东南亚最大的国际美容连锁机构，足迹已遍布中国内地（未来3年内，佐登妮丝计划在中国开设5000家直营连锁店）、日本、马来西亚、中国台湾等地区，让来自不同地域的女性体验同样的时尚美丽。为了服务更多女性，并以迈向国际为目标， 将来更 计划前进法国、英国、美国与加拿大，正式为全球的女人，创造美丽的奇迹与传说。 佐登妮丝深入研究，集众家之长，运用&ldquo;泄实补虚、阴阳平衡&rdquo;等传统的中医理论，结合西方先进科技，通过上千次试验调整，独立开发了自己特色的中西方结合的美容技术体系，拥有20余项特色技术课程，能有效解决200多种皮肤问题；14大系列，400多种产品专业深入，全面覆盖，为女性提供最贴心的美丽配方，并精心打造现代女性的身心疗养空间。优雅静谧的风格布局，悉心周到的全程服务，轻松安全的美容感受，全面资深的健康咨询，让人无限眷恋。 佐登妮丝广州区域已有40余家直营美容SPA生活馆，并继续飞速发展，将覆盖广州各中心城区，以严格统一的管理、高品质的服务，在广州女性心中留下美好的印象，到佐登妮丝，享受SPA生活的时尚体验。 <br />\r\n</span></p>\r\n<div align="center"><span style="font-size: 14px"><b><br />\r\n</b></span></div>\r\n<div style="text-align: left"><span style="font-size: 14px"><b>&nbsp;&nbsp;&nbsp;&nbsp;&nbsp;&nbsp;&nbsp;&nbsp;&nbsp;&nbsp;&nbsp;&nbsp;&nbsp;&nbsp; 佐登妮丝广州市区连锁店分布<br />\r\n</b></span></div>\r\n<div style="text-align: left"><span style="font-size: 14px"><span style="font-family: 宋体; mso-ascii-font-family: ''Times New Roman''; mso-hansi-font-family: ''Times New Roman''"><span style="font-family: 宋体; mso-ascii-font-family: ''Times New Roman''; mso-hansi-font-family: ''Times New Roman''">\r\n<p class="MsoNormal" style="margin: 0cm 0cm 0pt"><span style="font-family: 宋体; mso-bidi-font-family: 宋体"><strong>荔湾区<span lang="EN-US"><o:p></o:p></span></strong></span></p>\r\n<p class="MsoNormal" align="left" style="margin: 0cm 0cm 0pt; text-align: left; mso-pagination: widow-orphan"><span lang="EN-US" style="font-size: 12pt; mso-font-kerning: 0pt"><font face="Times New Roman">1</font></span><span style="font-size: 12pt; font-family: 宋体; mso-bidi-font-family: 宋体; mso-font-kerning: 0pt; mso-ascii-font-family: ''Times New Roman''; mso-hansi-font-family: ''Times New Roman''">、富力广场店</span><span lang="EN-US" style="font-size: 12pt; mso-font-kerning: 0pt"><font face="Times New Roman"><span style="mso-spacerun: yes">&nbsp;&nbsp;&nbsp;&nbsp;&nbsp; </span>020-31025876<span style="mso-spacerun: yes">&nbsp;&nbsp;&nbsp; </span></font></span><span style="font-size: 12pt; font-family: 宋体; mso-bidi-font-family: 宋体; mso-font-kerning: 0pt; mso-ascii-font-family: ''Times New Roman''; mso-hansi-font-family: ''Times New Roman''">广州市荔湾区龙津西路</span><span lang="EN-US" style="font-size: 12pt; mso-font-kerning: 0pt"><font face="Times New Roman">229</font></span><span style="font-size: 12pt; font-family: 宋体; mso-bidi-font-family: 宋体; mso-font-kerning: 0pt; mso-ascii-font-family: ''Times New Roman''; mso-hansi-font-family: ''Times New Roman''">号富力广场</span><span lang="EN-US" style="font-size: 12pt; mso-font-kerning: 0pt"><font face="Times New Roman">S2-S4</font></span><span style="font-size: 12pt; font-family: 宋体; mso-bidi-font-family: 宋体; mso-font-kerning: 0pt; mso-ascii-font-family: ''Times New Roman''; mso-hansi-font-family: ''Times New Roman''">栋</span><span lang="EN-US" style="font-size: 12pt; mso-font-kerning: 0pt"><font face="Times New Roman">106</font></span><span style="font-size: 12pt; font-family: 宋体; mso-bidi-font-family: 宋体; mso-font-kerning: 0pt; mso-ascii-font-family: ''Times New Roman''; mso-hansi-font-family: ''Times New Roman''">铺</span><span lang="EN-US" style="font-size: 12pt; font-family: 宋体; mso-bidi-font-family: 宋体; mso-font-kerning: 0pt"><o:p></o:p></span></p>\r\n<p class="MsoNormal" align="left" style="margin: 0cm 0cm 0pt; text-align: left; mso-pagination: widow-orphan"><span lang="EN-US" style="font-family: 宋体; mso-bidi-font-family: 宋体">2.</span><span style="font-family: 宋体; mso-bidi-font-family: 宋体">花地大道店<span lang="EN-US"><span style="mso-spacerun: yes">&nbsp;&nbsp;&nbsp;&nbsp;&nbsp; </span>020-81598611<span style="mso-spacerun: yes">&nbsp;&nbsp; </span></span>广州市荔湾区花地大道北<span lang="EN-US">192</span>号红棉大厦<span lang="EN-US">1</span>号</span><span lang="EN-US" style="font-size: 12pt; font-family: 宋体; mso-bidi-font-family: 宋体; mso-font-kerning: 0pt"><o:p></o:p></span></p>\r\n<p class="MsoNormal" align="left" style="margin: 0cm 0cm 0pt; text-align: left; mso-pagination: widow-orphan"><span lang="EN-US" style="font-size: 12pt"><font face="Times New Roman">3</font></span><span style="font-size: 12pt; font-family: 宋体; mso-bidi-font-family: 宋体; mso-ascii-font-family: ''Times New Roman''; mso-hansi-font-family: ''Times New Roman''">、荔湾新店</span><span lang="EN-US" style="font-size: 12pt"><font face="Times New Roman"><span style="mso-spacerun: yes">&nbsp;&nbsp;&nbsp;&nbsp;&nbsp;&nbsp; </span>020-81700540 81368900<span style="mso-spacerun: yes">&nbsp; </span></font></span><span style="font-size: 12pt; font-family: 宋体; mso-bidi-font-family: 宋体; mso-ascii-font-family: ''Times New Roman''; mso-hansi-font-family: ''Times New Roman''">地址：荔湾路</span><span lang="EN-US" style="font-size: 12pt"><font face="Times New Roman">100</font></span><span style="font-size: 12pt; font-family: 宋体; mso-bidi-font-family: 宋体; mso-ascii-font-family: ''Times New Roman''; mso-hansi-font-family: ''Times New Roman''">号新大新四楼</span><span lang="EN-US" style="font-size: 12pt"><font face="Times New Roman">03</font></span><span style="font-size: 12pt; font-family: 宋体; mso-bidi-font-family: 宋体; mso-ascii-font-family: ''Times New Roman''; mso-hansi-font-family: ''Times New Roman''">房</span><span lang="EN-US" style="font-size: 12pt; mso-bidi-font-family: 宋体"><o:p></o:p></span></p>\r\n<p class="MsoNormal" style="margin: 0cm 0cm 0pt">&nbsp;</p>\r\n<p class="MsoNormal" style="margin: 0cm 0cm 0pt">&nbsp;</p>\r\n</span></span></span></div>\r\n<div>\r\n<p class="MsoNormal" style="margin: 0cm 0cm 0pt">&nbsp;</p>\r\n</div>\r\n<div>\r\n<div><span style="font-size: 14px">&nbsp;</span></div>\r\n</div>\r\n<div><span style="font-size: 14px">&nbsp;</span></div>\r\n<p>&nbsp;</p>', '1', '0', 33, '', 0, 0, 0, 0, 0, 0, 0, 0, 0, 0, 0, 0, 0, 3, '协议价', 'uploadfile/2010/0423/20100423095546188.jpg', '美容', 0, '23.12812602816804,113.24432373046875', 'array (\n  ''title'' => '''',\n  ''keywords'' => '''',\n  ''description'' => '''',\n  ''defaultpic'' => '''',\n)', 999, 1, 'shop/shop.php?id=165', 684, '0', '1', ''),
(162, 0, 280103, 1802, 0, '佐登妮丝美容SPA生活馆', '海珠', ' 广州市滨江路明康街257号 ', 'http://www.jourdeness.com.tw/', '', '020-84140191 ', '', '', '', '', '', 1271986668, 'default', '<p>\r\n<table border="1" cellspacing="0" cellpadding="0">\r\n    <tbody>\r\n        <tr>\r\n            <td valign="top" width="644">\r\n            <div><span style="font-size: 14px"><span style="color: #ff0000">注:非佐登妮丝会员(女)三折享受、Q10酵素润白或者背部三焦舒穴项目一次；8.5折购买脸部护理产品</span></span></div>\r\n            </td>\r\n        </tr>\r\n    </tbody>\r\n</table>\r\n</p>\r\n<p>&nbsp;</p>\r\n<p><span style="font-size: 12px">&nbsp;&nbsp; </span><span style="font-size: 14px">佐登妮丝，诞生于1989年，是一家集研发、生产、教育、终端经营为一体的大型跨国美容集团。今天我们拥有遍布亚太地区，近2000家美容连锁机构。近20年来，公司秉承&ldquo;领导品牌、航向未来&rdquo;的企业精神和&ldquo;诚实信赖，永续经营&rdquo;的经营理念，致力于全球女性的美丽事业，每一步都留下深刻的足迹。 1989年创建佐登妮丝化妆品（股）公司 1991年成立佐登妮丝国际（股）公司控股公司 1996年成立大陆分公司 1997年设立专业沙龙直营店 1999年成立马来西亚分公司，并在台湾设立由日本、法国、台湾皮肤医学专家组成的顶级皮肤研究中心 2000年成立比尔佐登妮丝实业（股）公司，并在台湾大甲工业区斥资一亿二千万台币，设立了生产事业部，凭借&ldquo;精、钻、专&rdquo;的研发理念及严谨的护肤品生产流程，它成为了佐登妮丝的品牌发展的坚强后盾 2003年投资近1亿人民币，按GMP标准（药品生产质量管理规范）建设的佐登妮丝（广州）美容化妆品工厂，在广州经济开发区新近落成，并成为这个国际技术开发区中的样板工厂 2006年台湾总公司股份隆重上市，成为中国台湾美容第一上市公司 目前公司成为东南亚最大的国际美容连锁机构，足迹已遍布中国内地（未来3年内，佐登妮丝计划在中国开设5000家直营连锁店）、日本、马来西亚、中国台湾等地区，让来自不同地域的女性体验同样的时尚美丽。为了服务更多女性，并以迈向国际为目标， 将来更 计划前进法国、英国、美国与加拿大，正式为全球的女人，创造美丽的奇迹与传说。 佐登妮丝深入研究，集众家之长，运用&ldquo;泄实补虚、阴阳平衡&rdquo;等传统的中医理论，结合西方先进科技，通过上千次试验调整，独立开发了自己特色的中西方结合的美容技术体系，拥有20余项特色技术课程，能有效解决200多种皮肤问题；14大系列，400多种产品专业深入，全面覆盖，为女性提供最贴心的美丽配方，并精心打造现代女性的身心疗养空间。优雅静谧的风格布局，悉心周到的全程服务，轻松安全的美容感受，全面资深的健康咨询，让人无限眷恋。 佐登妮丝广州区域已有40余家直营美容SPA生活馆，并继续飞速发展，将覆盖广州各中心城区，以严格统一的管理、高品质的服务，在广州女性心中留下美好的印象，到佐登妮丝，享受SPA生活的时尚体验。 <br />\r\n</span></p>\r\n<div align="center"><span style="font-size: 14px"><b><br />\r\n</b></span></div>\r\n<div style="text-align: left"><span style="font-size: 14px"><b>&nbsp;&nbsp;&nbsp;&nbsp;&nbsp;&nbsp;&nbsp;&nbsp;&nbsp;&nbsp;&nbsp;&nbsp;&nbsp;&nbsp; 佐登妮丝广州市区连锁店分布<br />\r\n</b></span></div>\r\n<div style="text-align: left"><span style="font-size: 14px"><b>海珠区</b></span></div>\r\n<div><span style="font-size: 14px"><span lang="EN-US"><font face="Times New Roman">\r\n<p class="MsoNormal" style="margin: 0cm 0cm 0pt"><span lang="EN-US">1.</span><span style="font-family: 宋体; mso-ascii-font-family: ''Times New Roman''; mso-hansi-font-family: ''Times New Roman''">广州工业大道店</span><span lang="EN-US"><span style="mso-spacerun: yes">&nbsp;&nbsp;&nbsp;&nbsp; </span>020-84062252<span style="mso-spacerun: yes">&nbsp;&nbsp;&nbsp;&nbsp; </span></span><span style="font-family: 宋体; mso-ascii-font-family: ''Times New Roman''; mso-hansi-font-family: ''Times New Roman''">广州石工业大道南</span><span lang="EN-US">821</span><span style="font-family: 宋体; mso-ascii-font-family: ''Times New Roman''; mso-hansi-font-family: ''Times New Roman''">号金碧都市广场首层</span><span lang="EN-US">B19-2</span><span style="font-family: 宋体; mso-ascii-font-family: ''Times New Roman''; mso-hansi-font-family: ''Times New Roman''">、</span><span lang="EN-US">3</span><span style="font-family: 宋体; mso-ascii-font-family: ''Times New Roman''; mso-hansi-font-family: ''Times New Roman''">铺</span></p>\r\n<p class="MsoNormal" style="margin: 0cm 0cm 0pt"><span lang="EN-US">2.</span><span style="font-family: 宋体; mso-ascii-font-family: ''Times New Roman''; mso-hansi-font-family: ''Times New Roman''">广州怡乐路店</span><span lang="EN-US"><span style="mso-spacerun: yes">&nbsp;&nbsp;&nbsp;&nbsp;&nbsp;&nbsp; </span>020- 89090306<span style="mso-spacerun: yes">&nbsp;&nbsp;&nbsp;&nbsp; </span></span><span style="font-family: 宋体; mso-ascii-font-family: ''Times New Roman''; mso-hansi-font-family: ''Times New Roman''">广州市怡乐路</span><span lang="EN-US">78</span><span style="font-family: 宋体; mso-ascii-font-family: ''Times New Roman''; mso-hansi-font-family: ''Times New Roman''">号瑜丰都市广场</span><span lang="EN-US">A8</span><span style="font-family: 宋体; mso-ascii-font-family: ''Times New Roman''; mso-hansi-font-family: ''Times New Roman''">商铺</span><span lang="EN-US"> </span></p>\r\n<p class="MsoNormal" style="margin: 0cm 0cm 0pt"><span lang="EN-US">3.</span><span style="font-family: 宋体; mso-ascii-font-family: ''Times New Roman''; mso-hansi-font-family: ''Times New Roman''">广州昌岗路店</span><span lang="EN-US"><span style="mso-spacerun: yes">&nbsp;&nbsp;&nbsp;&nbsp; </span><span style="mso-spacerun: yes">&nbsp;&nbsp;</span>020-84300660<span style="mso-spacerun: yes">&nbsp;&nbsp;&nbsp;&nbsp;&nbsp; </span></span><span style="font-family: 宋体; mso-ascii-font-family: ''Times New Roman''; mso-hansi-font-family: ''Times New Roman''">广州市海珠区昌岗中路</span><span lang="EN-US">130</span><span style="font-family: 宋体; mso-ascii-font-family: ''Times New Roman''; mso-hansi-font-family: ''Times New Roman''">号</span><span lang="EN-US">-6</span></p>\r\n<p class="MsoNormal" style="margin: 0cm 0cm 0pt"><span lang="EN-US">4.</span><span style="font-family: 宋体; mso-ascii-font-family: ''Times New Roman''; mso-hansi-font-family: ''Times New Roman''">广州滨江路店</span><span lang="EN-US"><span style="mso-spacerun: yes">&nbsp;&nbsp;&nbsp;&nbsp;&nbsp;&nbsp; </span>020-84140191<span style="mso-spacerun: yes">&nbsp;&nbsp;&nbsp;&nbsp;&nbsp; </span></span><span style="font-family: 宋体; mso-ascii-font-family: ''Times New Roman''; mso-hansi-font-family: ''Times New Roman''">广州市滨江路明康街</span><span lang="EN-US">257</span><span style="font-family: 宋体; mso-ascii-font-family: ''Times New Roman''; mso-hansi-font-family: ''Times New Roman''">号</span><span lang="EN-US"> </span></p>\r\n<p class="MsoNormal" style="margin: 0cm 0cm 0pt"><span lang="EN-US">5.</span><span style="font-family: 宋体; mso-ascii-font-family: ''Times New Roman''; mso-hansi-font-family: ''Times New Roman''">广州江湾桥南店</span><span lang="EN-US"><span style="mso-spacerun: yes">&nbsp;&nbsp;&nbsp;&nbsp; </span>020-89084736<span style="mso-spacerun: yes">&nbsp;&nbsp;&nbsp;&nbsp;&nbsp; </span></span><span style="font-family: 宋体; mso-ascii-font-family: ''Times New Roman''; mso-hansi-font-family: ''Times New Roman''">广州市江湾桥南中海名都</span><span lang="EN-US">A11</span><span style="font-family: 宋体; mso-ascii-font-family: ''Times New Roman''; mso-hansi-font-family: ''Times New Roman''">商铺</span><span lang="EN-US"> </span></p>\r\n<p class="MsoNormal" style="margin: 0cm 0cm 0pt"><span lang="EN-US">6.</span><span style="font-family: 宋体; mso-ascii-font-family: ''Times New Roman''; mso-hansi-font-family: ''Times New Roman''">广州江南西店</span><span lang="EN-US"><span style="mso-spacerun: yes">&nbsp;&nbsp;&nbsp;&nbsp;&nbsp;&nbsp; </span>020-84483546<span style="mso-spacerun: yes">&nbsp;&nbsp;&nbsp;&nbsp;&nbsp; </span></span><span style="font-family: 宋体; mso-ascii-font-family: ''Times New Roman''; mso-hansi-font-family: ''Times New Roman''">广州市江南西路紫龙大街</span><span lang="EN-US">18</span><span style="font-family: 宋体; mso-ascii-font-family: ''Times New Roman''; mso-hansi-font-family: ''Times New Roman''">号流行地带</span><span lang="EN-US">A02 </span></p>\r\n<p class="MsoNormal" style="margin: 0cm 0cm 0pt"><span lang="EN-US">7.</span><span style="font-family: 宋体; mso-ascii-font-family: ''Times New Roman''; mso-hansi-font-family: ''Times New Roman''">广州滨江铂丽廊店</span><span lang="EN-US"><span style="mso-spacerun: yes">&nbsp;&nbsp; </span>020-84221035<span style="mso-spacerun: yes">&nbsp;&nbsp;&nbsp;&nbsp;&nbsp; </span></span><span style="font-family: 宋体; mso-ascii-font-family: ''Times New Roman''; mso-hansi-font-family: ''Times New Roman''">广州市滨江东路</span><span lang="EN-US">912-974</span><span style="font-family: 宋体; mso-ascii-font-family: ''Times New Roman''; mso-hansi-font-family: ''Times New Roman''">号铂丽廊商场</span><span lang="EN-US">2</span><span style="font-family: 宋体; mso-ascii-font-family: ''Times New Roman''; mso-hansi-font-family: ''Times New Roman''">楼</span><span lang="EN-US">217</span></p>\r\n<p class="MsoNormal" style="margin: 0cm 0cm 0pt"><span lang="EN-US">8.</span><span style="font-family: 宋体; mso-ascii-font-family: ''Times New Roman''; mso-hansi-font-family: ''Times New Roman''">广州江燕路店</span><span lang="EN-US"><span style="mso-spacerun: yes">&nbsp;&nbsp;&nbsp;&nbsp;&nbsp;&nbsp; </span>020-34221945<span style="mso-spacerun: yes">&nbsp;&nbsp;&nbsp;&nbsp;&nbsp; </span></span><span style="font-family: 宋体; mso-ascii-font-family: ''Times New Roman''; mso-hansi-font-family: ''Times New Roman''">广州市海珠区江燕路海富前街</span><span lang="EN-US">34</span><span style="font-family: 宋体; mso-ascii-font-family: ''Times New Roman''; mso-hansi-font-family: ''Times New Roman''">号</span></p>\r\n<p class="MsoNormal" style="margin: 0cm 0cm 0pt">&nbsp;</p>\r\n</font></span></span></div>\r\n<div>\r\n<div><span style="font-size: 14px">&nbsp;</span></div>\r\n</div>\r\n<div><span style="font-size: 14px">&nbsp;</span></div>\r\n<p>&nbsp;</p>', '1', '0', 11, '', 0, 0, 0, 0, 0, 0, 0, 0, 0, 0, 0, 0, 0, 4, '协议价', 'uploadfile/2010/0423/20100423093748764.jpg', '美容', 0, '23.102687660359613,113.30584287643432', 'array (\n  ''title'' => '''',\n  ''keywords'' => '''',\n  ''description'' => '''',\n  ''defaultpic'' => ''uploadfile/2010/0423/20100423093748490.jpg'',\n)', 999, 1, 'shop/shop.php?id=162', 677, '', '1', '');
INSERT INTO `dc_shop` (`id`, `userid`, `areacode`, `catcode`, `ownerid`, `shopname`, `subname`, `address`, `website`, `videourl`, `tel1`, `tel2`, `mobile`, `bus`, `park`, `storehours`, `inputtime`, `template`, `content`, `status`, `elite`, `hits`, `shopdomain`, `avgsort`, `sort1`, `sort2`, `sort3`, `sort4`, `sort5`, `sort6`, `sort7`, `sort8`, `avgprice`, `enjoy`, `reviews`, `gbook`, `pics`, `discount`, `thumb`, `main`, `adminid`, `map`, `setting`, `listorder`, `posids`, `url`, `aid`, `discountchuwai`, `isimg`, `description`) VALUES
(163, 0, 280107, 1802, 0, '佐登妮丝美容SPA生活馆', '番禺', ' 广州市番禺区市桥镇东沙路141号 ', 'http://www.jourdeness.com.tw/', '', '020-84660520 ', '', '', '', '', '', 1271986989, 'default', '<p>\r\n<table cellspacing="0" cellpadding="0" border="1">\r\n    <tbody>\r\n        <tr>\r\n            <td valign="top" width="644">\r\n            <div><span style="font-size: 14px"><span style="color: #ff0000">注:非佐登妮丝会员(女)三折享受、Q10酵素润白或者背部三焦舒穴项目一次；8.5折购买脸部护理产品</span></span></div>\r\n            </td>\r\n        </tr>\r\n    </tbody>\r\n</table>\r\n</p>\r\n<p>&nbsp;</p>\r\n<p><span style="font-size: 12px">&nbsp;&nbsp; </span><span style="font-size: 14px">佐登妮丝，诞生于1989年，是一家集研发、生产、教育、终端经营为一体的大型跨国美容集团。今天我们拥有遍布亚太地区，近2000家美容连锁机构。近20年来，公司秉承&ldquo;领导品牌、航向未来&rdquo;的企业精神和&ldquo;诚实信赖，永续经营&rdquo;的经营理念，致力于全球女性的美丽事业，每一步都留下深刻的足迹。 1989年创建佐登妮丝化妆品（股）公司 1991年成立佐登妮丝国际（股）公司控股公司 1996年成立大陆分公司 1997年设立专业沙龙直营店 1999年成立马来西亚分公司，并在台湾设立由日本、法国、台湾皮肤医学专家组成的顶级皮肤研究中心 2000年成立比尔佐登妮丝实业（股）公司，并在台湾大甲工业区斥资一亿二千万台币，设立了生产事业部，凭借&ldquo;精、钻、专&rdquo;的研发理念及严谨的护肤品生产流程，它成为了佐登妮丝的品牌发展的坚强后盾 2003年投资近1亿人民币，按GMP标准（药品生产质量管理规范）建设的佐登妮丝（广州）美容化妆品工厂，在广州经济开发区新近落成，并成为这个国际技术开发区中的样板工厂 2006年台湾总公司股份隆重上市，成为中国台湾美容第一上市公司 目前公司成为东南亚最大的国际美容连锁机构，足迹已遍布中国内地（未来3年内，佐登妮丝计划在中国开设5000家直营连锁店）、日本、马来西亚、中国台湾等地区，让来自不同地域的女性体验同样的时尚美丽。为了服务更多女性，并以迈向国际为目标， 将来更 计划前进法国、英国、美国与加拿大，正式为全球的女人，创造美丽的奇迹与传说。 佐登妮丝深入研究，集众家之长，运用&ldquo;泄实补虚、阴阳平衡&rdquo;等传统的中医理论，结合西方先进科技，通过上千次试验调整，独立开发了自己特色的中西方结合的美容技术体系，拥有20余项特色技术课程，能有效解决200多种皮肤问题；14大系列，400多种产品专业深入，全面覆盖，为女性提供最贴心的美丽配方，并精心打造现代女性的身心疗养空间。优雅静谧的风格布局，悉心周到的全程服务，轻松安全的美容感受，全面资深的健康咨询，让人无限眷恋。 佐登妮丝广州区域已有40余家直营美容SPA生活馆，并继续飞速发展，将覆盖广州各中心城区，以严格统一的管理、高品质的服务，在广州女性心中留下美好的印象，到佐登妮丝，享受SPA生活的时尚体验。 <br />\r\n</span></p>\r\n<div align="center"><span style="font-size: 14px"><b><br />\r\n</b></span></div>\r\n<div style="text-align: left"><span style="font-size: 14px"><b>&nbsp;&nbsp;&nbsp;&nbsp;&nbsp;&nbsp;&nbsp;&nbsp;&nbsp;&nbsp;&nbsp;&nbsp;&nbsp;&nbsp; 佐登妮丝广州市区连锁店分布<br />\r\n</b></span></div>\r\n<div style="text-align: left"><span style="font-size: 14px">\r\n<p class="MsoNormal" style="margin: 0cm 0cm 0pt"><strong><span style="font-family: 宋体; mso-ascii-font-family: ''Times New Roman''; mso-hansi-font-family: ''Times New Roman''">番禺区</span><span lang="EN-US"><o:p></o:p></span></strong></p>\r\n<p class="MsoNormal" style="margin: 0cm 0cm 0pt"><span lang="EN-US"><font face="Times New Roman">1.</font></span><span style="font-family: 宋体; mso-ascii-font-family: ''Times New Roman''; mso-hansi-font-family: ''Times New Roman''">番禺锦绣华庭店</span><span lang="EN-US"><font face="Times New Roman"><span style="mso-spacerun: yes">&nbsp;&nbsp;&nbsp;&nbsp; </span>020-84883489<span style="mso-spacerun: yes">&nbsp;&nbsp;&nbsp;&nbsp;&nbsp; </span></font></span><span style="font-family: 宋体; mso-ascii-font-family: ''Times New Roman''; mso-hansi-font-family: ''Times New Roman''">广州市番禺区市桥镇光明北路</span><span lang="EN-US"><font face="Times New Roman">10</font></span><span style="font-family: 宋体; mso-ascii-font-family: ''Times New Roman''; mso-hansi-font-family: ''Times New Roman''">号铺</span><span lang="EN-US"><font face="Times New Roman"> </font></span></p>\r\n<p class="MsoNormal" style="margin: 0cm 0cm 0pt"><span lang="EN-US"><font face="Times New Roman">2.</font></span><span style="font-family: 宋体; mso-ascii-font-family: ''Times New Roman''; mso-hansi-font-family: ''Times New Roman''">番禺东沙店</span><span lang="EN-US"><font face="Times New Roman"><span style="mso-spacerun: yes">&nbsp;&nbsp;&nbsp;&nbsp;&nbsp;&nbsp;&nbsp;&nbsp; </span>020-84646048<span style="mso-spacerun: yes">&nbsp;&nbsp;&nbsp;&nbsp;&nbsp; </span></font></span><span style="font-family: 宋体; mso-ascii-font-family: ''Times New Roman''; mso-hansi-font-family: ''Times New Roman''">广州市番禺区市桥镇东沙路</span><span lang="EN-US"><font face="Times New Roman">141</font></span><span style="font-family: 宋体; mso-ascii-font-family: ''Times New Roman''; mso-hansi-font-family: ''Times New Roman''">号</span><span lang="EN-US"><font face="Times New Roman"> </font></span></p>\r\n<p class="MsoNormal" style="margin: 0cm 0cm 0pt"><span lang="EN-US" style="mso-bidi-font-size: 10.5pt"><font face="Times New Roman">3.</font></span><span style="font-family: 宋体; mso-bidi-font-size: 10.5pt; mso-ascii-font-family: ''Times New Roman''; mso-hansi-font-family: ''Times New Roman''">番禺大北店</span><span lang="EN-US" style="mso-bidi-font-size: 10.5pt"><font face="Times New Roman"><span style="mso-spacerun: yes">&nbsp; </span><span style="mso-spacerun: yes">&nbsp;&nbsp;&nbsp;&nbsp;&nbsp;&nbsp;&nbsp;</span>020-84660520<span style="mso-spacerun: yes">&nbsp;&nbsp;&nbsp;&nbsp;&nbsp; </span></font></span><span style="font-family: 宋体; mso-bidi-font-size: 10.5pt; mso-ascii-font-family: ''Times New Roman''; mso-hansi-font-family: ''Times New Roman''">广州市番禺区大北路</span><span lang="EN-US" style="mso-bidi-font-size: 10.5pt"><font face="Times New Roman">191</font></span><span style="font-family: 宋体; mso-bidi-font-size: 10.5pt; mso-ascii-font-family: ''Times New Roman''; mso-hansi-font-family: ''Times New Roman''">号新业大厦首层</span><span lang="EN-US" style="mso-bidi-font-size: 10.5pt"><o:p></o:p></span></p>\r\n<p class="MsoNormal" style="margin: 0cm 0cm 0pt"><span lang="EN-US" style="mso-bidi-font-size: 10.5pt"><font face="Times New Roman">4.</font></span><span style="font-family: 宋体; mso-bidi-font-size: 10.5pt; mso-ascii-font-family: ''Times New Roman''; mso-hansi-font-family: ''Times New Roman''">番禺康裕店</span><span lang="EN-US" style="mso-bidi-font-size: 10.5pt"><font face="Times New Roman"><span style="mso-spacerun: yes">&nbsp; </span><span style="mso-spacerun: yes">&nbsp;&nbsp;&nbsp;&nbsp;&nbsp;&nbsp;&nbsp;</span>020-84661520<span style="mso-spacerun: yes">&nbsp;&nbsp;&nbsp;&nbsp;&nbsp; </span></font></span><span style="font-family: 宋体; mso-bidi-font-size: 10.5pt; mso-ascii-font-family: ''Times New Roman''; mso-hansi-font-family: ''Times New Roman''">广州市番禺区康乐路</span><span lang="EN-US" style="mso-bidi-font-size: 10.5pt"><font face="Times New Roman">193</font></span><span style="font-family: 宋体; mso-bidi-font-size: 10.5pt; mso-ascii-font-family: ''Times New Roman''; mso-hansi-font-family: ''Times New Roman''">号</span><span lang="EN-US" style="mso-bidi-font-size: 10.5pt"><o:p></o:p></span></p>\r\n<p class="MsoNormal" style="margin: 0cm 0cm 0pt"><span lang="EN-US" style="mso-bidi-font-size: 10.5pt"><font face="Times New Roman">5.</font></span><span style="font-family: 宋体; mso-bidi-font-size: 10.5pt; mso-ascii-font-family: ''Times New Roman''; mso-hansi-font-family: ''Times New Roman''">丽江店</span><span lang="EN-US" style="mso-bidi-font-size: 10.5pt"><font face="Times New Roman"><span style="mso-spacerun: yes">&nbsp;&nbsp;&nbsp;&nbsp;&nbsp;&nbsp;&nbsp;&nbsp;&nbsp;&nbsp;&nbsp;&nbsp; </span>020-34708106<span style="mso-spacerun: yes">&nbsp;&nbsp;&nbsp;&nbsp;&nbsp; </span></font></span><span style="font-family: 宋体; mso-bidi-font-size: 10.5pt; mso-ascii-font-family: ''Times New Roman''; mso-hansi-font-family: ''Times New Roman''">广州市番禺区丽江花园渔人码头首层</span><span lang="EN-US" style="mso-bidi-font-size: 10.5pt"><font face="Times New Roman">133</font></span><span style="font-family: 宋体; mso-bidi-font-size: 10.5pt; mso-ascii-font-family: ''Times New Roman''; mso-hansi-font-family: ''Times New Roman''">号商铺</span><span lang="EN-US" style="mso-bidi-font-size: 10.5pt"><o:p></o:p></span></p>\r\n<p class="MsoNormal" align="left" style="margin: 0cm 0.9pt 0pt 0cm; text-align: left; tab-stops: 36.0pt; mso-layout-grid-align: none"><span lang="EN-US" style="mso-bidi-font-size: 10.5pt"><font face="Times New Roman">6</font></span><span style="font-family: 宋体; mso-bidi-font-size: 10.5pt; mso-ascii-font-family: ''Times New Roman''; mso-hansi-font-family: ''Times New Roman''">东怡店</span><font face="Times New Roman"><span lang="EN-US" style="mso-bidi-font-size: 10.5pt"><span style="mso-spacerun: yes">&nbsp;&nbsp;&nbsp;&nbsp;&nbsp;&nbsp;&nbsp;&nbsp;&nbsp;&nbsp;&nbsp;&nbsp; </span>020-84622726<span style="mso-spacerun: yes">&nbsp;&nbsp;&nbsp;&nbsp; </span><span style="mso-spacerun: yes">&nbsp;</span></span><span style="font-size: 10pt; color: black; font-family: 幼圆; mso-bidi-font-family: 幼圆; mso-font-kerning: 0pt; mso-bidi-font-weight: bold; mso-ansi-language: ZH-CN">广州市番禺区石基镇东怡新区东豪路29号</span></font><span style="font-size: 10pt; font-family: 宋体; mso-bidi-font-family: 宋体; mso-font-kerning: 0pt; mso-hansi-font-family: ''Times New Roman''; mso-ansi-language: ZH-CN"><o:p></o:p></span></p>\r\n</span></div>\r\n<div>\r\n<p class="MsoNormal" style="margin: 0cm 0cm 0pt">&nbsp;</p>\r\n</div>\r\n<div>\r\n<div><span style="font-size: 14px">&nbsp;</span></div>\r\n</div>\r\n<div><span style="font-size: 14px">&nbsp;</span></div>\r\n<p>&nbsp;</p>', '1', '0', 9, '', 0, 0, 0, 0, 0, 0, 0, 0, 0, 0, 0, 0, 0, 4, '协议价', 'uploadfile/2010/0423/20100423094325575.jpg', '美容', 0, '22.932784559933932,113.37504386901855', 'array (\n  ''title'' => '''',\n  ''keywords'' => '''',\n  ''description'' => '''',\n  ''defaultpic'' => ''uploadfile/2010/0423/20100423094325133.jpg'',\n)', 999, 1, 'shop/shop.php?id=163', 681, '0', '1', ''),
(164, 0, 280105, 1802, 0, '佐登妮丝美容SPA生活馆', '白云', ' 广州市白云区富力桃园A2栋9号铺首层（富园路54号）', 'http://www.jourdeness.com.tw/', '', '020-81813756', '', '', '', '', '', 1271987191, 'default', '<p>\r\n<table border="1" cellspacing="0" cellpadding="0">\r\n    <tbody>\r\n        <tr>\r\n            <td valign="top" width="644">\r\n            <div><span style="font-size: 14px"><span style="color: #ff0000">注:非佐登妮丝会员(女)三折享受、Q10酵素润白或者背部三焦舒穴项目一次；8.5折购买脸部护理产品</span></span></div>\r\n            </td>\r\n        </tr>\r\n    </tbody>\r\n</table>\r\n</p>\r\n<p>&nbsp;</p>\r\n<p><span style="font-size: 12px">&nbsp;&nbsp; </span><span style="font-size: 14px">佐登妮丝，诞生于1989年，是一家集研发、生产、教育、终端经营为一体的大型跨国美容集团。今天我们拥有遍布亚太地区，近2000家美容连锁机构。近20年来，公司秉承&ldquo;领导品牌、航向未来&rdquo;的企业精神和&ldquo;诚实信赖，永续经营&rdquo;的经营理念，致力于全球女性的美丽事业，每一步都留下深刻的足迹。 1989年创建佐登妮丝化妆品（股）公司 1991年成立佐登妮丝国际（股）公司控股公司 1996年成立大陆分公司 1997年设立专业沙龙直营店 1999年成立马来西亚分公司，并在台湾设立由日本、法国、台湾皮肤医学专家组成的顶级皮肤研究中心 2000年成立比尔佐登妮丝实业（股）公司，并在台湾大甲工业区斥资一亿二千万台币，设立了生产事业部，凭借&ldquo;精、钻、专&rdquo;的研发理念及严谨的护肤品生产流程，它成为了佐登妮丝的品牌发展的坚强后盾 2003年投资近1亿人民币，按GMP标准（药品生产质量管理规范）建设的佐登妮丝（广州）美容化妆品工厂，在广州经济开发区新近落成，并成为这个国际技术开发区中的样板工厂 2006年台湾总公司股份隆重上市，成为中国台湾美容第一上市公司 目前公司成为东南亚最大的国际美容连锁机构，足迹已遍布中国内地（未来3年内，佐登妮丝计划在中国开设5000家直营连锁店）、日本、马来西亚、中国台湾等地区，让来自不同地域的女性体验同样的时尚美丽。为了服务更多女性，并以迈向国际为目标， 将来更 计划前进法国、英国、美国与加拿大，正式为全球的女人，创造美丽的奇迹与传说。 佐登妮丝深入研究，集众家之长，运用&ldquo;泄实补虚、阴阳平衡&rdquo;等传统的中医理论，结合西方先进科技，通过上千次试验调整，独立开发了自己特色的中西方结合的美容技术体系，拥有20余项特色技术课程，能有效解决200多种皮肤问题；14大系列，400多种产品专业深入，全面覆盖，为女性提供最贴心的美丽配方，并精心打造现代女性的身心疗养空间。优雅静谧的风格布局，悉心周到的全程服务，轻松安全的美容感受，全面资深的健康咨询，让人无限眷恋。 佐登妮丝广州区域已有40余家直营美容SPA生活馆，并继续飞速发展，将覆盖广州各中心城区，以严格统一的管理、高品质的服务，在广州女性心中留下美好的印象，到佐登妮丝，享受SPA生活的时尚体验。 <br />\r\n</span></p>\r\n<div align="center"><span style="font-size: 14px"><b><br />\r\n</b></span></div>\r\n<div style="text-align: left"><span style="font-size: 14px"><b>&nbsp;&nbsp;&nbsp;&nbsp;&nbsp;&nbsp;&nbsp;&nbsp;&nbsp;&nbsp;&nbsp;&nbsp;&nbsp;&nbsp; 佐登妮丝广州市区连锁店分布<br />\r\n</b></span></div>\r\n<div style="text-align: left"><span style="font-size: 14px"><span style="font-family: 宋体; mso-ascii-font-family: ''Times New Roman''; mso-hansi-font-family: ''Times New Roman''">\r\n<p class="MsoNormal" style="margin: 0cm 0cm 0pt"><strong><span style="font-family: 宋体; mso-ascii-font-family: ''Times New Roman''; mso-hansi-font-family: ''Times New Roman''">白云、新塘区</span><span lang="EN-US"><o:p></o:p></span></strong></p>\r\n<p class="MsoNormal" style="margin: 0cm 0cm 0pt"><span lang="EN-US" style="mso-bidi-font-size: 10.5pt"><font face="Times New Roman">1.</font></span><span style="font-family: 宋体; mso-ascii-font-family: ''Times New Roman''; mso-hansi-font-family: ''Times New Roman''">广州新塘店</span><span lang="EN-US"><font face="Times New Roman"><span style="mso-spacerun: yes">&nbsp;&nbsp;&nbsp;&nbsp;&nbsp;&nbsp;&nbsp;&nbsp; </span>020-32915556<span style="mso-spacerun: yes">&nbsp;&nbsp;&nbsp;&nbsp;&nbsp; </span></font></span><span style="font-family: 宋体; mso-ascii-font-family: ''Times New Roman''; mso-hansi-font-family: ''Times New Roman''">广州市新塘镇汇创国贸大厦</span><span lang="EN-US"><font face="Times New Roman">1</font></span><span style="font-family: 宋体; mso-ascii-font-family: ''Times New Roman''; mso-hansi-font-family: ''Times New Roman''">栋</span><span lang="EN-US"><font face="Times New Roman">108</font></span><span style="font-family: 宋体; mso-ascii-font-family: ''Times New Roman''; mso-hansi-font-family: ''Times New Roman''">号铺</span></p>\r\n<p class="MsoNormal" style="margin: 0cm 0cm 0pt"><span lang="EN-US"><font face="Times New Roman">2</font></span><span style="font-family: 宋体; mso-ascii-font-family: ''Times New Roman''; mso-hansi-font-family: ''Times New Roman''">、广州富力半岛店</span><span lang="EN-US"><font face="Times New Roman"><span style="mso-spacerun: yes">&nbsp;&nbsp; </span>020-81780639</font></span></p>\r\n<p class="MsoNormal" style="margin: 0cm 0cm 0pt"><span style="font-family: 宋体; mso-ascii-font-family: ''Times New Roman''; mso-hansi-font-family: ''Times New Roman''">广州白云区增槎路富力半岛</span><span lang="EN-US"><font face="Times New Roman">E4</font></span><span style="font-family: 宋体; mso-ascii-font-family: ''Times New Roman''; mso-hansi-font-family: ''Times New Roman''">栋二楼（建设银行旁）</span></p>\r\n<p class="MsoNormal" style="margin: 0cm 0cm 0pt"><span lang="EN-US"><font face="Times New Roman">3</font></span><span style="font-family: 宋体; mso-ascii-font-family: ''Times New Roman''; mso-hansi-font-family: ''Times New Roman''">、广州富力桃园店</span><span lang="EN-US"><font face="Times New Roman"><span style="mso-spacerun: yes">&nbsp;&nbsp; </span>020-81813756<span style="mso-spacerun: yes">&nbsp;&nbsp;&nbsp;&nbsp;&nbsp; </span></font></span><span style="font-family: 宋体; mso-ascii-font-family: ''Times New Roman''; mso-hansi-font-family: ''Times New Roman''">广州市白云区富力桃园</span><span lang="EN-US"><font face="Times New Roman">A2</font></span><span style="font-family: 宋体; mso-ascii-font-family: ''Times New Roman''; mso-hansi-font-family: ''Times New Roman''">栋</span><span lang="EN-US"><font face="Times New Roman">9</font></span><span style="font-family: 宋体; mso-ascii-font-family: ''Times New Roman''; mso-hansi-font-family: ''Times New Roman''">号铺首层（富园路</span><span lang="EN-US"><font face="Times New Roman">54</font></span><span style="font-family: 宋体; mso-ascii-font-family: ''Times New Roman''; mso-hansi-font-family: ''Times New Roman''">号）</span></p>\r\n<p class="MsoNormal" style="margin: 0cm 0cm 0pt">&nbsp;</p>\r\n</span></span></div>\r\n<div>\r\n<p class="MsoNormal" style="margin: 0cm 0cm 0pt">&nbsp;</p>\r\n</div>\r\n<div>\r\n<div><span style="font-size: 14px">&nbsp;</span></div>\r\n</div>\r\n<div><span style="font-size: 14px">&nbsp;</span></div>\r\n<p>&nbsp;</p>', '1', '0', 22, '', 0, 0, 0, 0, 0, 0, 0, 0, 0, 0, 0, 0, 0, 4, '协议价', 'uploadfile/2010/0423/20100423094631298.jpg', '美容', 0, '23.14935715553845,113.23016166687012', 'array (\n  ''title'' => '''',\n  ''keywords'' => '''',\n  ''description'' => '''',\n  ''defaultpic'' => ''uploadfile/2010/0423/20100423094631207.jpg'',\n)', 999, 1, 'shop/shop.php?id=164', 684, '', '1', ''),
(166, 0, 280107, 1614, 0, '英姿跆拳道俱乐部', '番禺', '番禺区丽江花园会所(九如通津羽毛球馆)', 'http://www.yz-tkd.com/', '', '020-34708201', '', '', '', '', '', 1271988070, 'default', '<p>&nbsp;&nbsp; 周子寒，&ldquo;师范&rdquo;&ldquo;英姿跆拳道俱乐部馆长，世界跆拳道联盟黑带五段师范、国家一级裁判。中国空手道一级教练，九四年开始从事跆拳道教育事业，凭着对跆拳道的专注与爱好一教就是十五年，周子寒馆长对学生们的热爱却不减当年，执着的她总是把学生们的训练工作放到第一位，于一九九七年独创了《英姿跆拳道俱乐部》，所率领的跆拳道队伍多年来在国内外及亚洲跆拳道大赛中获得冠军。曾担任广东省运动会及担任第九、十届全国运动会跆拳道裁判并多年来担任中国跆拳道大型比赛裁判及受邀赴香港担任第九、十、十一、十二届世界亚洲城市跆拳道金杯赛裁判。多次被评为&ldquo;优秀裁判&rdquo;和&ldquo;最佳教练&rdquo;。 2006年代表中国赴英国伦敦牛津大学，英方对交流活动给予了高度赞誉，并任命周总教练为名誉教练兼英国牛津国际教育网唯一华人总教练。她的辛勤付出使更多的人认识了&ldquo;英姿&rdquo;，同时给学员们搭建了展示才艺的国际舞台，也是当今成为跆拳道届最早成立跆拳道俱乐部的首位女馆长成为当时广东最有权威最早成立的跆拳道组织佼佼者。 <br />\r\n专业化高水平的教练队伍 <br />\r\n&nbsp;&nbsp;&nbsp; 英姿跆拳道凭借科学、规范的教学内容，严格的教学管理制度，高水平、专业化的教练队伍，十五年积累的教学丰富经验，多年以来周子寒馆长必亲自到现场指导学生，能够针对学员的自身特点，因材施教帮助学达到最佳的训练效果。从而造就了英姿跆拳道在业界的名优品牌形象。&nbsp;</p>\r\n<p>\r\n<table cellspacing="0" cellpadding="0" border="1">\r\n    <tbody>\r\n        <tr>\r\n            <td width="559" colspan="3">\r\n            <div align="center"><b>各馆上课时间</b></div>\r\n            </td>\r\n            <td width="144">\r\n            <div align="center"><b>联系方式</b></div>\r\n            </td>\r\n        </tr>\r\n        <tr>\r\n            <td width="38">\r\n            <div align="left"><b>越</b></div>\r\n            <div align="left"><b>秀</b></div>\r\n            <div align="left"><b>区</b></div>\r\n            </td>\r\n            <td width="257">\r\n            <div align="left">常年班：周五<span>19：30－21：30</span></div>\r\n            <div align="left"><span>&nbsp;&nbsp;&nbsp;&nbsp;&nbsp;&nbsp;&nbsp; </span>周六<span>19：30-21：30</span></div>\r\n            <div align="left">周日<span>10：00－12：00</span></div>\r\n            </td>\r\n            <td width="264">\r\n            <div align="left">东山达道路西元岗<span>13号（广铁职工健身中心）二楼</span></div>\r\n            <div align="left">TEL:84437036 13719338907</div>\r\n            </td>\r\n            <td width="144" rowspan="7">\r\n            <div align="left">网址：<span>www.yz-tkd..com Eail:</span></div>\r\n            <div align="left">yz-tkd@163.com <br />\r\n            <br />\r\n            联系电话：<span>13802753153 13719338907 </span></div>\r\n            </td>\r\n        </tr>\r\n        <tr>\r\n            <td width="38" rowspan="2">\r\n            <div align="left"><b>海</b></div>\r\n            <div align="left"><b>珠</b></div>\r\n            <div align="left"><b>区</b></div>\r\n            </td>\r\n            <td width="257">\r\n            <div align="left">常年班：周二、<span>19：15-21：15</span></div>\r\n            <div align="left">周六、日<span>16：00-18：00</span></div>\r\n            </td>\r\n            <td width="264">\r\n            <div align="left">宝岗大道中宏宇广场<span>A座203号、B座205号503室</span></div>\r\n            <div align="left">TEL:020-84437036<span>&nbsp;&nbsp;&nbsp; 13802753153</span></div>\r\n            </td>\r\n        </tr>\r\n        <tr>\r\n            <td width="257">\r\n            <div align="left">常年班：周五、<span>17：30-19：00</span></div>\r\n            <div align="left">19：<span>30-21：00</span></div>\r\n            <div align="left">周六、日<span>16：30-18：00</span></div>\r\n            </td>\r\n            <td width="264">\r\n            <div align="left">珠江帝景赤岗文化站二楼赤岗青少年活动中心（珠江帝景苑涛轩<span>AB座2楼办公室）</span></div>\r\n            <div align="left">TEL：<span>88133244 13802753153</span></div>\r\n            </td>\r\n        </tr>\r\n        <tr>\r\n            <td width="38">\r\n            <div align="left"><b>番</b></div>\r\n            <div align="left"><b>禺</b></div>\r\n            <div align="left"><b>区</b></div>\r\n            </td>\r\n            <td width="257">\r\n            <div align="left">常年班：周三<span>19：30－21：00</span></div>\r\n            <div align="left">周六<span>19：30－21：00</span></div>\r\n            </td>\r\n            <td width="264">\r\n            <div align="left">番禺丽江花园会所（九如通津羽毛球馆）</div>\r\n            <div align="left">TEL:020-34708201<span>&nbsp;&nbsp;&nbsp; 13802753153</span></div>\r\n            </td>\r\n        </tr>\r\n        <tr>\r\n            <td width="38">\r\n            <div align="left"><b>天</b></div>\r\n            <div align="left"><b>河</b></div>\r\n            <div align="left"><b>区</b></div>\r\n            </td>\r\n            <td width="257">\r\n            <div align="left">常年班：周三<span>17：00－18：30</span></div>\r\n            <div align="left">周日<span>16：00－17：30</span></div>\r\n            </td>\r\n            <td width="264">\r\n            <div align="left">天河华康街12号首层红棉艺术培训中心</div>\r\n            <div align="left">TEL:38865700/84437036</div>\r\n            </td>\r\n        </tr>\r\n        <tr>\r\n            <td width="38" rowspan="2">\r\n            <div align="left"><b>荔</b></div>\r\n            <div align="left"><b>湾</b></div>\r\n            <div align="left"><b>区</b></div>\r\n            </td>\r\n            <td width="257">\r\n            <div align="left">常年班：周三、五19：00－20：30</div>\r\n            <div align="left">周六、日16：30－18：00</div>\r\n            </td>\r\n            <td width="264">\r\n            <div align="left">广州珠江帝景赤岗街文化站二楼赤岗青少年活动中心（珠江帝景苑悦涛轩AB座2楼办公室）</div>\r\n            <div align="left">Tel:88133244/84437036</div>\r\n            </td>\r\n        </tr>\r\n        <tr>\r\n            <td width="257">\r\n            <div align="left">常年班：周六10：30－12：00</div>\r\n            </td>\r\n            <td width="264">\r\n            <div align="left">新世界萧邦艺术中心 中山八路富力广场<span>S7首层</span></div>\r\n            <div align="left">TEL:83618962/83618952</div>\r\n            </td>\r\n        </tr>\r\n    </tbody>\r\n</table>\r\n<br />\r\n&nbsp;</p>', '1', '0', 26, '', 0, 0, 0, 0, 0, 0, 0, 0, 0, 0, 0, 0, 0, 2, '9.5', 'uploadfile/2010/0423/20100423100212695.jpg', '健身', 0, '23.031241083342632,113.30337524414062', 'array (\n  ''title'' => '''',\n  ''keywords'' => '''',\n  ''description'' => '''',\n  ''defaultpic'' => ''uploadfile/2010/0423/20100423100212264.jpg'',\n)', 999, 1, 'shop/shop.php?id=166', 699, '0', '1', ''),
(167, 0, 280104, 1708, 0, '莫泰168连锁旅店', '天河北路', '天河区天河北路5号(原正升大厦）', 'http://www.motel168.com/', '', '020-83932555', '', '', '', '', '', 1272079484, 'default', '<p>&nbsp;&nbsp;&nbsp;&nbsp; 莫泰168广州天河北路店地处于广州中央商务核心区域之天河北路5号，毗邻天河体育中心，中信广场，时代广场，天河城购物中心，至广州东站仅需5分钟车程，紧靠东风公园，新达城广场。交通十分便利，机场六号快线至天河大厦客运站，30分钟可达新白云国际机场。地铁三号线和一号线让您畅游广州南北东西，珠江水上游览，白云山等风景区是您观光旅游的好去处。</p>\r\n<p>&nbsp;</p>', '1', '1', 33, '', 0, 0, 0, 0, 0, 0, 0, 0, 0, 0, 0, 0, 0, 5, '门市价优惠20元', 'uploadfile/2010/0424/20100424125741343.jpg', '服务', 0, '23.185813175302915,113.17703247070312', 'array (\n  ''title'' => '''',\n  ''keywords'' => '''',\n  ''description'' => '''',\n  ''defaultpic'' => ''uploadfile/2010/0424/20100424125509397.gif'',\n)', 999, 1, 'shop/shop.php?id=167', 0, '不适用于交易、亚运会等其它节日', '1', ''),
(185, 0, 280102, 17, 0, '文星连锁酒店', '区庄', '越秀区犀牛路38号—东方广场(区庄立交苏宁电器旁)', 'http://www.wxinn.com/', '', '020-87314008', '4008 30 4008', '', '', '', '', 1272421605, 'default', '<p>广州文星连锁酒店-区庄店地处环市东路区庄立交东南侧（环市东路与犀牛路口交界处苏宁电器旁）；地铁五号线区庄站E出口即到，交通便利，毗邻广州三大商圈，花园酒店商圈+天河城商圈+农林下路商圈中心地段；周边游（广州动物园、黄花岗烈士陵园）、商（王府井百货、世贸中心大厦、广州国际电子大厦、好又多超市）、食（澳门街、东苑酒家、渝城味都）、文（广东工大、中大北校区、执信中学、省教育厅）、医（中山眼科医院、肿瘤医院、第一附属医院、省人民医院）、玩（钱柜KTV、玩家KTV）一应俱全。</p>', '1', '1', 15, '', 0, 0, 0, 0, 0, 0, 0, 0, 0, 0, 0, 0, 0, 3, '协议价', 'uploadfile/2010/0428/20100428102645830.jpg', '服务', 0, '23.133532786700272,113.29710960388183', 'array (\n  ''tabletitle'' => \n  array (\n    0 => ''房型'',\n    1 => ''门市价(元)'',\n    2 => ''协议价(元)'',\n  ),\n  ''table_1'' => \n  array (\n    0 => ''商务大床房'',\n    1 => ''商务双床房'',\n    2 => ''豪华大床房'',\n    3 => ''豪华双床房'',\n    4 => ''套房'',\n  ),\n  ''table_2'' => \n  array (\n    0 => ''188'',\n    1 => ''208'',\n    2 => ''208'',\n    3 => ''228'',\n    4 => ''258'',\n  ),\n  ''table_3'' => \n  array (\n    0 => ''150'',\n    1 => ''170'',\n    2 => ''170'',\n    3 => ''190'',\n    4 => ''220'',\n  ),\n  ''title'' => '''',\n  ''keywords'' => '''',\n  ''description'' => '''',\n  ''defaultpic'' => ''uploadfile/2010/0428/20100428103506660.jpg'',\n  ''pricetable'' => \n  array (\n    0 => \n    array (\n      ''td1'' => ''商务大床房'',\n      ''td2'' => ''188'',\n      ''td3'' => ''150'',\n    ),\n    1 => \n    array (\n      ''td1'' => ''商务双床房'',\n      ''td2'' => ''208'',\n      ''td3'' => ''170'',\n    ),\n    2 => \n    array (\n      ''td1'' => ''豪华大床房'',\n      ''td2'' => ''208'',\n      ''td3'' => ''170'',\n    ),\n    3 => \n    array (\n      ''td1'' => ''豪华双床房'',\n      ''td2'' => ''228'',\n      ''td3'' => ''190'',\n    ),\n    4 => \n    array (\n      ''td1'' => ''套房'',\n      ''td2'' => ''258'',\n      ''td3'' => ''220'',\n    ),\n  ),\n)', 999, 1, 'shop/shop.php?id=185', 882, '交易、亚运会等其它节日', '0', ''),
(168, 0, 280102, 1708, 0, '莫泰168连锁旅店', '广州大道', '越秀区广州大道中301号', 'http://www.motel168.com/', '', '020-83969666', '', '', '', '', '', 1272091321, 'default', '<p>&nbsp;&nbsp;&nbsp;&nbsp;&nbsp; 莫泰168广州大道店位于广州市越秀区广州大道中301号。邻近广州繁华地段:天河城、中信广场、珠江新城、购书中心；距离广州火车东站、体育中心8公里、10分钟车程。酒店门口三十多条公交线路，四通八达。地铁1号线、3号线、机场快线（六号线）近在咫尺，10分钟内到达。距离琵洲国际会展中心11公里，15分钟车程；距离白云国际机场48公里、40分钟车程。</p>\r\n<p>&nbsp;</p>', '1', '0', 9, '', 0, 0, 0, 0, 0, 0, 0, 0, 0, 0, 0, 0, 0, 4, '门市价优惠20元', 'uploadfile/2010/0424/20100424024405454.jpg', '服务', 0, '23.124100416781836,113.31526279449463', 'array (\n  ''title'' => '''',\n  ''keywords'' => '''',\n  ''description'' => '''',\n  ''defaultpic'' => ''uploadfile/2010/0424/20100424024504327.gif'',\n)', 999, 1, 'shop/shop.php?id=168', 0, '不适用于交易、亚运会等其它节日', '1', ''),
(186, 0, 280104, 1710, 0, '米芦商务酒店', '', '天河区中山大道西275号', '', '', '020-22138988', '', '', '', '', '', 1272423630, 'default', '', '1', '0', 12, '', 0, 0, 0, 0, 0, 0, 0, 0, 0, 0, 0, 0, 0, 3, '协议价', 'uploadfile/2010/0428/20100428110423953.jpg', '服务', 0, '23.13152007723789,113.36654663085937', 'array (\n  ''tabletitle'' => \n  array (\n    0 => ''房型'',\n    1 => ''门市价(元)'',\n    2 => ''协议价(元)'',\n  ),\n  ''table_1'' => \n  array (\n    0 => ''标准单人房'',\n    1 => ''豪华双人房'',\n    2 => ''豪华单人房'',\n    3 => ''豪华套房'',\n  ),\n  ''table_2'' => \n  array (\n    0 => ''298'',\n    1 => ''328'',\n    2 => ''328'',\n    3 => ''538'',\n  ),\n  ''table_3'' => \n  array (\n    0 => ''239'',\n    1 => ''263'',\n    2 => ''263'',\n    3 => ''430'',\n  ),\n  ''title'' => '''',\n  ''keywords'' => '''',\n  ''description'' => '''',\n  ''defaultpic'' => ''uploadfile/2010/0428/20100428110316385.jpg'',\n  ''pricetable'' => \n  array (\n    0 => \n    array (\n      ''td1'' => ''标准单人房'',\n      ''td2'' => ''298'',\n      ''td3'' => ''239'',\n    ),\n    1 => \n    array (\n      ''td1'' => ''豪华双人房'',\n      ''td2'' => ''328'',\n      ''td3'' => ''263'',\n    ),\n    2 => \n    array (\n      ''td1'' => ''豪华单人房'',\n      ''td2'' => ''328'',\n      ''td3'' => ''263'',\n    ),\n    3 => \n    array (\n      ''td1'' => ''豪华套房'',\n      ''td2'' => ''538'',\n      ''td3'' => ''430'',\n    ),\n  ),\n)', 999, 1, 'shop/shop.php?id=186', 0, '广交、亚运会等其它节日除外', '1', ''),
(169, 0, 280107, 1708, 0, '莫泰168连锁旅店', '洛溪大桥', '番禺区洛浦街105国道上漖村路段96号', 'http://www.motel168.com/', '', '020-83932222', '', '', '', '', '', 1272092188, 'default', '<p>&nbsp;&nbsp;&nbsp;&nbsp;&nbsp; 享誉沪上的莫泰168连锁旅店登陆广州番禺，酒店配置有线电视、卫星电视、宽带上网、DDDIDD等。目前莫泰168市场足迹遍及上海、北京、苏州、南通、无锡、宁波、合肥、武汉、贵阳、重庆、南昌、南京、广东等国内城市和地区。 <font face="Verdana">莫泰168广州洛溪大桥店</font>时尚、亲和、便捷、舒适，位于洛溪大桥南300米，丽江花园南侧，是通往广州南面各商贸、旅游景点的咽喉要道，背靠海滨花园，东望星河湾、大学城，北临洛溪新城，南接香江野生动物园、祈福新村。坐机场7号线至洛溪佳园步行3分钟到酒店</p>\r\n<p>&nbsp;</p>', '1', '0', 6, '', 0, 0, 0, 0, 0, 0, 0, 0, 0, 0, 0, 0, 0, 4, '门市价优惠20元', 'uploadfile/2010/0424/20100424025628786.jpg', '服务', 0, '23.03455859173856,113.30921173095703', 'array (\n  ''title'' => '''',\n  ''keywords'' => '''',\n  ''description'' => '''',\n  ''defaultpic'' => ''uploadfile/2010/0424/20100424025656314.gif'',\n)', 999, 1, 'shop/shop.php?id=169', 0, '不适用于交易、亚运会等其它节日', '1', ''),
(188, 0, 280102, 1710, 0, '凯旋龙连锁酒店', '华凯', ' 广州市中山三路东皋大道皋园街9-1号（中华广场斜对面）', '', '', '020-83875988', '400-880-3333', '', '', '', '   ', 1272436748, 'default', '<p>&nbsp;&nbsp;&nbsp;&nbsp;&nbsp;&nbsp; 旋龙华凯酒店位于广州市中山三路东皋大道皋园街9-1号，广州老城区中心位置大东门附近，中三小学后面。紧靠陵园西通讯交易市场、广联礼堂、中山大学光华口腔医学院，相毗邻中华广场、英雄广场;往西向是繁华的北京路和上下九两个著名的步行购物街、文化公园、陈家祠，东侧步行15分钟就是王府井百货，往南约15分钟就是闻名海外的海印电器总汇;酒店内休闲餐吧、茶艺馆、娱乐设施齐全、环境幽雅，闹中取静，闹市中的世外桃园，是您休闲、娱乐、购物、约会的首选！</p>', '1', '0', 13, '', 0, 0, 0, 0, 0, 0, 0, 0, 0, 0, 0, 0, 0, 1, '协议价', 'uploadfile/2010/0428/thumb_120_90_20100428023952464.jpg', '服务', 0, '23.128599621565897,113.2849645614624', 'array (\n  ''tabletitle'' => \n  array (\n    0 => ''房型'',\n    1 => ''门市价(元)'',\n    2 => ''协议价(元)'',\n  ),\n  ''table_1'' => \n  array (\n    0 => ''标准单人房'',\n    1 => ''豪华单人房'',\n    2 => ''豪华双人房'',\n    3 => ''豪华四人房'',\n    4 => ''豪华套房'',\n  ),\n  ''table_2'' => \n  array (\n    0 => ''288'',\n    1 => ''298'',\n    2 => ''308'',\n    3 => ''298'',\n    4 => ''368'',\n  ),\n  ''table_3'' => \n  array (\n    0 => ''158'',\n    1 => ''168'',\n    2 => ''180'',\n    3 => ''228'',\n    4 => ''268'',\n  ),\n  ''title'' => '''',\n  ''keywords'' => '''',\n  ''description'' => '''',\n  ''defaultpic'' => ''uploadfile/2010/0428/20100428023952464.jpg'',\n  ''pricetable'' => \n  array (\n    0 => \n    array (\n      ''td1'' => ''标准单人房'',\n      ''td2'' => ''288'',\n      ''td3'' => ''158'',\n    ),\n    1 => \n    array (\n      ''td1'' => ''豪华单人房'',\n      ''td2'' => ''298'',\n      ''td3'' => ''168'',\n    ),\n    2 => \n    array (\n      ''td1'' => ''豪华双人房'',\n      ''td2'' => ''308'',\n      ''td3'' => ''180'',\n    ),\n    3 => \n    array (\n      ''td1'' => ''豪华四人房'',\n      ''td2'' => ''298'',\n      ''td3'' => ''228'',\n    ),\n    4 => \n    array (\n      ''td1'' => ''豪华套房'',\n      ''td2'' => ''368'',\n      ''td3'' => ''268'',\n    ),\n  ),\n)', 999, 1, 'shop/shop.php?id=188', 911, '广交、亚运会等其它节日除外', '1', ''),
(170, 0, 280108, 1708, 0, '莫泰168连锁旅店', '广州北站', '花都区新华镇站前路9号', 'http://www.motel168.com/', '', '020-83969999', '', '', '', '', '', 1272092320, 'default', '<p>&nbsp;&nbsp;&nbsp;&nbsp; 莫泰168广州北站店地理位置非常优越,位于广州市花都区最为繁华的商业中心, 酒店周围分布着许多购物广场、电脑城、步行街及餐饮娱乐场所,酒店周围还有广州花都区的交通枢纽:广州火车北站、花都汽车客运站、长途汽车客运站，新白云机场,交通非常便利。</p>\r\n<p>&nbsp;</p>', '1', '0', 52, '', 0, 0, 0, 0, 0, 0, 0, 0, 0, 0, 0, 0, 0, 4, '门市价优惠20元', 'uploadfile/2010/0424/20100424030359101.jpg', '服务', 0, '23.124100416781836,113.31526279449463', 'array (\n  ''title'' => '''',\n  ''keywords'' => '''',\n  ''description'' => '''',\n  ''defaultpic'' => ''uploadfile/2010/0424/20100424030108949.gif'',\n)', 999, 1, 'shop/shop.php?id=170', 0, '不适用于交易、亚运会等其它节日', '1', ''),
(190, 0, 280104, 1710, 0, '凯旋龙连锁酒店', '凯旋', '天河区黄埔大道西81号(体育西路和黄埔大道交汇处)', '', '', '020-85593688', '400-880-3333', '', '', '', '   ', 1272437453, 'default', '<p>&nbsp;&nbsp;&nbsp;&nbsp;&nbsp;&nbsp; 凯旋龙凯旋酒店位于体育西路与黄埔大道交界处：天河区黄埔大道81号，与广州新中轴线、广州最大的新商务区、珠江新城仅有一步之遥；与天河城、正佳、广百、宏城等购物广场，仅5分钟步程；周边汇集了广州市的科技、体育、商业、文化、金融等中心；距广州市的IT中心市场仅有1.5公里路程。是商务、旅游、购物的首选。</p>', '1', '1', 29, '', 0, 0, 0, 0, 0, 0, 0, 0, 0, 0, 0, 0, 0, 1, '协议价', 'uploadfile/2010/0428/thumb_120_90_20100428032809986.jpg', '服务', 0, '23.13049397843681,113.3219575881958', 'array (\n  ''tabletitle'' => \n  array (\n    0 => ''房型'',\n    1 => ''门市价(元)'',\n    2 => ''协议价(元)'',\n  ),\n  ''table_1'' => \n  array (\n    0 => ''高级单人房'',\n    1 => ''标准双人房'',\n    2 => ''豪华双人房'',\n    3 => ''豪华商务房'',\n    4 => ''豪华套房'',\n  ),\n  ''table_2'' => \n  array (\n    0 => ''328'',\n    1 => ''368'',\n    2 => ''388'',\n    3 => ''488'',\n    4 => ''680'',\n  ),\n  ''table_3'' => \n  array (\n    0 => ''180'',\n    1 => ''190'',\n    2 => ''200'',\n    3 => ''220'',\n    4 => ''240'',\n  ),\n  ''title'' => '''',\n  ''keywords'' => '''',\n  ''description'' => '''',\n  ''defaultpic'' => ''uploadfile/2010/0428/20100428032809986.jpg'',\n  ''pricetable'' => \n  array (\n    0 => \n    array (\n      ''td1'' => ''高级单人房'',\n      ''td2'' => ''328'',\n      ''td3'' => ''180'',\n    ),\n    1 => \n    array (\n      ''td1'' => ''标准双人房'',\n      ''td2'' => ''368'',\n      ''td3'' => ''190'',\n    ),\n    2 => \n    array (\n      ''td1'' => ''豪华双人房'',\n      ''td2'' => ''388'',\n      ''td3'' => ''200'',\n    ),\n    3 => \n    array (\n      ''td1'' => ''豪华商务房'',\n      ''td2'' => ''488'',\n      ''td3'' => ''220'',\n    ),\n    4 => \n    array (\n      ''td1'' => ''豪华套房'',\n      ''td2'' => ''680'',\n      ''td3'' => ''240'',\n    ),\n  ),\n)', 999, 1, 'shop/shop.php?id=190', 916, '广交、亚运会等其它节日除外', '0', ''),
(171, 0, 280105, 1708, 0, '莫泰168连锁旅店', '白云机场', '白云区人和镇华通广场', 'http://www.motel168.com/', '', '020-86033168', '', '', '', '', '', 1272092787, 'default', '<p>&nbsp;&nbsp;&nbsp;&nbsp;&nbsp;&nbsp; 莫泰168广州白云机场店坐落于广州新白云国际机场国道旁，离机场出发大厅仅十分钟车程，酒店所属中心位置是白云区的商业集中地段，地理位置优越，周边购物、娱乐、餐饮设施齐全，酒店附近交通便利。</p>\r\n<p><span style="font-size: 10.5pt; font-family: 宋体; mso-bidi-font-size: 11.0pt; mso-font-kerning: 1.0pt; mso-bidi-font-family: ''Times New Roman''; mso-ansi-language: EN-US; mso-fareast-language: ZH-CN; mso-bidi-language: AR-SA">本地市话、国内长途免费拨打；机场免费接送；免费宽带上网</span></p>\r\n<p>&nbsp;</p>', '1', '0', 7, '', 0, 0, 0, 0, 0, 0, 0, 0, 0, 0, 0, 0, 0, 4, '门市价优惠20元', 'uploadfile/2010/0424/20100424030851861.jpg', '服务', 0, '23.124100416781836,113.31526279449463', 'array (\n  ''title'' => '''',\n  ''keywords'' => '''',\n  ''description'' => '''',\n  ''defaultpic'' => ''uploadfile/2010/0424/20100424030756242.gif'',\n)', 999, 1, 'shop/shop.php?id=171', 0, '不适用于交易、亚运会等其它节日', '1', ''),
(187, 0, 280104, 1710, 0, '凯旋龙连锁酒店', '方豪', '天河区黃埔大道中141号（员村山顶站）', '', '', '020-85558688 ', '400-880-3333', '', '', '', '   ', 1272436162, 'default', '<p>&nbsp;&nbsp;&nbsp; 凯旋龙方豪酒店位于繁华的天河商务圈，毗邻天河区政府、天河公园、广州赛马场、暨南大学、天河电脑城、珠江新城；上华南快速干线仅需两分钟，到珠三角及周边地区十分快捷。与琶洲国际会展中心隔江相望，是距琶洲展馆最接近之准三星级商务涉外酒店，酒店拥有各式豪华客房136间，配有多媒体会议室、高速宽带IT商务功能。交通便捷、功能齐全，是您商务、旅行、会友和娱乐休闲的理想居所。</p>', '1', '0', 11, '', 0, 0, 0, 0, 0, 0, 0, 0, 0, 0, 0, 0, 0, 1, '协议价', 'uploadfile/2010/0428/thumb_120_90_20100428023609588.jpg', '服务', 0, '23.12496869612131,113.3488655090332', 'array (\n  ''tabletitle'' => \n  array (\n    0 => ''房型'',\n    1 => ''门市价(元)'',\n    2 => ''协议价(元)'',\n  ),\n  ''table_1'' => \n  array (\n    0 => ''标准单人房'',\n    1 => ''标准双人房'',\n    2 => ''豪华单/双人房'',\n    3 => ''豪华商务房'',\n    4 => ''豪华三人房'',\n    5 => ''豪华套房'',\n  ),\n  ''table_2'' => \n  array (\n    0 => ''288'',\n    1 => ''308'',\n    2 => ''468'',\n    3 => ''468'',\n    4 => ''488'',\n    5 => ''588'',\n  ),\n  ''table_3'' => \n  array (\n    0 => ''160'',\n    1 => ''180'',\n    2 => ''200'',\n    3 => ''240'',\n    4 => ''260'',\n    5 => ''280'',\n  ),\n  ''title'' => '''',\n  ''keywords'' => '''',\n  ''description'' => '''',\n  ''defaultpic'' => ''uploadfile/2010/0428/20100428023609588.jpg'',\n  ''pricetable'' => \n  array (\n    0 => \n    array (\n      ''td1'' => ''标准单人房'',\n      ''td2'' => ''288'',\n      ''td3'' => ''160'',\n    ),\n    1 => \n    array (\n      ''td1'' => ''标准双人房'',\n      ''td2'' => ''308'',\n      ''td3'' => ''180'',\n    ),\n    2 => \n    array (\n      ''td1'' => ''豪华单/双人房'',\n      ''td2'' => ''468'',\n      ''td3'' => ''200'',\n    ),\n    3 => \n    array (\n      ''td1'' => ''豪华商务房'',\n      ''td2'' => ''468'',\n      ''td3'' => ''240'',\n    ),\n    4 => \n    array (\n      ''td1'' => ''豪华三人房'',\n      ''td2'' => ''488'',\n      ''td3'' => ''260'',\n    ),\n    5 => \n    array (\n      ''td1'' => ''豪华套房'',\n      ''td2'' => ''588'',\n      ''td3'' => ''280'',\n    ),\n  ),\n)', 999, 1, 'shop/shop.php?id=187', 910, '广交、亚运会等其它节日除外', '1', ''),
(172, 0, 280107, 1708, 0, '莫泰168连锁旅店', '平康路', '番禺区市桥镇平康路53号', 'http://www.motel168.com/', '', '020-83932333', '', '', '', '', '', 1272093059, 'default', '<p>&nbsp;&nbsp;&nbsp;&nbsp;&nbsp;莫泰168广州平康路店位于广州番禺区市桥平康路53号。购物、交通旅游便利,距广州市区仅25分钟车程，距广州琶洲广交会馆也只要25分钟车程，距广州新白云机场60分钟车程。301、302、303、3、18等多条公交线途经酒店，5分钟步行可到市桥最为繁华大北路、易发商业街，步行10分钟可到市桥地铁站，8分钟车程可到番禺客运总站。毗邻莲花山风景区、宝墨园、长隆欢乐世界。</p>\r\n<p>&nbsp;</p>', '1', '0', 15, '', 0, 0, 0, 0, 0, 0, 0, 0, 0, 0, 0, 0, 0, 4, '门市价优惠20元', 'uploadfile/2010/0424/20100424031319491.jpg', '服务', 0, '22.93863390078217,113.37272644042969', 'array (\n  ''title'' => '''',\n  ''keywords'' => '''',\n  ''description'' => '''',\n  ''defaultpic'' => ''uploadfile/2010/0424/20100424031331380.gif'',\n)', 999, 1, 'shop/shop.php?id=172', 0, '不适用于交易、亚运会等其它节日', '1', '');
INSERT INTO `dc_shop` (`id`, `userid`, `areacode`, `catcode`, `ownerid`, `shopname`, `subname`, `address`, `website`, `videourl`, `tel1`, `tel2`, `mobile`, `bus`, `park`, `storehours`, `inputtime`, `template`, `content`, `status`, `elite`, `hits`, `shopdomain`, `avgsort`, `sort1`, `sort2`, `sort3`, `sort4`, `sort5`, `sort6`, `sort7`, `sort8`, `avgprice`, `enjoy`, `reviews`, `gbook`, `pics`, `discount`, `thumb`, `main`, `adminid`, `map`, `setting`, `listorder`, `posids`, `url`, `aid`, `discountchuwai`, `isimg`, `description`) VALUES
(189, 0, 280104, 1710, 0, '凯旋龙连锁酒店', '齐鲁', '天河区广和路136号（天河立交南方人才市场右侧）', '', '', '020-85599868', '400-880-3333', '', '', '', '   ', 1272437274, 'default', '<p>&nbsp;&nbsp;&nbsp;&nbsp;&nbsp;&nbsp; 地处广州大道与中山路、东风路及环市路相汇的天河立交，该店位于极其繁荣的天河商务中心</p>\r\n<p>\r\n<table cellspacing="0" cellpadding="0" border="1">\r\n    <tbody>\r\n        <tr>\r\n            <td width="189">\r\n            <div align="center">房间类型</div>\r\n            </td>\r\n            <td width="189">\r\n            <div align="center">门市价(元)</div>\r\n            </td>\r\n            <td width="189">\r\n            <div align="center">协议价(元)</div>\r\n            </td>\r\n        </tr>\r\n        <tr>\r\n            <td width="189">\r\n            <div align="center">标准双/单人房</div>\r\n            </td>\r\n            <td width="189">\r\n            <div align="center">288</div>\r\n            </td>\r\n            <td width="189">\r\n            <div align="center">150</div>\r\n            </td>\r\n        </tr>\r\n        <tr>\r\n            <td width="189">\r\n            <div align="center">豪华双/单人房</div>\r\n            </td>\r\n            <td width="189">\r\n            <div align="center">338</div>\r\n            </td>\r\n            <td width="189">\r\n            <div align="center">180</div>\r\n            </td>\r\n        </tr>\r\n        <tr>\r\n            <td width="189">\r\n            <div align="center">豪华三人房</div>\r\n            </td>\r\n            <td width="189">\r\n            <div align="center">268</div>\r\n            </td>\r\n            <td width="189">\r\n            <div align="center">200</div>\r\n            </td>\r\n        </tr>\r\n        <tr>\r\n            <td width="189">\r\n            <div align="center">豪华四人房</div>\r\n            </td>\r\n            <td width="189">\r\n            <div align="center">298</div>\r\n            </td>\r\n            <td width="189">\r\n            <div align="center">210</div>\r\n            </td>\r\n        </tr>\r\n        <tr>\r\n            <td width="189">\r\n            <div align="center">豪华套房</div>\r\n            </td>\r\n            <td width="189">\r\n            <div align="center">528</div>\r\n            </td>\r\n            <td width="189">\r\n            <div align="center">230</div>\r\n            </td>\r\n        </tr>\r\n    </tbody>\r\n</table>\r\n</p>', '1', '0', 16, '', 0, 0, 0, 0, 0, 0, 0, 0, 0, 0, 0, 0, 0, 1, '协议价', 'uploadfile/2010/0428/thumb_120_90_20100428024754433.jpg', '服务', 0, '23.13430234410043,113.31964015960693', 'array (\n  ''tabletitle'' => \n  array (\n    0 => ''房型'',\n    1 => ''门市价(元)'',\n    2 => ''协议价(元)'',\n  ),\n  ''table_1'' => \n  array (\n    0 => ''标准双/单人房 '',\n    1 => ''豪华双/单人房 '',\n    2 => ''豪华三人房 '',\n    3 => ''豪华四人房 '',\n    4 => ''豪华套房 '',\n  ),\n  ''table_2'' => \n  array (\n    0 => ''288 '',\n    1 => ''338 '',\n    2 => ''268 '',\n    3 => ''298 '',\n    4 => ''298 '',\n  ),\n  ''table_3'' => \n  array (\n    0 => ''150 '',\n    1 => ''180 '',\n    2 => ''200'',\n    3 => ''210 '',\n    4 => ''230 '',\n  ),\n  ''title'' => '''',\n  ''keywords'' => '''',\n  ''description'' => '''',\n  ''defaultpic'' => ''uploadfile/2010/0428/20100428024754433.jpg'',\n  ''pricetable'' => \n  array (\n    0 => \n    array (\n      ''td1'' => ''标准双/单人房 '',\n      ''td2'' => ''288 '',\n      ''td3'' => ''150 '',\n    ),\n    1 => \n    array (\n      ''td1'' => ''豪华双/单人房 '',\n      ''td2'' => ''338 '',\n      ''td3'' => ''180 '',\n    ),\n    2 => \n    array (\n      ''td1'' => ''豪华三人房 '',\n      ''td2'' => ''268 '',\n      ''td3'' => ''200'',\n    ),\n    3 => \n    array (\n      ''td1'' => ''豪华四人房 '',\n      ''td2'' => ''298 '',\n      ''td3'' => ''210 '',\n    ),\n    4 => \n    array (\n      ''td1'' => ''豪华套房 '',\n      ''td2'' => ''298 '',\n      ''td3'' => ''230 '',\n    ),\n  ),\n)', 999, 1, 'shop/shop.php?id=189', 912, '广交、亚运会等其它节日除外', '1', ''),
(173, 0, 280104, 1701, 0, '建国酒店', '', '中国广东省广州市天河区林和中路172号 ', 'http://www.jianguohotelgz.com', '', '020-83936388 ', '', '', '', '', '', 1272245739, 'default', '<p>广州建国酒店是座落于天河区商业中心的五星级精品豪华商务酒店，是首旅建国酒店管理公司在华南区的旗舰店。她毗邻广州火车东站（广州-香港九龙直通车总站及广州-东莞-深圳火车总站），地铁一号线、三号线终点站及公交车总站。从酒店前往美国领事馆签证处，步行仅需2分钟；前往广交会展馆&mdash;琶洲国际会展中心，仅需20分钟；中信广场、耀中广场、中泰广场、东方宝泰购物广场、宜家家居、羊城八景之&ldquo;天河飘绢&rdquo;等商业娱乐设施围绕四周，尽享商旅之便。<br />\r\n<br />\r\n酒店内设403间豪华客房及套房，每间客房设备完善，均配备宽频上网接口。酒店配备雅致的餐厅及酒吧，提供各款美食及殷勤的服务。有8个多功能会议厅，可举办20人到500人的各类型活动。还设有商务中心，大堂茶座，美发中心，水疗中心和康乐中心，内设室外游泳池、Jaccuzi按摩池、棋牌室、桌球室、乒乓球室、健身室、桑拿房。</p>\r\n<p>\r\n<table cellspacing="0" cellpadding="0" border="1">\r\n    <tbody>\r\n        <tr>\r\n            <td width="114" rowspan="2">\r\n            <div align="center">房间类型</div>\r\n            </td>\r\n            <td width="227" colspan="2">\r\n            <div align="center">门市价</div>\r\n            </td>\r\n            <td width="227" colspan="2">\r\n            <div align="center">优惠价</div>\r\n            </td>\r\n        </tr>\r\n        <tr>\r\n            <td width="114">\r\n            <div align="center">单人(元)</div>\r\n            </td>\r\n            <td width="114">\r\n            <div align="center">双人(元)</div>\r\n            </td>\r\n            <td width="114">\r\n            <div align="center">单人(元)</div>\r\n            </td>\r\n            <td width="114">\r\n            <div align="center">双人(元)</div>\r\n            </td>\r\n        </tr>\r\n        <tr>\r\n            <td width="568" colspan="5">\r\n            <div align="center">主<span>&nbsp;&nbsp; </span>楼</div>\r\n            </td>\r\n        </tr>\r\n        <tr>\r\n            <td width="114">\r\n            <div align="center">标准客房</div>\r\n            </td>\r\n            <td width="114">\r\n            <div align="center">1610</div>\r\n            </td>\r\n            <td width="114">\r\n            <div align="center">1840</div>\r\n            </td>\r\n            <td width="114">\r\n            <div align="center">600</div>\r\n            </td>\r\n            <td width="114">\r\n            <div align="center">660</div>\r\n            </td>\r\n        </tr>\r\n        <tr>\r\n            <td width="114">\r\n            <div align="center">高级客房</div>\r\n            </td>\r\n            <td width="114">\r\n            <div align="center">1840</div>\r\n            </td>\r\n            <td width="114">\r\n            <div align="center">2070</div>\r\n            </td>\r\n            <td width="114">\r\n            <div align="center">680</div>\r\n            </td>\r\n            <td width="114">\r\n            <div align="center">740</div>\r\n            </td>\r\n        </tr>\r\n        <tr>\r\n            <td width="114">\r\n            <div align="center">豪华客房</div>\r\n            </td>\r\n            <td width="114">\r\n            <div align="center">2300</div>\r\n            </td>\r\n            <td width="114">\r\n            <div align="center">2530</div>\r\n            </td>\r\n            <td width="114">\r\n            <div align="center">840</div>\r\n            </td>\r\n            <td width="114">\r\n            <div align="center">900</div>\r\n            </td>\r\n        </tr>\r\n        <tr>\r\n            <td width="114">\r\n            <div align="center">商务套房</div>\r\n            </td>\r\n            <td width="114">\r\n            <div align="center">2760</div>\r\n            </td>\r\n            <td width="114">\r\n            <div align="center">2760</div>\r\n            </td>\r\n            <td width="114">\r\n            <div align="center">1200</div>\r\n            </td>\r\n            <td width="114">\r\n            <div align="center">1200</div>\r\n            </td>\r\n        </tr>\r\n        <tr>\r\n            <td width="114">\r\n            <div align="center">高级套房</div>\r\n            </td>\r\n            <td width="114">\r\n            <div align="center">3680</div>\r\n            </td>\r\n            <td width="114">\r\n            <div align="center">3680</div>\r\n            </td>\r\n            <td width="114">\r\n            <div align="center">1500</div>\r\n            </td>\r\n            <td width="114">\r\n            <div align="center">1500</div>\r\n            </td>\r\n        </tr>\r\n        <tr>\r\n            <td width="114">\r\n            <div align="center">豪华套房</div>\r\n            </td>\r\n            <td width="114">\r\n            <div align="center">4140</div>\r\n            </td>\r\n            <td width="114">\r\n            <div align="center">4140</div>\r\n            </td>\r\n            <td width="114">\r\n            <div align="center">1800</div>\r\n            </td>\r\n            <td width="114">\r\n            <div align="center">1800</div>\r\n            </td>\r\n        </tr>\r\n        <tr>\r\n            <td width="114">\r\n            <div align="center">加床</div>\r\n            </td>\r\n            <td width="227" colspan="2">\r\n            <div align="center">230</div>\r\n            </td>\r\n            <td width="227" colspan="2">\r\n            <div align="center">230</div>\r\n            </td>\r\n        </tr>\r\n        <tr>\r\n            <td width="568" colspan="5">\r\n            <div align="center">行 政 楼</div>\r\n            </td>\r\n        </tr>\r\n        <tr>\r\n            <td width="114">\r\n            <div align="center">标准客房</div>\r\n            </td>\r\n            <td width="114">\r\n            <div align="center">2070</div>\r\n            </td>\r\n            <td width="114">\r\n            <div align="center">2300</div>\r\n            </td>\r\n            <td width="114">\r\n            <div align="center">750</div>\r\n            </td>\r\n            <td width="114">\r\n            <div align="center">850</div>\r\n            </td>\r\n        </tr>\r\n        <tr>\r\n            <td width="114">\r\n            <div align="center">高级客房</div>\r\n            </td>\r\n            <td width="114">\r\n            <div align="center">2300</div>\r\n            </td>\r\n            <td width="114">\r\n            <div align="center">2530</div>\r\n            </td>\r\n            <td width="114">\r\n            <div align="center">830</div>\r\n            </td>\r\n            <td width="114">\r\n            <div align="center">930</div>\r\n            </td>\r\n        </tr>\r\n        <tr>\r\n            <td width="114">\r\n            <div align="center">豪华客房</div>\r\n            </td>\r\n            <td width="114">\r\n            <div align="center">2760</div>\r\n            </td>\r\n            <td width="114">\r\n            <div align="center">2990</div>\r\n            </td>\r\n            <td width="114">\r\n            <div align="center">990</div>\r\n            </td>\r\n            <td width="114">\r\n            <div align="center">1090</div>\r\n            </td>\r\n        </tr>\r\n        <tr>\r\n            <td width="114">\r\n            <div align="center">商务套房</div>\r\n            </td>\r\n            <td width="114">\r\n            <div align="center">3220</div>\r\n            </td>\r\n            <td width="114">\r\n            <div align="center">3220</div>\r\n            </td>\r\n            <td width="114">\r\n            <div align="center">1200</div>\r\n            </td>\r\n            <td width="114">\r\n            <div align="center">1200</div>\r\n            </td>\r\n        </tr>\r\n        <tr>\r\n            <td width="114">\r\n            <div align="center">行政套房</div>\r\n            </td>\r\n            <td width="114">\r\n            <div align="center">4140</div>\r\n            </td>\r\n            <td width="114">\r\n            <div align="center">4140</div>\r\n            </td>\r\n            <td width="114">\r\n            <div align="center">1700</div>\r\n            </td>\r\n            <td width="114">\r\n            <div align="center">1700</div>\r\n            </td>\r\n        </tr>\r\n        <tr>\r\n            <td width="114">\r\n            <div align="center">主席套房</div>\r\n            </td>\r\n            <td width="114">\r\n            <div align="center">11040</div>\r\n            </td>\r\n            <td width="114">\r\n            <div align="center">11040</div>\r\n            </td>\r\n            <td width="114">\r\n            <div align="center">6800</div>\r\n            </td>\r\n            <td width="114">\r\n            <div align="center">6800</div>\r\n            </td>\r\n        </tr>\r\n        <tr>\r\n            <td width="114">\r\n            <div align="center">加床</div>\r\n            </td>\r\n            <td width="227" colspan="2">\r\n            <div align="center">345</div>\r\n            </td>\r\n            <td width="227" colspan="2">\r\n            <div align="center">345</div>\r\n            </td>\r\n        </tr>\r\n    </tbody>\r\n</table>\r\n<br />\r\n&nbsp;</p>', '1', '0', 20, '', 0, 0, 0, 0, 0, 0, 0, 0, 0, 0, 0, 0, 0, 10, '协议价', 'uploadfile/2010/0426/20100426094526492.jpg', '服务', 0, '23.14762090705612,113.32612037658691', 'array (\n  ''title'' => '''',\n  ''keywords'' => '''',\n  ''description'' => '''',\n  ''defaultpic'' => ''uploadfile/2010/0426/20100426094142784.jpg'',\n)', 999, 1, 'shop/shop.php?id=173', 0, '交易、亚运会以及节日除外', '1', ''),
(174, 0, 280104, 1703, 0, '天河大厦', '', '天河区体育西路133-183号', '', '', '020-38865195', '', '', '', '', '', 1272247108, 'default', '<p>&nbsp;&nbsp;&nbsp; 广州天河大厦是一家三星级涉外宾馆，地处广州市最繁华的商业、金融中心，与全国著名的天河体育中心仅一路之隔，北邻广州火车东站和八十层的中信广场，南边是华南地区最大的天河购物广场、广州购书中心，交通十分便利。1987年开业以来，连续13年被空军后勤部评为先进单位；1996年被国家旅游局评为全国百优星级饭店之一；1997年5月被中宣部、国务院纠风办、国家旅游局选定为全国旅游行业10家文明窗口示范饭店之一；1999年2月被中央精神文明办授予&quot;全国精神文明示范点&quot;称号。大厦将秉承一贯的优良传统，竭诚为海内外宾客提供宾至如归的服务。 <br />\r\n&nbsp;</p>', '1', '0', 7, '', 0, 0, 0, 0, 0, 0, 0, 0, 0, 0, 0, 0, 0, 3, '协议价', 'uploadfile/2010/0426/thumb_120_90_20100426101903382.jpg', '服务', 0, '23.137281870845907,113.32122802734375', 'array (\n  ''tabletitle'' => \n  array (\n    0 => ''房型'',\n    1 => ''门市价(元)'',\n    2 => ''协议价(元)'',\n  ),\n  ''table_1'' => \n  array (\n    0 => ''豪华双人房'',\n    1 => ''豪华单人房'',\n    2 => ''商务套房'',\n    3 => ''豪华套房'',\n    4 => ''标准双人房(西楼)'',\n    5 => ''标准套房(西楼)'',\n  ),\n  ''table_2'' => \n  array (\n    0 => ''498'',\n    1 => ''498'',\n    2 => ''798'',\n    3 => ''898'',\n    4 => ''328'',\n    5 => ''398'',\n  ),\n  ''table_3'' => \n  array (\n    0 => ''374'',\n    1 => ''374'',\n    2 => ''599'',\n    3 => ''674'',\n    4 => ''246'',\n    5 => ''299'',\n  ),\n  ''title'' => '''',\n  ''keywords'' => '''',\n  ''description'' => '''',\n  ''defaultpic'' => ''uploadfile/2010/0426/20100426101903382.jpg'',\n  ''pricetable'' => \n  array (\n    0 => \n    array (\n      ''td1'' => ''豪华双人房'',\n      ''td2'' => ''498'',\n      ''td3'' => ''374'',\n    ),\n    1 => \n    array (\n      ''td1'' => ''豪华单人房'',\n      ''td2'' => ''498'',\n      ''td3'' => ''374'',\n    ),\n    2 => \n    array (\n      ''td1'' => ''商务套房'',\n      ''td2'' => ''798'',\n      ''td3'' => ''599'',\n    ),\n    3 => \n    array (\n      ''td1'' => ''豪华套房'',\n      ''td2'' => ''898'',\n      ''td3'' => ''674'',\n    ),\n    4 => \n    array (\n      ''td1'' => ''标准双人房(西楼)'',\n      ''td2'' => ''328'',\n      ''td3'' => ''246'',\n    ),\n    5 => \n    array (\n      ''td1'' => ''标准套房(西楼)'',\n      ''td2'' => ''398'',\n      ''td3'' => ''299'',\n    ),\n  ),\n)', 999, 1, 'shop/shop.php?id=174', 782, '交易、亚运会等其它节日除外', '1', ''),
(175, 0, 280104, 1702, 0, '华厦国际商务酒店', '', '天河区林乐路39-49号中旅商务大厦', '', '', '020-37855988', '', '', '', '', '', 1272247676, 'default', '<p>&nbsp;&nbsp;&nbsp;&nbsp; 广州华厦国际商务酒店是广东中旅华厦国际酒店控股有限公司属下的一间中外合资酒店，位于广州市新中心天河区中央商务核心区和金融商贸、科技和文化中心，是集商务、会议、住宿、餐饮、写字楼、康体及娱乐于一体的多功能智能化会议式商务酒店。<br />\r\n&nbsp;&nbsp;&nbsp;&nbsp;广州华厦国际商务酒店位于各交通网络之汇点，毗邻广九直通车站、距琶洲会展中心仅10分钟车程，距流花交易展馆仅需20分钟车程，往白云国际机场仅需30分钟车程，商务、购物、娱乐方便快捷，是商旅人仕云集之处。<br />\r\n&nbsp;&nbsp;&nbsp;&nbsp;&nbsp;&nbsp; 广州华厦国际商务酒店外观高雅时尚、气派非凡，设计新颖，是天河北商业繁华地带又一新地标。酒店拥有豪华舒适的各类型客房。客房设计豪华气派，景致优美，凭窗远眺，都市美景尽收眼底。可收看欧美、东南亚等多国卫星电视，所有房间均配备宽带端口。舒适怡人的西餐厅，知名中餐食府，提供琳琅满目的美食，名贵佳肴。此外，商务中心、美容中心、休闲娱乐设施、名店城等配套服务设施完善齐备。豪华气派的多功能会议中心，共有多个不同规格的会议室，总面积达400多平方米，可容纳250人，会议及视听设备配套齐全，包括先进的高科技多媒体会议设备、音响、舞台灯光等智能系统，是举办各种产品展示、新闻发布会、商务洽谈签约、学术研讨会及各种展示活动的理想场所。无论繁忙的经商或写意的旅居，置身其中，既可领略繁华的现代化大都市休闲购物、娱乐消遣的乐趣，又可尽情享受方便、快捷、舒适的全方位贴身服务。</p>', '1', '0', 16, '', 0, 0, 0, 0, 0, 0, 0, 0, 0, 0, 0, 0, 0, 1, '协议价', 'uploadfile/2010/0426/20100426103846734.jpg', '服务', 0, '23.143359110872403,113.32813739776611', 'array (\n  ''tabletitle'' => \n  array (\n    0 => ''房型'',\n    1 => ''门市价(元)'',\n    2 => ''协议价(元)'',\n  ),\n  ''table_1'' => \n  array (\n    0 => ''高级客房'',\n    1 => ''豪华客房'',\n    2 => ''豪华套房'',\n    3 => ''行政套房'',\n  ),\n  ''table_2'' => \n  array (\n    0 => ''1850'',\n    1 => ''1950'',\n    2 => ''2580'',\n    3 => ''2680'',\n  ),\n  ''table_3'' => \n  array (\n    0 => ''420'',\n    1 => ''480'',\n    2 => ''680'',\n    3 => ''780'',\n  ),\n  ''title'' => '''',\n  ''keywords'' => '''',\n  ''description'' => '''',\n  ''defaultpic'' => ''uploadfile/2010/0426/20100426103720479.jpg'',\n  ''pricetable'' => \n  array (\n    0 => \n    array (\n      ''td1'' => ''高级客房'',\n      ''td2'' => ''1850'',\n      ''td3'' => ''420'',\n    ),\n    1 => \n    array (\n      ''td1'' => ''豪华客房'',\n      ''td2'' => ''1950'',\n      ''td3'' => ''480'',\n    ),\n    2 => \n    array (\n      ''td1'' => ''豪华套房'',\n      ''td2'' => ''2580'',\n      ''td3'' => ''680'',\n    ),\n    3 => \n    array (\n      ''td1'' => ''行政套房'',\n      ''td2'' => ''2680'',\n      ''td3'' => ''780'',\n    ),\n  ),\n)', 999, 1, 'shop/shop.php?id=175', 785, '交易、亚运会等其它节日除外', '1', ''),
(176, 0, 280104, 1701, 0, '大舜晶华国际酒店', '', '天河区中山大道西277号 ', 'http://www.daysunparkhotel.com/', '', '020-85551888 ', '', '', '', '免费停车', '', 1272250984, 'default', '<p style="line-height: 200%"><span twffan="done" style="font-size: 10pt; line-height: 200%; mso-ascii-font-family: Arial; mso-hansi-font-family: Arial; mso-bidi-font-family: Arial"><font face="宋体">大舜晶华酒店是大舜集团在广州投资的第一家以城市商务、会展为主题的高星级商务精品酒店。</font></span><span lang="EN-US" twffan="done" style="font-size: 10pt; line-height: 200%; font-family: ''Arial'',''sans-serif''"><br />\r\n</span><span twffan="done" style="font-size: 10pt; line-height: 200%; mso-ascii-font-family: Arial; mso-hansi-font-family: Arial; mso-bidi-font-family: Arial"><font face="宋体">酒店位于市中心天河区，占尽商务以及会展经济圈核心位置</font></span><span lang="EN-US" twffan="done" style="font-size: 10pt; line-height: 200%; font-family: ''Arial'',''sans-serif''">:</span><span twffan="done" style="font-size: 10pt; line-height: 200%; mso-ascii-font-family: Arial; mso-hansi-font-family: Arial; mso-bidi-font-family: Arial"><font face="宋体">东距琶洲会展中心约</font></span><span lang="EN-US" twffan="done" style="font-size: 10pt; line-height: 200%; font-family: ''Arial'',''sans-serif''">10</span><span twffan="done" style="font-size: 10pt; line-height: 200%; mso-ascii-font-family: Arial; mso-hansi-font-family: Arial; mso-bidi-font-family: Arial"><font face="宋体">分钟车程，西接天河商圈（天河城</font></span><span lang="EN-US" twffan="done" style="font-size: 10pt; line-height: 200%; font-family: ''Arial'',''sans-serif''">&amp;</span><span twffan="done" style="font-size: 10pt; line-height: 200%; mso-ascii-font-family: Arial; mso-hansi-font-family: Arial; mso-bidi-font-family: Arial"><font face="宋体">正佳购物中心，百脑汇</font></span><span lang="EN-US" twffan="done" style="font-size: 10pt; line-height: 200%; font-family: ''Arial'',''sans-serif''">&amp;</span><span twffan="done" style="font-size: 10pt; line-height: 200%; mso-ascii-font-family: Arial; mso-hansi-font-family: Arial; mso-bidi-font-family: Arial"><font face="宋体">颐高数码广场等），</font></span><span twffan="done" style="font-size: 10pt; line-height: 200%; font-family: ''Arial'',''sans-serif''"> </span><span twffan="done" style="font-size: 10pt; line-height: 200%; mso-ascii-font-family: Arial; mso-hansi-font-family: Arial; mso-bidi-font-family: Arial"><font face="宋体">距火车东站约</font></span><span lang="EN-US" twffan="done" style="font-size: 10pt; line-height: 200%; font-family: ''Arial'',''sans-serif''">15</span><span twffan="done" style="font-size: 10pt; line-height: 200%; mso-ascii-font-family: Arial; mso-hansi-font-family: Arial; mso-bidi-font-family: Arial"><font face="宋体">分钟车程。正对天河之</font></span><span lang="EN-US" twffan="done" style="font-size: 10pt; line-height: 200%; font-family: ''Arial'',''sans-serif''">&ldquo;</span><span twffan="done" style="font-size: 10pt; line-height: 200%; mso-ascii-font-family: Arial; mso-hansi-font-family: Arial; mso-bidi-font-family: Arial"><font face="宋体">肺</font></span><span lang="EN-US" twffan="done" style="font-size: 10pt; line-height: 200%; font-family: ''Arial'',''sans-serif''"> ---</span><span twffan="done" style="font-size: 10pt; line-height: 200%; mso-ascii-font-family: Arial; mso-hansi-font-family: Arial; mso-bidi-font-family: Arial"><font face="宋体">天河公园，坐拥</font></span><span lang="EN-US" twffan="done" style="font-size: 10pt; line-height: 200%; font-family: ''Arial'',''sans-serif''"> 70 </span><span twffan="done" style="font-size: 10pt; line-height: 200%; mso-ascii-font-family: Arial; mso-hansi-font-family: Arial; mso-bidi-font-family: Arial"><font face="宋体">公顷城市绿洲。酒店大部分房间均可俯瞰公园全景，呼吸天然氧吧释放的清新自然氧气。</font></span><span lang="EN-US" twffan="done" style="font-size: 10pt; line-height: 200%; font-family: ''Arial'',''sans-serif''"><br />\r\n</span><span twffan="done" style="font-size: 10pt; line-height: 200%; mso-ascii-font-family: Arial; mso-hansi-font-family: Arial; mso-bidi-font-family: Arial"><font face="宋体">酒店由台湾资深设计师倾力打造，以时尚舒适，温馨简约设计风格为主，处处可体现细致入微、服务之上的设计理念（如前台坐式服务</font></span><span lang="EN-US" twffan="done" style="font-size: 10pt; line-height: 200%; font-family: ''Arial'',''sans-serif''">). </span><span twffan="done" style="font-size: 10pt; line-height: 200%; mso-ascii-font-family: Arial; mso-hansi-font-family: Arial; mso-bidi-font-family: Arial"><font face="宋体">酒店拥有</font></span><span lang="EN-US" twffan="done" style="font-size: 10pt; line-height: 200%; font-family: ''Arial'',''sans-serif''">155 </span><span twffan="done" style="font-size: 10pt; line-height: 200%; mso-ascii-font-family: Arial; mso-hansi-font-family: Arial; mso-bidi-font-family: Arial"><font face="宋体">间精心设计的各式舒适客房及套房，并设有无烟楼层和残障房以及为体贴休闲旅游家族朋友而设计的连通房与相邻房。大部分房间内可享受天河公园生态景致，房间备品均达到国际水准。每房皆备有快速、便利的</font></span><span lang="EN-US" twffan="done" style="font-size: 10pt; line-height: 200%; font-family: ''Arial'',''sans-serif''">ADSL</span><span twffan="done" style="font-size: 10pt; line-height: 200%; mso-ascii-font-family: Arial; mso-hansi-font-family: Arial; mso-bidi-font-family: Arial"><font face="宋体">宽频上网系统，房客可随时轻松悠遊网络世界。</font></span><span lang="EN-US" twffan="done" style="font-size: 10pt; line-height: 200%; font-family: ''Arial'',''sans-serif''">&nbsp;<br />\r\n</span><span twffan="done" style="font-size: 10pt; line-height: 200%; mso-ascii-font-family: Arial; mso-hansi-font-family: Arial; mso-bidi-font-family: Arial"><font face="宋体">酒店內设有中西美食餐厅、提供消费者品味中、西式佳肴的极致享受，便捷的商务中心以及健身房等休闲设施为您营造舒适便捷的工作及休闲环境。</font></span></p>\r\n<p style="line-height: 200%"><span twffan="done" style="font-size: 10pt; line-height: 200%; mso-ascii-font-family: Arial; mso-hansi-font-family: Arial; mso-bidi-font-family: Arial"><font face="宋体"><span twffan="done" style="font-size: 10pt; line-height: 200%; mso-ascii-font-family: Arial; mso-hansi-font-family: Arial; mso-bidi-font-family: Arial"><font face="宋体">&nbsp;</font></span></font></span></p>\r\n<!--ine_text_end-->', '1', '0', 25, '', 0, 0, 0, 0, 0, 0, 0, 0, 0, 0, 0, 0, 0, 16, '协议价', 'uploadfile/2010/0427/20100427105505167.jpg', '服务', 0, '23.130888632750817,113.3699369430542', 'array (\n  ''tabletitle'' => \n  array (\n    0 => ''房型'',\n    1 => ''门市价(元)'',\n    2 => ''协议价(元)'',\n  ),\n  ''table_1'' => \n  array (\n    0 => ''高级客房(大床/双床)'',\n    1 => ''商务客房(大床/双床)'',\n    2 => ''商务套房(大床/双床)'',\n    3 => ''华贵套房'',\n    4 => ''加床'',\n  ),\n  ''table_2'' => \n  array (\n    0 => ''800'',\n    1 => ''1080'',\n    2 => ''1580'',\n    3 => ''1880'',\n    4 => ''200'',\n  ),\n  ''table_3'' => \n  array (\n    0 => ''338'',\n    1 => ''368'',\n    2 => ''428'',\n    3 => ''528'',\n    4 => ''150'',\n  ),\n  ''title'' => '''',\n  ''keywords'' => '''',\n  ''description'' => '''',\n  ''defaultpic'' => ''uploadfile/2010/0426/20100426111857235.jpg'',\n  ''pricetable'' => \n  array (\n    0 => \n    array (\n      ''td1'' => ''高级客房(大床/双床)'',\n      ''td2'' => ''800'',\n      ''td3'' => ''338'',\n    ),\n    1 => \n    array (\n      ''td1'' => ''商务客房(大床/双床)'',\n      ''td2'' => ''1080'',\n      ''td3'' => ''368'',\n    ),\n    2 => \n    array (\n      ''td1'' => ''商务套房(大床/双床)'',\n      ''td2'' => ''1580'',\n      ''td3'' => ''428'',\n    ),\n    3 => \n    array (\n      ''td1'' => ''华贵套房'',\n      ''td2'' => ''1880'',\n      ''td3'' => ''528'',\n    ),\n    4 => \n    array (\n      ''td1'' => ''加床'',\n      ''td2'' => ''200'',\n      ''td3'' => ''150'',\n    ),\n  ),\n)', 999, 1, 'shop/shop.php?id=176', 802, '交易、亚运会等节日除外', '1', ''),
(177, 0, 280104, 1701, 0, '大舜丽池国际酒店', '', '天河区中山大道西299号 ', 'http://www.daysunparkhotel.com/', '', '020-85552888 ', '', '', '', '免费停车', '', 1272335743, 'default', '<p style="line-height: 200%"><span style="font-size: 12px"><span twffan="done" style="line-height: 200%; mso-ascii-font-family: Arial; mso-hansi-font-family: Arial; mso-bidi-font-family: Arial"><font face="宋体">&nbsp;&nbsp; <span style="font-size: 14px">广州大舜丽池国际酒店是大舜集团按五星级标准倾心打造的一家精品商务酒店。酒店位于市中心天河区中山大道，面向天河软件园区，右临科韵路，直达琶洲国际会展中心，全程仅7分钟车程；东接科学城和黄埔经济开发区，西近天河购物商圈天娱广场、天河城、正佳广场等，距广州火车东站、中信广场、宜家家居约15分钟车程，白云国际机场40分钟车程，地理位置的优越及华南快速、广园快速等交通网络穿插其中，尽显便利。<span style="line-height: 150%">&nbsp;&nbsp; 酒店楼高25层，拥有106间精心设计的各类商务房和园景房，正对天河之&ldquo;肺&rdquo;&mdash;天河公园，使您置身静谧舒适的房间，在品味茶香的同时享受天籁绿洲的惬意生活，放松商务旅程中的疲惫身心；同时，每间客房皆备有行政办公桌及快速、便利的ADSL宽频上网系统，液晶电视，多语种的境外频道，使您与外界的信息沟通无界限，商务工作更加便捷。酒<span style="font-family: 宋体; mso-bidi-font-family: Arial; mso-font-kerning: 1.0pt; mso-ansi-language: EN-US; mso-fareast-language: ZH-CN; mso-bidi-language: AR-SA"><span style="line-height: 150%">店内设有西餐厅，提供自助早餐、西式佳肴及精美茶点等，功能齐全的商务中心以及健身房、水疗会所、棋牌等商务休闲设施为您营造舒适的工作及休闲环境。</span></span></span></span></font></span></span></p>\r\n<p style="line-height: 200%"><span twffan="done" style="font-size: 10pt; line-height: 200%; mso-ascii-font-family: Arial; mso-hansi-font-family: Arial; mso-bidi-font-family: Arial"><font face="宋体"><span twffan="done" style="font-size: 10pt; line-height: 200%; mso-ascii-font-family: Arial; mso-hansi-font-family: Arial; mso-bidi-font-family: Arial"><font face="宋体">&nbsp;<span twffan="done" style="font-size: 10pt; line-height: 200%; mso-ascii-font-family: Arial; mso-hansi-font-family: Arial; mso-bidi-font-family: Arial"><font face="宋体"><font size="4"> </font></font></span></font></span></font></span></p>\r\n<!--ine_text_end-->', '1', '0', 18, '', 0, 0, 0, 0, 0, 0, 0, 0, 0, 0, 0, 0, 0, 6, '协议价', 'uploadfile/2010/0427/20100427105346307.jpg', '服务', 0, '23.131243820640588,113.36811304092407', 'array (\n  ''tabletitle'' => \n  array (\n    0 => ''房型'',\n    1 => ''门市价(元)'',\n    2 => ''协议价(元)'',\n  ),\n  ''table_1'' => \n  array (\n    0 => ''标准房'',\n    1 => ''商务房'',\n    2 => ''园景商务房'',\n    3 => ''夜景商务房'',\n  ),\n  ''table_2'' => \n  array (\n    0 => ''1080'',\n    1 => ''1208'',\n    2 => ''1208'',\n    3 => ''1208'',\n  ),\n  ''table_3'' => \n  array (\n    0 => ''380'',\n    1 => ''400'',\n    2 => ''450'',\n    3 => ''450'',\n  ),\n  ''title'' => '''',\n  ''keywords'' => '''',\n  ''description'' => '''',\n  ''defaultpic'' => ''uploadfile/2010/0427/20100427104534972.jpg'',\n  ''pricetable'' => \n  array (\n    0 => \n    array (\n      ''td1'' => ''标准房'',\n      ''td2'' => ''1080'',\n      ''td3'' => ''380'',\n    ),\n    1 => \n    array (\n      ''td1'' => ''商务房'',\n      ''td2'' => ''1208'',\n      ''td3'' => ''400'',\n    ),\n    2 => \n    array (\n      ''td1'' => ''园景商务房'',\n      ''td2'' => ''1208'',\n      ''td3'' => ''450'',\n    ),\n    3 => \n    array (\n      ''td1'' => ''夜景商务房'',\n      ''td2'' => ''1208'',\n      ''td3'' => ''450'',\n    ),\n  ),\n)', 999, 1, 'shop/shop.php?id=177', 802, '交易、亚运会等节日除外', '1', ''),
(179, 0, 280104, 17, 0, '文星连锁酒店', '龙口东', '天河区龙口东路161号', 'http://www.wxinn.com/', '', '020-38748779', '4008 30 4008', '', '', '', '', 1272337734, 'default', '<p>&nbsp;&nbsp;&nbsp; 文星连锁酒店龙口东店拥有各类客房90余间,装修各异、格调新颖、布置时尚、温馨舒适的客房。豪华房内备有免费饮料、小吃及用品，冷暖空调、程控电话、IDD电话、数字电视、全天二十四小时冷热水供应、免费宽带上网、保险箱、电吹风等，套房内备有电脑、按摩浴缸等。</p>\r\n<p>酒店地处天河繁华商业中心，交通、购物、娱乐十分便利；离琶洲会展中心只需10多分钟车程，毗邻天河娱乐广场、天河城广场、购书中心、正佳广场、天河体育中、天河电脑城、天河高新科技开发区；暨南大学、华南师范大学、华南农业大学，华南理工大学；好又多、华润万佳。地铁直达广交会琶洲会展中心，交通便利、安全快捷，是广交会入住的最佳选择。</p>\r\n<p>热情、快捷、周到的服务；经济实惠的价格；浪漫和谐的环境让您住得开心、睡得舒心。</p>', '1', '0', 13, '', 0, 0, 0, 0, 0, 0, 0, 0, 0, 0, 0, 0, 0, 4, '协议价', 'uploadfile/2010/0427/20100427110854187.jpg', '服务', 0, '23.138465770378175,113.34062576293945', 'array (\n  ''tabletitle'' => \n  array (\n    0 => ''房型'',\n    1 => ''门市价(元)'',\n    2 => ''协议价(元)'',\n  ),\n  ''table_1'' => \n  array (\n    0 => ''商务大床房'',\n    1 => ''商务双床房'',\n    2 => ''豪华大床房'',\n    3 => ''豪华双床房'',\n    4 => ''套房'',\n  ),\n  ''table_2'' => \n  array (\n    0 => ''188'',\n    1 => ''208'',\n    2 => ''208'',\n    3 => ''228'',\n    4 => ''258'',\n  ),\n  ''table_3'' => \n  array (\n    0 => ''150'',\n    1 => ''170'',\n    2 => ''170'',\n    3 => ''190'',\n    4 => ''220'',\n  ),\n  ''title'' => '''',\n  ''keywords'' => '''',\n  ''description'' => '''',\n  ''defaultpic'' => ''uploadfile/2010/0427/20100427111800281.jpg'',\n  ''pricetable'' => \n  array (\n    0 => \n    array (\n      ''td1'' => ''商务大床房'',\n      ''td2'' => ''188'',\n      ''td3'' => ''150'',\n    ),\n    1 => \n    array (\n      ''td1'' => ''商务双床房'',\n      ''td2'' => ''208'',\n      ''td3'' => ''170'',\n    ),\n    2 => \n    array (\n      ''td1'' => ''豪华大床房'',\n      ''td2'' => ''208'',\n      ''td3'' => ''170'',\n    ),\n    3 => \n    array (\n      ''td1'' => ''豪华双床房'',\n      ''td2'' => ''228'',\n      ''td3'' => ''190'',\n    ),\n    4 => \n    array (\n      ''td1'' => ''套房'',\n      ''td2'' => ''258'',\n      ''td3'' => ''220'',\n    ),\n  ),\n)', 999, 1, 'shop/shop.php?id=179', 0, '交易、亚运会等其它节日', '1', ''),
(180, 0, 280104, 17, 0, '文星连锁酒店', '石牌东', '天河区石牌东路99号', 'http://www.wxinn.com/', '', '020-87575728', '4008 30 4008', '', '', '', '', 1272338787, 'default', '<p>&nbsp;&nbsp;&nbsp; 文星连锁酒店石牌东店坐落于广州天河区中心繁华的石牌东路。走路10分钟左转即可到天河购物中心，右转即可到中山三院、百脑汇电脑城；距火车站也仅需15分钟的车程。酒店周围银行,商场,超市,医院一应俱全,地理位置得天独厚。</p>\r\n<p>店内拥有干净整洁的双床房、单人大床房，提供24小时冷热水、空调、电视、电话、和免费宽带上网。按照标准服务，配备高档优质的专用的床上用品、分体卫浴、标准的席梦思、床具及配套家具。</p>\r\n<p>酒店以优质热情专业化的标准服务、干净舒适安全健康的品牌理念、让每一个住店客人都满意的服务精神，提供给您一个安全舒适经济的休息环境，是商务人士和旅游客人理想的下榻住所。</p>', '1', '1', 3, '', 0, 0, 0, 0, 0, 0, 0, 0, 0, 0, 0, 0, 0, 4, '协议价', 'uploadfile/2010/0427/20100427112853829.jpg', '服务', 0, '23.132190983748103,113.34307193756103', 'array (\n  ''tabletitle'' => \n  array (\n    0 => ''房型'',\n    1 => ''门市价(元)'',\n    2 => ''协议价(元)'',\n  ),\n  ''table_1'' => \n  array (\n    0 => ''商务大床房'',\n    1 => ''商务双床房'',\n    2 => ''豪华大床房'',\n    3 => ''豪华双床房'',\n    4 => ''套房'',\n  ),\n  ''table_2'' => \n  array (\n    0 => ''188'',\n    1 => ''208'',\n    2 => ''208'',\n    3 => ''228'',\n    4 => ''258'',\n  ),\n  ''table_3'' => \n  array (\n    0 => ''150'',\n    1 => ''170'',\n    2 => ''170'',\n    3 => ''190'',\n    4 => ''220'',\n  ),\n  ''title'' => '''',\n  ''keywords'' => '''',\n  ''description'' => '''',\n  ''defaultpic'' => ''uploadfile/2010/0427/20100427112853924.jpg'',\n  ''pricetable'' => \n  array (\n    0 => \n    array (\n      ''td1'' => ''商务大床房'',\n      ''td2'' => ''188'',\n      ''td3'' => ''150'',\n    ),\n    1 => \n    array (\n      ''td1'' => ''商务双床房'',\n      ''td2'' => ''208'',\n      ''td3'' => ''170'',\n    ),\n    2 => \n    array (\n      ''td1'' => ''豪华大床房'',\n      ''td2'' => ''208'',\n      ''td3'' => ''170'',\n    ),\n    3 => \n    array (\n      ''td1'' => ''豪华双床房'',\n      ''td2'' => ''228'',\n      ''td3'' => ''190'',\n    ),\n    4 => \n    array (\n      ''td1'' => ''套房'',\n      ''td2'' => ''258'',\n      ''td3'' => ''220'',\n    ),\n  ),\n)', 999, 1, 'shop/shop.php?id=180', 877, '交易、亚运会等其它节日', '0', ''),
(181, 0, 280104, 17, 0, '文星连锁酒店', '广州大道', '广州大道北883号', 'http://www.wxinn.com/', '', '020-87728626', '4008 30 4008', '', '', '', '', 1272339444, 'default', '<p>&nbsp;文星连锁酒店（五仙桥店）坐落于广州大道北883号，毗邻白云山风景区，靠近天平架。</p>\r\n<p>酒店布置新颖别致，并有多种房型提供选择；还配有异国风格的日式套房，让您享受前所未有的睡眠之旅。</p>\r\n<p>所有房间设有数字电视、免费24小时宽带、国内外长途电话 、24小时热水淋浴、 高档床上用品，时尚的装饰、简约的布局,高雅的品味，是商务旅游观光人士休憩下榻的最佳选择!</p>', '1', '0', 9, '', 0, 0, 0, 0, 0, 0, 0, 0, 0, 0, 0, 0, 0, 4, '协议价', 'uploadfile/2010/0427/20100427113815432.jpg', '服务', 0, '23.17082164165114,113.31805229187012', 'array (\n  ''tabletitle'' => \n  array (\n    0 => ''房型'',\n    1 => ''门市价(元)'',\n    2 => ''协议价(元)'',\n  ),\n  ''table_1'' => \n  array (\n    0 => ''商务大床房 '',\n    1 => ''商务双床房 '',\n    2 => ''豪华大床房 '',\n    3 => ''豪华双床房'',\n    4 => ''套房 '',\n  ),\n  ''table_2'' => \n  array (\n    0 => ''188 '',\n    1 => ''208 '',\n    2 => ''208'',\n    3 => ''228 '',\n    4 => ''258 '',\n  ),\n  ''table_3'' => \n  array (\n    0 => ''150 '',\n    1 => ''170'',\n    2 => ''170 '',\n    3 => ''190 '',\n    4 => ''220'',\n  ),\n  ''title'' => '''',\n  ''keywords'' => '''',\n  ''description'' => '''',\n  ''defaultpic'' => ''uploadfile/2010/0427/20100427113815194.jpg'',\n  ''pricetable'' => \n  array (\n    0 => \n    array (\n      ''td1'' => ''商务大床房 '',\n      ''td2'' => ''188 '',\n      ''td3'' => ''150 '',\n    ),\n    1 => \n    array (\n      ''td1'' => ''商务双床房 '',\n      ''td2'' => ''208 '',\n      ''td3'' => ''170'',\n    ),\n    2 => \n    array (\n      ''td1'' => ''豪华大床房 '',\n      ''td2'' => ''208'',\n      ''td3'' => ''170 '',\n    ),\n    3 => \n    array (\n      ''td1'' => ''豪华双床房'',\n      ''td2'' => ''228 '',\n      ''td3'' => ''190 '',\n    ),\n    4 => \n    array (\n      ''td1'' => ''套房 '',\n      ''td2'' => ''258 '',\n      ''td3'' => ''220'',\n    ),\n  ),\n)', 999, 1, 'shop/shop.php?id=181', 882, '交易、亚运会等其它节日', '1', ''),
(182, 0, 280104, 17, 0, '文星连锁酒店', '黄埔大道', '天河区黄埔大道西267号', 'http://www.wxinn.com/', '', '020-87544008', '4008 30 4008', '', '', '', '', 1272339747, 'default', '<p>&nbsp;&nbsp; 广州文星连锁酒店黄埔大道店2009年1月16日开始营业，拥有各类客房100余间,装修各异、格调新颖、布置时尚、温馨舒适的客房。冷暖空调、程控电话、IDD电话、数字液晶电视、全天二十四小时冷热水供应、免费宽带上网、保险箱、电吹风等。</p>\r\n<p>酒店地处天河繁华商业中心，交通、购物、娱乐十分便利；离琶洲会展中心只需5分钟车程，毗邻天河娱乐广场，天河城广场，购书中心，正佳广场，天河体育中心，天河电脑城，天河高新科技开发区、暨南大学、华南师范大学、华南农业大学，华南理工大学、好又多、华润万佳；地铁直达广交会琶洲会展中心、流花会展非常方便：安全快捷，是广交会入住的最佳择。热情、快捷、周到的服务；经济实惠的价格；浪漫和谐的环境让您住得开心、睡得舒心。</p>', '1', '0', 10, '', 0, 0, 0, 0, 0, 0, 0, 0, 0, 0, 0, 0, 0, 3, '协议价', 'uploadfile/2010/0427/20100427114515504.jpg', '服务', 0, '23.127494567703337,113.33264350891113', 'array (\n  ''tabletitle'' => \n  array (\n    0 => ''房型'',\n    1 => ''门市价(元)'',\n    2 => ''协议价(元)'',\n  ),\n  ''table_1'' => \n  array (\n    0 => ''商务大床房'',\n    1 => ''商务双床房'',\n    2 => ''豪华大床房'',\n    3 => ''豪华双床房'',\n    4 => ''套房'',\n  ),\n  ''table_2'' => \n  array (\n    0 => ''188'',\n    1 => ''208'',\n    2 => ''208'',\n    3 => ''228'',\n    4 => ''258'',\n  ),\n  ''table_3'' => \n  array (\n    0 => ''150'',\n    1 => ''170'',\n    2 => ''170'',\n    3 => ''190'',\n    4 => ''220'',\n  ),\n  ''title'' => '''',\n  ''keywords'' => '''',\n  ''description'' => '''',\n  ''defaultpic'' => '''',\n  ''pricetable'' => \n  array (\n    0 => \n    array (\n      ''td1'' => ''商务大床房'',\n      ''td2'' => ''188'',\n      ''td3'' => ''150'',\n    ),\n    1 => \n    array (\n      ''td1'' => ''商务双床房'',\n      ''td2'' => ''208'',\n      ''td3'' => ''170'',\n    ),\n    2 => \n    array (\n      ''td1'' => ''豪华大床房'',\n      ''td2'' => ''208'',\n      ''td3'' => ''170'',\n    ),\n    3 => \n    array (\n      ''td1'' => ''豪华双床房'',\n      ''td2'' => ''228'',\n      ''td3'' => ''190'',\n    ),\n    4 => \n    array (\n      ''td1'' => ''套房'',\n      ''td2'' => ''258'',\n      ''td3'' => ''220'',\n    ),\n  ),\n)', 999, 1, 'shop/shop.php?id=182', 882, '交易、亚运会等其它节日', '1', ''),
(183, 0, 280104, 17, 0, '文星连锁酒店', '华景新城', '天河区华景路30号', 'http://www.wxinn.com/', '', '020-38734008', '4008 30 4008', '', '', '', '', 1272340058, 'default', '<p>&nbsp;&nbsp; 广州文星连锁酒店-华景新城店开业时间:2009年4月6日，楼高9层，有客房131间及小型多功能会议厅一个。位于中山大道广东省邮电学校旁边华景路（机场快线2号线终点站广运楼对面）毗邻天河区政府、天河公园、天河科技园、华南师范大学和暨南大学，距离天河城、正佳广场、天河电脑城等天河区繁华商业中心约3公里。该地区交通便利，配套设施齐全，医院、建设银行、中国银行、农业银行、工商银行、招商银行、大型酒楼及万佳、好又多等大型超市分布周围，距离广州琶洲国际会展中心约10分钟车程，是您商务旅游，休闲购物的首选。</p>', '1', '0', 8, '', 0, 0, 0, 0, 0, 0, 0, 0, 0, 0, 0, 0, 0, 3, '协议价', 'uploadfile/2010/0427/20100427114814646.jpg', '服务', 0, '23.135387609851793,113.35865020751953', 'array (\n  ''tabletitle'' => \n  array (\n    0 => ''房型'',\n    1 => ''门市价(元)'',\n    2 => ''协议价(元)'',\n  ),\n  ''table_1'' => \n  array (\n    0 => ''商务大床房'',\n    1 => ''商务双床房'',\n    2 => ''豪华大床房'',\n    3 => ''豪华双床房'',\n    4 => ''套   房'',\n    5 => '''',\n  ),\n  ''table_2'' => \n  array (\n    0 => ''188'',\n    1 => ''208'',\n    2 => ''208'',\n    3 => ''228'',\n    4 => ''258'',\n    5 => '''',\n  ),\n  ''table_3'' => \n  array (\n    0 => ''150'',\n    1 => ''170'',\n    2 => ''170'',\n    3 => ''190'',\n    4 => ''220'',\n    5 => '''',\n  ),\n  ''title'' => '''',\n  ''keywords'' => '''',\n  ''description'' => '''',\n  ''defaultpic'' => ''uploadfile/2010/0427/20100427114836270.jpg'',\n  ''pricetable'' => \n  array (\n    0 => \n    array (\n      ''td1'' => ''商务大床房'',\n      ''td2'' => ''188'',\n      ''td3'' => ''150'',\n    ),\n    1 => \n    array (\n      ''td1'' => ''商务双床房'',\n      ''td2'' => ''208'',\n      ''td3'' => ''170'',\n    ),\n    2 => \n    array (\n      ''td1'' => ''豪华大床房'',\n      ''td2'' => ''208'',\n      ''td3'' => ''170'',\n    ),\n    3 => \n    array (\n      ''td1'' => ''豪华双床房'',\n      ''td2'' => ''228'',\n      ''td3'' => ''190'',\n    ),\n    4 => \n    array (\n      ''td1'' => ''套   房'',\n      ''td2'' => ''258'',\n      ''td3'' => ''220'',\n    ),\n  ),\n)', 999, 1, 'shop/shop.php?id=183', 882, '交易、亚运会等其它节日', '1', ''),
(184, 0, 280104, 17, 0, '文星连锁酒店', '上社', '天河区上社荷光路42号', 'http://www.wxinn.com/', '', '020-22276988', '4008 30 4008', '', '', '', '', 1272340232, 'default', '<p>&nbsp;&nbsp; 广州文星连锁酒店-华景新城店开业时间:2009年4月6日，楼高9层，有客房131间及小型多功能会议厅一个。位于中山大道广东省邮电学校旁边华景路（机场快线2号线终点站广运楼对面）毗邻天河区政府、天河公园、天河科技园、华南师范大学和暨南大学，距离天河城、正佳广场、天河电脑城等天河区繁华商业中心约3公里。该地区交通便利，配套设施齐全，医院、建设银行、中国银行、农业银行、工商银行、招商银行、大型酒楼及万佳、好又多等大型超市分布周围，距离广州琶洲国际会展中心约10分钟车程，是您商务旅游，休闲购物的首选。</p>', '1', '0', 15, '', 0, 0, 0, 0, 0, 0, 0, 0, 0, 0, 0, 0, 0, 3, '协议价', 'uploadfile/2010/0427/20100427115032537.jpg', '服务', 0, '23.135387609851793,113.35865020751953', 'array (\n  ''tabletitle'' => \n  array (\n    0 => ''房型'',\n    1 => ''门市价(元)'',\n    2 => ''协议价(元)'',\n  ),\n  ''table_1'' => \n  array (\n    0 => '' 商务大床房'',\n    1 => ''商务双床房'',\n    2 => ''豪华大床房'',\n    3 => ''豪华双床房'',\n    4 => ''套房'',\n  ),\n  ''table_2'' => \n  array (\n    0 => ''188'',\n    1 => ''208'',\n    2 => ''208'',\n    3 => ''228'',\n    4 => ''258'',\n  ),\n  ''table_3'' => \n  array (\n    0 => ''150'',\n    1 => ''170'',\n    2 => ''170'',\n    3 => ''190'',\n    4 => ''220'',\n  ),\n  ''title'' => '''',\n  ''keywords'' => '''',\n  ''description'' => '''',\n  ''defaultpic'' => ''uploadfile/2010/0427/20100427115108349.jpg'',\n  ''pricetable'' => \n  array (\n    0 => \n    array (\n      ''td1'' => '' 商务大床房'',\n      ''td2'' => ''188'',\n      ''td3'' => ''150'',\n    ),\n    1 => \n    array (\n      ''td1'' => ''商务双床房'',\n      ''td2'' => ''208'',\n      ''td3'' => ''170'',\n    ),\n    2 => \n    array (\n      ''td1'' => ''豪华大床房'',\n      ''td2'' => ''208'',\n      ''td3'' => ''170'',\n    ),\n    3 => \n    array (\n      ''td1'' => ''豪华双床房'',\n      ''td2'' => ''228'',\n      ''td3'' => ''190'',\n    ),\n    4 => \n    array (\n      ''td1'' => ''套房'',\n      ''td2'' => ''258'',\n      ''td3'' => ''220'',\n    ),\n  ),\n)', 999, 1, 'shop/shop.php?id=184', 882, '交易、亚运会等其它节日', '1', '');
INSERT INTO `dc_shop` (`id`, `userid`, `areacode`, `catcode`, `ownerid`, `shopname`, `subname`, `address`, `website`, `videourl`, `tel1`, `tel2`, `mobile`, `bus`, `park`, `storehours`, `inputtime`, `template`, `content`, `status`, `elite`, `hits`, `shopdomain`, `avgsort`, `sort1`, `sort2`, `sort3`, `sort4`, `sort5`, `sort6`, `sort7`, `sort8`, `avgprice`, `enjoy`, `reviews`, `gbook`, `pics`, `discount`, `thumb`, `main`, `adminid`, `map`, `setting`, `listorder`, `posids`, `url`, `aid`, `discountchuwai`, `isimg`, `description`) VALUES
(191, 0, 280102, 1710, 0, '凯旋龙连锁酒店', '翔云楼', '越秀区环市东路水荫路水荫直街20-22号', '', '', '020-31628313', '400-880-3333', '', '', '', '   ', 1272437531, 'default', '<p><span style="font-weight: bold">广州翔云楼位于闹市区环市东路水荫路水荫直街20-22号，距天河城3公里，火车站5公里，交通便利，环境优雅。<br />\r\n酒店拥有各类客房130多间，各配套设施齐全及有宽敞的停车场。是您旅游，办公及会议的理想之选。<br />\r\n广州市凯旋龙酒店管理有限公司，成立于2006年，它是从2001年7月成立的广州市凯旋商旅商务有限公司逐步发展起来的，是一家集酒店客房、各酒店订房、机票直销、电子商务于一体的现代化商务酒店管理公司。公司成立以来，秉承&ldquo;诚信、专业、专注、创新&rdquo;的发展理念，&ldquo;以人为本&rdquo;的服务宗旨，为商务客户、休闲及旅行人士提供个性化的自在空间，打造精品商务连锁酒店的服务新风格，不断创新与壮大，满足客户需求。</span></p>\r\n<p>&nbsp;</p>', '1', '0', 10, '', 0, 0, 0, 0, 0, 0, 0, 0, 0, 0, 0, 0, 0, 4, '协议价', 'uploadfile/2010/0428/20100428034215114.jpg', '服务', 0, '23.143872112031363,113.30365419387817', 'array (\n  ''tabletitle'' => \n  array (\n    0 => ''房型'',\n    1 => ''门市价(元)'',\n    2 => ''协议价(元)'',\n  ),\n  ''table_1'' => \n  array (\n    0 => ''高级单人房'',\n    1 => ''标准双人房'',\n    2 => ''豪华双人房'',\n    3 => ''豪华商务房'',\n    4 => ''豪华套房'',\n  ),\n  ''table_2'' => \n  array (\n    0 => ''328'',\n    1 => ''368'',\n    2 => ''388'',\n    3 => ''388'',\n    4 => ''680'',\n  ),\n  ''table_3'' => \n  array (\n    0 => ''180'',\n    1 => ''190'',\n    2 => ''200'',\n    3 => ''220'',\n    4 => ''240'',\n  ),\n  ''title'' => '''',\n  ''keywords'' => '''',\n  ''description'' => '''',\n  ''defaultpic'' => ''uploadfile/2010/0428/20100428034008536.jpg'',\n  ''pricetable'' => \n  array (\n    0 => \n    array (\n      ''td1'' => ''高级单人房'',\n      ''td2'' => ''328'',\n      ''td3'' => ''180'',\n    ),\n    1 => \n    array (\n      ''td1'' => ''标准双人房'',\n      ''td2'' => ''368'',\n      ''td3'' => ''190'',\n    ),\n    2 => \n    array (\n      ''td1'' => ''豪华双人房'',\n      ''td2'' => ''388'',\n      ''td3'' => ''200'',\n    ),\n    3 => \n    array (\n      ''td1'' => ''豪华商务房'',\n      ''td2'' => ''388'',\n      ''td3'' => ''220'',\n    ),\n    4 => \n    array (\n      ''td1'' => ''豪华套房'',\n      ''td2'' => ''680'',\n      ''td3'' => ''240'',\n    ),\n  ),\n)', 999, 1, 'shop/shop.php?id=191', 918, '广交、亚运会等其它节日除外', '1', ''),
(192, 0, 280102, 1710, 0, '凯旋龙连锁酒店', '中成', '先烈南路31号（区庄立交中山眼科医院对面）', '', '', '020-87756777', '400-880-3333', '', '', '', '   ', 1272437633, 'default', '<p>&nbsp;&nbsp;&nbsp;&nbsp;&nbsp;&nbsp; 凯旋龙中成店位于环市路商务区的中心地带--区装立交，与东山广场、中侨大厦、汇华科技园、眼科医院等仅一步之遥，相毗领周边写字楼、农林下路商业街、美食街、娱乐场所。客仿高速宽带，功能齐全是您商务办公下榻的理想酒店。</p>', '1', '0', 12, '', 0, 0, 0, 0, 0, 0, 0, 0, 0, 0, 0, 0, 0, 1, '协议价', 'uploadfile/2010/0428/thumb_120_90_20100428025353908.jpg', '服务', 0, '23.133730109531548,113.29607963562012', 'array (\n  ''tabletitle'' => \n  array (\n    0 => ''房型'',\n    1 => ''门市价(元)'',\n    2 => ''协议价(元)'',\n  ),\n  ''table_1'' => \n  array (\n    0 => ''标准单人房'',\n    1 => ''标准双人房'',\n    2 => ''豪华双人房'',\n    3 => ''豪华三人房'',\n  ),\n  ''table_2'' => \n  array (\n    0 => ''286'',\n    1 => ''288'',\n    2 => ''360'',\n    3 => ''588'',\n  ),\n  ''table_3'' => \n  array (\n    0 => ''138'',\n    1 => ''138'',\n    2 => ''168'',\n    3 => ''180'',\n  ),\n  ''title'' => '''',\n  ''keywords'' => '''',\n  ''description'' => '''',\n  ''defaultpic'' => ''uploadfile/2010/0428/20100428025353908.jpg'',\n  ''pricetable'' => \n  array (\n    0 => \n    array (\n      ''td1'' => ''标准单人房'',\n      ''td2'' => ''286'',\n      ''td3'' => ''138'',\n    ),\n    1 => \n    array (\n      ''td1'' => ''标准双人房'',\n      ''td2'' => ''288'',\n      ''td3'' => ''138'',\n    ),\n    2 => \n    array (\n      ''td1'' => ''豪华双人房'',\n      ''td2'' => ''360'',\n      ''td3'' => ''168'',\n    ),\n    3 => \n    array (\n      ''td1'' => ''豪华三人房'',\n      ''td2'' => ''588'',\n      ''td3'' => ''180'',\n    ),\n  ),\n)', 999, 1, 'shop/shop.php?id=192', 914, '广交、亚运会等其它节日除外', '1', ''),
(204, 0, 280104, 1704, 0, '汉庭快捷酒店', '天河', '天河区天河路97-99号(近广州购书中心)', 'http://www.htinns.com', '', '020-38822188 ', '4008-121-121', '', '', '', '', 1272618065, 'default', '<p>汉庭快捷广州天河店位于天河区金融中心(CBD)，靠近地铁1号线与3号线交汇处体育西站D出口，步行5分钟即可到达机场快线6号线天河大厦客运站，距离火车东站也仅2公里，交通极为便利。周边餐饮林立，为您提供世界各地的美味佳肴。临近的天河城、正佳广场、广百百货等购物中心和附近的各类休闲娱乐广场更是您忙碌之余的好去处。</p>', '1', '0', 13, '', 0, 0, 0, 0, 0, 0, 0, 0, 0, 0, 0, 0, 0, 3, '今日门市价8.8折', 'uploadfile/2010/0430/20100430052200293.jpg', '服务', 0, '23.142490950592375,113.32294464111328', 'array (\n  ''title'' => '''',\n  ''keywords'' => '''',\n  ''description'' => '''',\n  ''defaultpic'' => ''uploadfile/2010/0430/20100430051839464.jpg'',\n)', 999, 1, 'shop/shop.php?id=204', 0, '广交、亚运会等其它节日除外', '1', ''),
(193, 0, 280102, 1710, 0, '凯旋龙连锁酒店', '华建', '越秀区先列中路102号华盛大厦（科学院旁边）', '', '', '020-37660888', '400-880-3333', '', '', '', '   ', 1272437801, 'default', '<p>&nbsp;&nbsp;&nbsp;&nbsp;&nbsp;&nbsp; 凯旋龙华建酒店位于繁华的广州市先烈中路102号，紧靠高级商住区域的环市东路，近邻有科学院广东分院、地震局、永福路汽配城、星海音乐学院、黄花岗科技贸易街、黄花岗剧院等大型文化、科技、购物场所便于您的商务及旅游购物，同时毗邻广州动物园。环境优美、空气清新，是商务、会友、学术交流的理想之选</p>', '1', '0', 19, '', 0, 0, 0, 0, 0, 0, 0, 0, 0, 0, 0, 0, 0, 1, '协议价', 'uploadfile/2010/0428/thumb_120_90_20100428025641956.jpg', '服务', 0, '23.13751865158863,113.30303192138672', 'array (\n  ''tabletitle'' => \n  array (\n    0 => ''房型'',\n    1 => ''门市价(元)'',\n    2 => ''协议价(元)'',\n  ),\n  ''table_1'' => \n  array (\n    0 => ''标准双人房'',\n    1 => ''豪华双人房'',\n    2 => ''商务单人房'',\n    3 => ''豪华三人房'',\n    4 => ''豪华套房'',\n  ),\n  ''table_2'' => \n  array (\n    0 => ''268'',\n    1 => ''288'',\n    2 => ''298'',\n    3 => ''298'',\n    4 => ''998'',\n  ),\n  ''table_3'' => \n  array (\n    0 => ''150'',\n    1 => ''160'',\n    2 => ''160'',\n    3 => ''180'',\n    4 => ''230'',\n  ),\n  ''title'' => '''',\n  ''keywords'' => '''',\n  ''description'' => '''',\n  ''defaultpic'' => ''uploadfile/2010/0428/20100428025641956.jpg'',\n  ''pricetable'' => \n  array (\n    0 => \n    array (\n      ''td1'' => ''标准双人房'',\n      ''td2'' => ''268'',\n      ''td3'' => ''150'',\n    ),\n    1 => \n    array (\n      ''td1'' => ''豪华双人房'',\n      ''td2'' => ''288'',\n      ''td3'' => ''160'',\n    ),\n    2 => \n    array (\n      ''td1'' => ''商务单人房'',\n      ''td2'' => ''298'',\n      ''td3'' => ''160'',\n    ),\n    3 => \n    array (\n      ''td1'' => ''豪华三人房'',\n      ''td2'' => ''298'',\n      ''td3'' => ''180'',\n    ),\n    4 => \n    array (\n      ''td1'' => ''豪华套房'',\n      ''td2'' => ''998'',\n      ''td3'' => ''230'',\n    ),\n  ),\n)', 999, 1, 'shop/shop.php?id=193', 915, '广交、亚运会等其它节日除外', '1', ''),
(203, 0, 260603, 1003, 0, '老街坊', '', '鄂州市沿江大道（裕江花园）', '', '', '07110000000', '', '', '', '', '9：30-21：00', 1272523043, 'new', '', '0', '0', 3, '', 0, 0, 0, 0, 0, 0, 0, 0, 0, 0, 0, 0, 0, 0, '', '', '中餐', 11, '30.405637128541904,114.89901065826416', 'array (\n  ''defaultpic'' => '''',\n)', 999, 0, 'shop/shop.php?id=203', 0, '', '0', ''),
(194, 0, 280109, 1710, 0, '凯旋龙连锁酒店', '临海', '南沙区南沙港海港大道（龙穴岛.口岸大厦旁50米）', '', '', '020-22886668', '400-880-3333', '', '', '', '   ', 1272440034, 'default', '<p>&nbsp;&nbsp;&nbsp;&nbsp;&nbsp;&nbsp; 临海大厦酒店是集住宿、餐饮、康乐、会议为一体的三星级商务酒店，由凯旋龙酒店管理有限公司管理。酒店位于南沙区龙穴岛，与广州深水港&mdash;&mdash;南沙港区隔路相望。通过南沙快速线、京珠高速路、广深高速路可快速通达广州、珠海、深圳等珠三角重要城市。\r\n<table cellspacing="0" cellpadding="0" border="1">\r\n    <tbody>\r\n        <tr>\r\n            <td width="189">\r\n            <div align="center">房间类型</div>\r\n            </td>\r\n            <td width="189">\r\n            <div align="center">门市价(元)</div>\r\n            </td>\r\n            <td width="189">\r\n            <div align="center">协议价(元)</div>\r\n            </td>\r\n        </tr>\r\n        <tr>\r\n            <td width="189">\r\n            <div align="center">公寓房</div>\r\n            </td>\r\n            <td width="189">\r\n            <div align="center">338</div>\r\n            </td>\r\n            <td width="189">\r\n            <div align="center">138</div>\r\n            </td>\r\n        </tr>\r\n        <tr>\r\n            <td width="189">\r\n            <div align="center">标准双人房</div>\r\n            </td>\r\n            <td width="189">\r\n            <div align="center">338</div>\r\n            </td>\r\n            <td width="189">\r\n            <div align="center">168</div>\r\n            </td>\r\n        </tr>\r\n        <tr>\r\n            <td width="189">\r\n            <div align="center">豪华单/双人房</div>\r\n            </td>\r\n            <td width="189">\r\n            <div align="center">298</div>\r\n            </td>\r\n            <td width="189">\r\n            <div align="center">218</div>\r\n            </td>\r\n        </tr>\r\n        <tr>\r\n            <td width="189">\r\n            <div align="center">行政大床房</div>\r\n            </td>\r\n            <td width="189">\r\n            <div align="center">508</div>\r\n            </td>\r\n            <td width="189">\r\n            <div align="center">288</div>\r\n            </td>\r\n        </tr>\r\n        <tr>\r\n            <td width="189">\r\n            <div align="center">行政套房</div>\r\n            </td>\r\n            <td width="189">\r\n            <div align="center">888</div>\r\n            </td>\r\n            <td width="189">\r\n            <div align="center">328</div>\r\n            </td>\r\n        </tr>\r\n    </tbody>\r\n</table>\r\n</p>', '1', '0', 36, '', 0, 0, 0, 0, 0, 0, 0, 0, 0, 0, 0, 0, 0, 1, '协议价', 'uploadfile/2010/0505/20100505030334920.jpg', '服务', 0, '23.133730109531548,113.29607963562012', 'array (\n  ''tabletitle'' => \n  array (\n    0 => ''房型'',\n    1 => ''门市价(元)'',\n    2 => ''协议价(元)'',\n  ),\n  ''table_1'' => \n  array (\n    0 => ''公寓房'',\n    1 => ''标准双人房'',\n    2 => ''豪华单/双人房'',\n    3 => ''行政大床房'',\n    4 => ''行政套房'',\n  ),\n  ''table_2'' => \n  array (\n    0 => ''338'',\n    1 => ''338'',\n    2 => ''298'',\n    3 => ''508'',\n    4 => ''888'',\n  ),\n  ''table_3'' => \n  array (\n    0 => ''138'',\n    1 => ''168'',\n    2 => ''288'',\n    3 => ''288'',\n    4 => ''328'',\n  ),\n  ''title'' => '''',\n  ''keywords'' => '''',\n  ''description'' => '''',\n  ''defaultpic'' => ''uploadfile/2010/0505/20100505111159393.jpg'',\n  ''pricetable'' => \n  array (\n    0 => \n    array (\n      ''td1'' => ''公寓房'',\n      ''td2'' => ''338'',\n      ''td3'' => ''138'',\n    ),\n    1 => \n    array (\n      ''td1'' => ''标准双人房'',\n      ''td2'' => ''338'',\n      ''td3'' => ''168'',\n    ),\n    2 => \n    array (\n      ''td1'' => ''豪华单/双人房'',\n      ''td2'' => ''298'',\n      ''td3'' => ''288'',\n    ),\n    3 => \n    array (\n      ''td1'' => ''行政大床房'',\n      ''td2'' => ''508'',\n      ''td3'' => ''288'',\n    ),\n    4 => \n    array (\n      ''td1'' => ''行政套房'',\n      ''td2'' => ''888'',\n      ''td3'' => ''328'',\n    ),\n  ),\n)', 999, 1, 'shop/shop.php?id=194', 917, '广交、亚运会等其它节日除外', '1', ''),
(195, 0, 280107, 1710, 0, '佳园连锁酒店', '洛溪', '广州市105国道丽江花园入口', '', '', '020-34548233', '', '', '', '', '', 1272441190, 'default', '<p>&nbsp;&nbsp;&nbsp;&nbsp;&nbsp;&nbsp; 洛溪店位于番禺洛溪桥南100米，丽江花园入口处，是通往广州南面各商贸、旅游点的咽喉要道，背靠丽江花园、广州碧桂园等高尚社区，东望星河湾、大学城，北临洛溪新城，南接香江野生动物乐园、祁福新村，距离琶洲会馆仅20分钟车程，交通非常便利。洛溪店拥有各类房型的客房101间。</p>\r\n<p>&nbsp;</p>', '1', '0', 14, '', 0, 0, 0, 0, 0, 0, 0, 0, 0, 0, 0, 0, 0, 1, '协议价', 'uploadfile/2010/0428/thumb_120_90_20100428041628371.jpg', '服务', 0, '23.039929622645793,113.30680847167969', 'array (\n  ''tabletitle'' => \n  array (\n    0 => ''房型'',\n    1 => ''门市价(元)'',\n    2 => ''协议价(元)'',\n  ),\n  ''table_1'' => \n  array (\n    0 => ''经济房'',\n    1 => ''大床房'',\n    2 => ''商务大床房'',\n    3 => ''双床房'',\n    4 => ''家庭房'',\n    5 => ''三人房'',\n    6 => ''套房'',\n  ),\n  ''table_2'' => \n  array (\n    0 => ''169'',\n    1 => ''199'',\n    2 => ''219'',\n    3 => ''219'',\n    4 => ''238'',\n    5 => ''239'',\n    6 => ''259'',\n  ),\n  ''table_3'' => \n  array (\n    0 => ''129'',\n    1 => ''168'',\n    2 => ''199'',\n    3 => ''199'',\n    4 => ''209'',\n    5 => ''209'',\n    6 => ''219'',\n  ),\n  ''title'' => '''',\n  ''keywords'' => '''',\n  ''description'' => '''',\n  ''defaultpic'' => ''uploadfile/2010/0428/20100428041628371.jpg'',\n  ''pricetable'' => \n  array (\n    0 => \n    array (\n      ''td1'' => ''经济房'',\n      ''td2'' => ''169'',\n      ''td3'' => ''129'',\n    ),\n    1 => \n    array (\n      ''td1'' => ''大床房'',\n      ''td2'' => ''199'',\n      ''td3'' => ''168'',\n    ),\n    2 => \n    array (\n      ''td1'' => ''商务大床房'',\n      ''td2'' => ''219'',\n      ''td3'' => ''199'',\n    ),\n    3 => \n    array (\n      ''td1'' => ''双床房'',\n      ''td2'' => ''219'',\n      ''td3'' => ''199'',\n    ),\n    4 => \n    array (\n      ''td1'' => ''家庭房'',\n      ''td2'' => ''238'',\n      ''td3'' => ''209'',\n    ),\n    5 => \n    array (\n      ''td1'' => ''三人房'',\n      ''td2'' => ''239'',\n      ''td3'' => ''209'',\n    ),\n    6 => \n    array (\n      ''td1'' => ''套房'',\n      ''td2'' => ''259'',\n      ''td3'' => ''219'',\n    ),\n  ),\n)', 999, 1, 'shop/shop.php?id=195', 935, '广交、亚运会等其它节日除外', '1', ''),
(196, 0, 280103, 1710, 0, '佳园连锁酒店', '怡乐路', '海珠区怡乐路78号', '', '', '020-89090633', '', '', '', '', '', 1272441407, 'default', '<p>&nbsp;&nbsp;&nbsp;&nbsp;&nbsp;&nbsp; 广州怡乐路店坐落于广州市海珠区怡乐路，紧靠富力千禧花园；临近中大长亨布匹商贸城和广州国际轻纺城；距离中山大学900米；距离广州美术学院920米；距离晓港公园700米；离孙中山纪念馆5分钟车程；距离琶州会展中心15分钟车程；距离流花会展中心12分钟车程；商务和交通非常便利。怡乐路店拥有各类房型的房间167间。</p>', '1', '1', 14, '', 0, 0, 0, 0, 0, 0, 0, 0, 0, 0, 0, 0, 0, 1, '协议价', 'uploadfile/2010/0428/thumb_120_90_20100428041711551.jpg', '服务', 0, '23.092996525706024,113.29204559326172', 'array (\n  ''tabletitle'' => \n  array (\n    0 => ''房型'',\n    1 => ''门市价(元)'',\n    2 => ''协议价(元)'',\n  ),\n  ''table_1'' => \n  array (\n    0 => ''经济房'',\n    1 => ''大床房'',\n    2 => ''商务大床房'',\n    3 => ''双床房'',\n    4 => ''家庭房'',\n    5 => ''三人房'',\n    6 => ''套房'',\n  ),\n  ''table_2'' => \n  array (\n    0 => ''169'',\n    1 => ''199'',\n    2 => ''219'',\n    3 => ''219'',\n    4 => ''238'',\n    5 => ''239'',\n    6 => ''259'',\n  ),\n  ''table_3'' => \n  array (\n    0 => ''129'',\n    1 => ''168'',\n    2 => ''189'',\n    3 => ''189'',\n    4 => ''209'',\n    5 => ''209'',\n    6 => ''219'',\n  ),\n  ''title'' => '''',\n  ''keywords'' => '''',\n  ''description'' => '''',\n  ''defaultpic'' => ''uploadfile/2010/0428/20100428041711551.jpg'',\n  ''pricetable'' => \n  array (\n    0 => \n    array (\n      ''td1'' => ''经济房'',\n      ''td2'' => ''169'',\n      ''td3'' => ''129'',\n    ),\n    1 => \n    array (\n      ''td1'' => ''大床房'',\n      ''td2'' => ''199'',\n      ''td3'' => ''168'',\n    ),\n    2 => \n    array (\n      ''td1'' => ''商务大床房'',\n      ''td2'' => ''219'',\n      ''td3'' => ''189'',\n    ),\n    3 => \n    array (\n      ''td1'' => ''双床房'',\n      ''td2'' => ''219'',\n      ''td3'' => ''189'',\n    ),\n    4 => \n    array (\n      ''td1'' => ''家庭房'',\n      ''td2'' => ''238'',\n      ''td3'' => ''209'',\n    ),\n    5 => \n    array (\n      ''td1'' => ''三人房'',\n      ''td2'' => ''239'',\n      ''td3'' => ''209'',\n    ),\n    6 => \n    array (\n      ''td1'' => ''套房'',\n      ''td2'' => ''259'',\n      ''td3'' => ''219'',\n    ),\n  ),\n)', 999, 1, 'shop/shop.php?id=196', 936, '广交、亚运会等其它节日除外', '0', ''),
(197, 0, 280103, 1710, 0, '佳园连锁酒店', '沿江东', '海珠区怡乐路78号', '', '', '020-83288233', '', '', '', '', '', 1272441754, 'default', '<p>&nbsp;&nbsp;&nbsp;&nbsp;&nbsp;&nbsp; 广州沿江东店作为岭南佳园连锁酒店的旗舰店，位于广州市重要的商务旅游中心之一 &mdash;&mdash;沿江东路海印桥地带，南靠珠江水，北接海印电器市场，东临二沙岛，西望海珠桥、北京路，风景秀美，交通便利。沿江东店拥有色彩现代、风格简约、洁净温馨的客房100间，分为单人房、标准间、家庭间等多种房型。</p>', '1', '0', 16, '', 0, 0, 0, 0, 0, 0, 0, 0, 0, 0, 0, 0, 0, 1, '协议价', 'uploadfile/2010/0428/thumb_120_90_20100428041852119.jpg', '服务', 0, '23.1207851167104,113.30921173095703', 'array (\n  ''tabletitle'' => \n  array (\n    0 => ''房型'',\n    1 => ''门市价(元)'',\n    2 => ''协议价(元)'',\n  ),\n  ''table_1'' => \n  array (\n    0 => ''经济房'',\n    1 => ''大床房'',\n    2 => ''商务大床房'',\n    3 => ''双床房'',\n    4 => ''家庭房'',\n    5 => ''三人房'',\n    6 => ''套房'',\n  ),\n  ''table_2'' => \n  array (\n    0 => ''169'',\n    1 => ''199'',\n    2 => ''219'',\n    3 => ''219'',\n    4 => ''238'',\n    5 => ''239'',\n    6 => ''259'',\n  ),\n  ''table_3'' => \n  array (\n    0 => ''129'',\n    1 => ''168'',\n    2 => ''189'',\n    3 => ''189'',\n    4 => ''209'',\n    5 => ''209'',\n    6 => ''219'',\n  ),\n  ''title'' => '''',\n  ''keywords'' => '''',\n  ''description'' => '''',\n  ''defaultpic'' => ''uploadfile/2010/0428/20100428041852119.jpg'',\n  ''pricetable'' => \n  array (\n    0 => \n    array (\n      ''td1'' => ''经济房'',\n      ''td2'' => ''169'',\n      ''td3'' => ''129'',\n    ),\n    1 => \n    array (\n      ''td1'' => ''大床房'',\n      ''td2'' => ''199'',\n      ''td3'' => ''168'',\n    ),\n    2 => \n    array (\n      ''td1'' => ''商务大床房'',\n      ''td2'' => ''219'',\n      ''td3'' => ''189'',\n    ),\n    3 => \n    array (\n      ''td1'' => ''双床房'',\n      ''td2'' => ''219'',\n      ''td3'' => ''189'',\n    ),\n    4 => \n    array (\n      ''td1'' => ''家庭房'',\n      ''td2'' => ''238'',\n      ''td3'' => ''209'',\n    ),\n    5 => \n    array (\n      ''td1'' => ''三人房'',\n      ''td2'' => ''239'',\n      ''td3'' => ''209'',\n    ),\n    6 => \n    array (\n      ''td1'' => ''套房'',\n      ''td2'' => ''259'',\n      ''td3'' => ''219'',\n    ),\n  ),\n)', 999, 1, 'shop/shop.php?id=197', 938, '广交、亚运会等其它节日除外', '1', ''),
(198, 0, 280101, 1710, 0, '佳园连锁酒店', '荔湾湖', '荔湾区黄沙大道175号', '', '', '020-81227633', '', '', '', '', '', 1272442083, 'default', '<p>&nbsp;&nbsp;&nbsp;&nbsp;&nbsp;&nbsp; 广州荔湾湖店位于广州市荔湾区黄沙大道175号，与荔湾湖公园对望，临近青年公园，景色优美。靠近广东电器市场、广东童装妇婴用品广场、富力儿童批发商城、南天市场、玩具和花卉精品批发市场，正处于中山八批发市场商圈。酒店周围公交便利；离广佛汽车站客运仅1公里距离，可直接通往南海、佛山、芳村等周边城市。距离琶州会展中心30分钟车程；距离流花会展中心15分钟车程；为商旅两宜之地。</p>', '1', '0', 12, '', 0, 0, 0, 0, 0, 0, 0, 0, 0, 0, 0, 0, 0, 1, '协议价', 'uploadfile/2010/0428/thumb_120_90_20100428041518976.jpg', '服务', 0, '23.123468937369257,113.2305908203125', 'array (\n  ''tabletitle'' => \n  array (\n    0 => ''房型'',\n    1 => ''门市价(元)'',\n    2 => ''协议价(元)'',\n  ),\n  ''table_1'' => \n  array (\n    0 => ''经济房'',\n    1 => ''大床房'',\n    2 => ''商务大床房'',\n    3 => ''双床房'',\n    4 => ''家庭房'',\n    5 => ''三人房'',\n    6 => ''套房'',\n  ),\n  ''table_2'' => \n  array (\n    0 => ''169'',\n    1 => ''199'',\n    2 => ''219'',\n    3 => ''219'',\n    4 => ''238'',\n    5 => ''239'',\n    6 => ''259'',\n  ),\n  ''table_3'' => \n  array (\n    0 => ''129'',\n    1 => ''168'',\n    2 => ''189'',\n    3 => ''189'',\n    4 => ''209'',\n    5 => ''209'',\n    6 => ''219'',\n  ),\n  ''title'' => '''',\n  ''keywords'' => '''',\n  ''description'' => '''',\n  ''defaultpic'' => ''uploadfile/2010/0428/20100428041518976.jpg'',\n  ''pricetable'' => \n  array (\n    0 => \n    array (\n      ''td1'' => ''经济房'',\n      ''td2'' => ''169'',\n      ''td3'' => ''129'',\n    ),\n    1 => \n    array (\n      ''td1'' => ''大床房'',\n      ''td2'' => ''199'',\n      ''td3'' => ''168'',\n    ),\n    2 => \n    array (\n      ''td1'' => ''商务大床房'',\n      ''td2'' => ''219'',\n      ''td3'' => ''189'',\n    ),\n    3 => \n    array (\n      ''td1'' => ''双床房'',\n      ''td2'' => ''219'',\n      ''td3'' => ''189'',\n    ),\n    4 => \n    array (\n      ''td1'' => ''家庭房'',\n      ''td2'' => ''238'',\n      ''td3'' => ''209'',\n    ),\n    5 => \n    array (\n      ''td1'' => ''三人房'',\n      ''td2'' => ''239'',\n      ''td3'' => ''209'',\n    ),\n    6 => \n    array (\n      ''td1'' => ''套房'',\n      ''td2'' => ''259'',\n      ''td3'' => ''219'',\n    ),\n  ),\n)', 999, 1, 'shop/shop.php?id=198', 934, '广交、亚运会等其它节日除外', '1', ''),
(199, 0, 280102, 1710, 0, '佳园连锁酒店', '流花店', '越秀区流花路109号', '', '', '020-26099633', '', '', '', '', '', 1272442315, 'default', '<p>&nbsp;&nbsp;&nbsp;&nbsp;&nbsp;&nbsp; 本店位于广州市越秀区站前横路与流花路的交界转角处，临近批发市场商务中心，商业气氛非常浓厚。酒店对着流花湖公园，靠近越秀公园、广州博物馆，景色怡人。交通四通八达，是商务、会展、休闲的理想之选。</p>', '1', '0', 12, '', 0, 0, 0, 0, 0, 0, 0, 0, 0, 0, 0, 0, 0, 1, '协议价', 'uploadfile/2010/0428/thumb_120_90_20100428041438443.jpg', '服务', 0, '23.140202137449293,113.25565338134765', 'array (\n  ''tabletitle'' => \n  array (\n    0 => ''房型'',\n    1 => ''门市价(元)'',\n    2 => ''协议价(元)'',\n  ),\n  ''table_1'' => \n  array (\n    0 => ''经济房'',\n    1 => ''大床房'',\n    2 => ''商务大床房'',\n    3 => ''双床房'',\n    4 => ''家庭房'',\n    5 => ''三人房'',\n    6 => ''套房'',\n  ),\n  ''table_2'' => \n  array (\n    0 => ''169'',\n    1 => ''199'',\n    2 => ''219'',\n    3 => ''219'',\n    4 => ''238'',\n    5 => ''239'',\n    6 => ''259'',\n  ),\n  ''table_3'' => \n  array (\n    0 => ''129'',\n    1 => ''168'',\n    2 => ''189'',\n    3 => ''189'',\n    4 => ''209'',\n    5 => ''209'',\n    6 => ''219'',\n  ),\n  ''title'' => '''',\n  ''keywords'' => '''',\n  ''description'' => '''',\n  ''defaultpic'' => ''uploadfile/2010/0428/20100428041438443.jpg'',\n  ''pricetable'' => \n  array (\n    0 => \n    array (\n      ''td1'' => ''经济房'',\n      ''td2'' => ''169'',\n      ''td3'' => ''129'',\n    ),\n    1 => \n    array (\n      ''td1'' => ''大床房'',\n      ''td2'' => ''199'',\n      ''td3'' => ''168'',\n    ),\n    2 => \n    array (\n      ''td1'' => ''商务大床房'',\n      ''td2'' => ''219'',\n      ''td3'' => ''189'',\n    ),\n    3 => \n    array (\n      ''td1'' => ''双床房'',\n      ''td2'' => ''219'',\n      ''td3'' => ''189'',\n    ),\n    4 => \n    array (\n      ''td1'' => ''家庭房'',\n      ''td2'' => ''238'',\n      ''td3'' => ''209'',\n    ),\n    5 => \n    array (\n      ''td1'' => ''三人房'',\n      ''td2'' => ''239'',\n      ''td3'' => ''209'',\n    ),\n    6 => \n    array (\n      ''td1'' => ''套房'',\n      ''td2'' => ''259'',\n      ''td3'' => ''219'',\n    ),\n  ),\n)', 999, 1, 'shop/shop.php?id=199', 933, '广交、亚运会等其它节日除外', '1', ''),
(200, 0, 280104, 1710, 0, '佳园连锁酒店', '岗顶', '天河区中山大道西18号', '', '', '020-38312833', '', '', '', '', '', 1272443544, 'default', '<p>&nbsp;&nbsp;&nbsp;&nbsp;&nbsp;&nbsp;\r\n<table cellspacing="0" cellpadding="5" width="100%" align="center" border="0">\r\n    <tbody>\r\n        <tr>\r\n            <td>广州岗顶店位于广州市天河区中山大道西18号，太平洋电脑城、天河娱乐广场、暨南大学、华南师范大学等近在咫尺。酒店距地铁3号线岗顶站（在建）2分钟路程，距广州琶洲国际会展中心仅十分钟的车程。距离广州火车东站只需8分钟的车程、广州火车站只需15分钟车程、机场只需30分钟车程，是商务、会展、学术交流的理想之选。</td>\r\n        </tr>\r\n    </tbody>\r\n</table>\r\n</p>', '1', '1', 20, '', 0, 3, 3, 3, 0, 0, 0, 0, 0, 65, 4, 1, 0, 1, '协议价', 'uploadfile/2010/0428/20100428043304582.jpg', '服务', 0, '23.13720294383875,113.34611892700195', 'array (\n  ''tabletitle'' => \n  array (\n    0 => ''房型'',\n    1 => ''门市价(元)'',\n    2 => ''协议价(元)'',\n  ),\n  ''table_1'' => \n  array (\n    0 => ''经济房'',\n    1 => ''大床房'',\n    2 => ''商务大床房'',\n    3 => ''双床房'',\n    4 => ''家庭房'',\n    5 => ''三人房'',\n    6 => ''套房'',\n    7 => '''',\n  ),\n  ''table_2'' => \n  array (\n    0 => ''169'',\n    1 => ''199'',\n    2 => ''219'',\n    3 => ''219'',\n    4 => ''238'',\n    5 => ''239'',\n    6 => ''259'',\n    7 => '''',\n  ),\n  ''table_3'' => \n  array (\n    0 => ''129'',\n    1 => ''168'',\n    2 => ''189'',\n    3 => ''189'',\n    4 => ''209'',\n    5 => ''209'',\n    6 => ''219'',\n    7 => '''',\n  ),\n  ''title'' => '''',\n  ''keywords'' => '''',\n  ''description'' => '''',\n  ''defaultpic'' => ''uploadfile/2010/0428/20100428043304789.jpg'',\n  ''pricetable'' => \n  array (\n    0 => \n    array (\n      ''td1'' => ''经济房'',\n      ''td2'' => ''169'',\n      ''td3'' => ''129'',\n    ),\n    1 => \n    array (\n      ''td1'' => ''大床房'',\n      ''td2'' => ''199'',\n      ''td3'' => ''168'',\n    ),\n    2 => \n    array (\n      ''td1'' => ''商务大床房'',\n      ''td2'' => ''219'',\n      ''td3'' => ''189'',\n    ),\n    3 => \n    array (\n      ''td1'' => ''双床房'',\n      ''td2'' => ''219'',\n      ''td3'' => ''189'',\n    ),\n    4 => \n    array (\n      ''td1'' => ''家庭房'',\n      ''td2'' => ''238'',\n      ''td3'' => ''209'',\n    ),\n    5 => \n    array (\n      ''td1'' => ''三人房'',\n      ''td2'' => ''239'',\n      ''td3'' => ''209'',\n    ),\n    6 => \n    array (\n      ''td1'' => ''套房'',\n      ''td2'' => ''259'',\n      ''td3'' => ''219'',\n    ),\n  ),\n)', 999, 1, 'shop/shop.php?id=200', 940, '广交、亚运会等其它节日除外', '1', ''),
(201, 0, 280102, 1710, 0, '佳园连锁酒店', '中山四路', '越秀区德政中路388号', '', '', '020-83274633', '', '', '', '', '', 1272443679, 'default', '<p>&nbsp;&nbsp;&nbsp;&nbsp;&nbsp;&nbsp; 中山四路店坐落于广州市越秀区德政中路，地处广州市经济、文化、商务中心，临近农讲、烈士陵园和广东省博物馆。周边交通四通八达，农讲所地铁站、多个公交站近在咫尺。周边政府机关及企事业单位林立。为商旅出行舒心之选。</p>', '1', '1', 5, '', 0, 0, 0, 0, 0, 0, 0, 0, 0, 0, 0, 0, 0, 1, '协议价', 'uploadfile/2010/0428/20100428043439128.jpg', '服务', 0, '23.140991387774853,113.25531005859375', 'array (\n  ''tabletitle'' => \n  array (\n    0 => ''客房类别'',\n    1 => ''门市价(元)'',\n    2 => ''协议价(元)'',\n  ),\n  ''table_1'' => \n  array (\n    0 => ''经济房'',\n    1 => ''大床房'',\n    2 => ''商务大床房'',\n    3 => ''双床房'',\n    4 => ''家庭房'',\n    5 => ''三人房'',\n    6 => ''套房'',\n  ),\n  ''table_2'' => \n  array (\n    0 => ''169'',\n    1 => ''199'',\n    2 => ''219'',\n    3 => ''219'',\n    4 => ''238'',\n    5 => ''239'',\n    6 => ''259'',\n  ),\n  ''table_3'' => \n  array (\n    0 => ''129'',\n    1 => ''168'',\n    2 => ''189'',\n    3 => ''189'',\n    4 => ''209'',\n    5 => ''209'',\n    6 => ''219'',\n  ),\n  ''title'' => '''',\n  ''keywords'' => '''',\n  ''description'' => '''',\n  ''defaultpic'' => ''uploadfile/2010/0428/20100428043439109.jpg'',\n  ''pricetable'' => \n  array (\n    0 => \n    array (\n      ''td1'' => ''经济房'',\n      ''td2'' => ''169'',\n      ''td3'' => ''129'',\n    ),\n    1 => \n    array (\n      ''td1'' => ''大床房'',\n      ''td2'' => ''199'',\n      ''td3'' => ''168'',\n    ),\n    2 => \n    array (\n      ''td1'' => ''商务大床房'',\n      ''td2'' => ''219'',\n      ''td3'' => ''189'',\n    ),\n    3 => \n    array (\n      ''td1'' => ''双床房'',\n      ''td2'' => ''219'',\n      ''td3'' => ''189'',\n    ),\n    4 => \n    array (\n      ''td1'' => ''家庭房'',\n      ''td2'' => ''238'',\n      ''td3'' => ''209'',\n    ),\n    5 => \n    array (\n      ''td1'' => ''三人房'',\n      ''td2'' => ''239'',\n      ''td3'' => ''209'',\n    ),\n    6 => \n    array (\n      ''td1'' => ''套房'',\n      ''td2'' => ''259'',\n      ''td3'' => ''219'',\n    ),\n  ),\n)', 999, 1, 'shop/shop.php?id=201', 942, '广交、亚运会等其它节日除外', '0', ''),
(202, 0, 280108, 1710, 0, '佳园连锁酒店', '火车北站', '花都区站前路27号', '', '', '020-86815788', '', '', '', '', '', 1272443769, 'default', '<p>&nbsp;&nbsp;&nbsp;&nbsp;&nbsp;&nbsp; 本店位于新华街的最繁华路段，正处于花都区的黄金交汇点。生活配套设施齐全；离花都步行街只有二百米；酒吧，夜总会非常密集；车站客运站近在咫尺，商业气氛异常浓厚。</p>', '1', '0', 12, '', 0, 0, 0, 0, 0, 0, 0, 0, 0, 0, 0, 0, 0, 1, '协议价', 'uploadfile/2010/0428/20100428043609160.jpg', '服务', 0, '23.381022637597606,113.20415496826172', 'array (\n  ''tabletitle'' => \n  array (\n    0 => ''客房类别'',\n    1 => ''门市价(元)'',\n    2 => ''协议价(元)'',\n  ),\n  ''table_1'' => \n  array (\n    0 => ''经济房'',\n    1 => ''大床房'',\n    2 => ''双床房'',\n    3 => ''家庭房'',\n    4 => ''套房'',\n  ),\n  ''table_2'' => \n  array (\n    0 => ''139'',\n    1 => ''159'',\n    2 => ''179'',\n    3 => ''199'',\n    4 => ''219'',\n  ),\n  ''table_3'' => \n  array (\n    0 => ''139'',\n    1 => ''119'',\n    2 => ''139'',\n    3 => ''159'',\n    4 => ''179'',\n  ),\n  ''title'' => '''',\n  ''keywords'' => '''',\n  ''description'' => '''',\n  ''defaultpic'' => ''uploadfile/2010/0428/20100428043609315.jpg'',\n  ''pricetable'' => \n  array (\n    0 => \n    array (\n      ''td1'' => ''经济房'',\n      ''td2'' => ''139'',\n      ''td3'' => ''139'',\n    ),\n    1 => \n    array (\n      ''td1'' => ''大床房'',\n      ''td2'' => ''159'',\n      ''td3'' => ''119'',\n    ),\n    2 => \n    array (\n      ''td1'' => ''双床房'',\n      ''td2'' => ''179'',\n      ''td3'' => ''139'',\n    ),\n    3 => \n    array (\n      ''td1'' => ''家庭房'',\n      ''td2'' => ''199'',\n      ''td3'' => ''159'',\n    ),\n    4 => \n    array (\n      ''td1'' => ''套房'',\n      ''td2'' => ''219'',\n      ''td3'' => ''179'',\n    ),\n  ),\n)', 999, 1, 'shop/shop.php?id=202', 944, '广交、亚运会等其它节日除外', '1', ''),
(205, 0, 280102, 1704, 0, '汉庭快捷酒店', '流花展馆店', '越秀区解放北路783号（近东风中路） ', 'http://www.htinns.com', '', '020-83517111', '4008-121-121', '', '', '', '', 1272936088, 'default', '<p>汉庭快捷广州流花展馆店位于广州最中心的行政商务区，解放北路与东风中路交叉口。南近中山路商业圈，北临广州火车站、流花会展中心。毗邻著名的广州白马服装批发交易市场及其他各类大型批发交易市场；附近交通极为便，行至流花会展中心、广州火车站及汽车客运站仅几分钟路程，地铁2号线纪念堂站近在咫尺。周边餐饮、娱乐、银行、医疗设施齐备，酒店依邻盘福路美食街和应元路休闲集散地，附近中山纪念堂、越秀公园、六榕寺、陈家祠、光孝寺等著名景点，是您忙碌之余休闲娱乐的好去处。</p>', '1', '0', 6, '', 0, 0, 0, 0, 0, 0, 0, 0, 0, 0, 0, 0, 0, 2, '今日门市价8.8折', 'uploadfile/2010/0504/20100504092214631.jpg', '服务', 0, '23.13262509793696,113.26148986816406', 'array (\n  ''title'' => '''',\n  ''keywords'' => '''',\n  ''description'' => '''',\n  ''defaultpic'' => ''uploadfile/2010/0504/20100504092147408.jpg'',\n)', 999, 1, 'shop/shop.php?id=205', 0, '广交、亚运会等其它节日除外', '0', ''),
(206, 0, 280102, 1704, 0, '汉庭快捷酒店', '江湾', '广州市越秀区八旗二马路42号（航运大厦旁，近北京路和天字码头） ', 'http://www.htinns.com', '', '020-83370999 ', '4008-121-121', '', '', '', '', 1272936282, 'default', '<div class="item_cont">&nbsp; 汉庭快捷广州江湾店，位于广州市越秀区八旗二马路42 号，航运大厦隔壁。座落在秀丽的珠江河畔，毗邻繁华的商业区，与著名的商业街---北京路步行街仅一路之隔。近在咫尺的越秀南汽车站，有多条班车通往省内外并开辟了珠海、澳门的专线大吧。酒店周围有天字码头、海珠广场、精品城等批发市场。附近还有广东省博物馆、白云楼鲁迅故居等景点以 及沿江中路酒吧一条街等。</div>', '1', '0', 10, '', 0, 0, 0, 0, 0, 0, 0, 0, 0, 0, 0, 0, 0, 1, '今日门市价8.8折', 'uploadfile/2010/0504/20100504092812883.jpg', '服务', 0, '23.114509503042512,113.27144622802734', 'array (\n  ''title'' => '''',\n  ''keywords'' => '''',\n  ''description'' => '''',\n  ''defaultpic'' => ''uploadfile/2010/0504/20100504094142327.jpg'',\n)', 999, 1, 'shop/shop.php?id=206', 0, '广交、亚运会等其它节日除外', '1', ''),
(207, 0, 280102, 1704, 0, '汉庭快捷酒店', '中山一路', '广州市越秀区八旗二马路42号', 'http://www.htinns.com', '', '020-87679088 ', '4008-121-121', '', '', '', '', 1272936378, 'default', '<div class="item_cont">&nbsp;&nbsp; 汉庭快捷酒店广州中山一路店拥有精心设计的商务客房，并具有庭院式免费的停车位，以现代、舒适、超值为特点，位于市区繁华地带，距离火车东站仅3公里。地铁一号线杨箕站D出口近在咫尺，去往琶洲展馆极为方便，交通极为便利。周边配套齐全，有农林下路购物商业街、王府井百货和老马家餐馆、观景庭酒楼、富临饭店、老班长等，为您提供各式湘菜、粤菜、日本料理等多种选择，附近的中华广场、流行前线、老鼠街、动物园、烈士陵园、健康人休闲中心、大上海夜总会、金夜倾城更是您忙碌之余的好去处。</div>', '1', '0', 9, '', 0, 0, 0, 0, 0, 0, 0, 0, 0, 0, 0, 0, 0, 6, '今日门市价8.8折', 'uploadfile/2010/0504/20100504092752735.jpg', '服务', 0, '23.13262509793696,113.26148986816406', 'array (\n  ''title'' => '''',\n  ''keywords'' => '''',\n  ''description'' => '''',\n  ''defaultpic'' => ''uploadfile/2010/0504/20100504092702337.jpg'',\n)', 999, 1, 'shop/shop.php?id=207', 0, '广交、亚运会等其它节日除外', '1', ''),
(208, 0, 280102, 1704, 0, '汉庭快捷酒店', '海珠北路', '广州市越秀区海珠北路228号 ', 'http://www.htinns.com', '', '020-83353000 ', '4008-121-121', '', '', '', '', 1272936616, 'default', '<div class="item_cont">&nbsp;&nbsp;&nbsp; 汉庭海珠北路店位于著名景点广州光孝寺、广州六榕寺旁,东临解放北路 南近中山六路 西靠人民北路 毗邻东风西路；地铁1、2号线站点近在咫尺 距离上下九,北京路步行街 十三行,一德路,大都市等批发市场均几分钟车程 周围环境绿树成荫,名副其实的闹中取静</div>', '1', '0', 8, '', 0, 0, 0, 0, 0, 0, 0, 0, 0, 0, 0, 0, 0, 5, '今日门市价8.8折', 'uploadfile/2010/0504/20100504093016802.jpg', '服务', 0, '23.12962573485859,113.25822830200195', 'array (\n  ''title'' => '''',\n  ''keywords'' => '''',\n  ''description'' => '''',\n  ''defaultpic'' => ''uploadfile/2010/0504/20100504093130872.jpg'',\n)', 999, 1, 'shop/shop.php?id=208', 0, '广交、亚运会等其它节日除外', '1', ''),
(209, 0, 280104, 1704, 0, '汉庭快捷酒店', '岗顶', '广州市天河区龙口西路138号（西北角顺盛大厦） ', 'http://www.htinns.com', '', '020-28090066 ', '4008-121-121', '', '', '', '', 1272936791, 'default', '<p>&nbsp;&nbsp; 汉庭快捷广州天河岗顶店位于广州市核心商务区&mdash;&mdash;天河区 (CBD)，靠近地铁岗顶站A出口，距离机场大巴2号线广运楼只需3分钟车程（出租车起步价即到）距离火车东站仅2公里，乘地铁到琶洲会展中心也仅10分钟，交通极为便利。电脑城、天娱广场、摩登百、正佳广场、天河城等购物中心和华南师范大学、暨南大学近在咫尺，周边餐饮、娱乐等配套设施齐全。酒店拥有精心设计的各类商务客房共147间，房间提供优质的床上用品、免费宽带上网、豪华淋浴设备、舒适办公桌椅、丰富的电视节目等。酒店还专设优雅的商务空间，让您充分感受汉庭酒店的优质服务和品味，即使出差在外也有回家的感觉，是您商务、会议、旅行的首选。</p>', '1', '1', 6, '', 0, 0, 0, 0, 0, 0, 0, 0, 0, 0, 0, 0, 0, 1, '今日门市价8.8折', 'uploadfile/2010/0504/20100504093311636.jpg', '服务', 0, '23.138465770378175,113.33719253540039', 'array (\n  ''title'' => '''',\n  ''keywords'' => '''',\n  ''description'' => '''',\n  ''defaultpic'' => ''uploadfile/2010/0504/20100504093311980.jpg'',\n)', 999, 1, 'shop/shop.php?id=209', 968, '广交、亚运会等其它节日除外', '1', ''),
(210, 0, 280102, 1704, 0, '汉庭快捷酒店', '中山二路', '广州市越秀区东华北路50号（近地铁一号线东山口站A出口）', 'http://www.htinns.com', '', '020-83353000 ', '4008-121-121', '', '', '', '', 1272936883, 'default', '<div class="item_cont">&nbsp;&nbsp;&nbsp; 汉庭快捷酒店广州中山二路店拥有精心设计的商务客房，以现代、舒适、超值为特点，位于广州市著名的东山口，临近地铁一号线，距离火车东站仅3公里，去往琶洲展馆极为方便，交通极为便利。周边配套齐全，有农林下路购物商业街、淘宝街、王府井百货等，为您提供各式湘菜、粤菜、西餐等多种选择，附近的中华广场、流行前线、老鼠街、动物园、烈士陵园、东山湖公园更是您忙碌之余的好去处。酒店拥有商务客房98间，提供优质的床上用品、免费宽带上网、豪华淋浴设备、舒适办公桌椅、丰富的电视节目等。住店客人还可享受优雅商务会所，无线网络畅游、休闲随心阅读等贴心服务，即使出差在外也有回家的感觉</div>', '1', '0', 6, '', 0, 0, 0, 0, 0, 0, 0, 0, 0, 0, 0, 0, 0, 3, '今日门市价8.8折', 'uploadfile/2010/0504/20100504093443460.jpg', '服务', 0, '23.120942989999765,113.29513549804687', 'array (\n  ''title'' => '''',\n  ''keywords'' => '''',\n  ''description'' => '''',\n  ''defaultpic'' => '''',\n)', 999, 1, 'shop/shop.php?id=210', 0, '广交、亚运会等其它节日除外', '1', ''),
(211, 0, 280104, 1704, 0, '永丰酒店', '', '天河区石牌东路33号', '', '', '020-83493336', '', '', '', '', '', 1272939371, 'default', '<p><strong>&nbsp;&nbsp;&nbsp; 广州永丰酒店</strong>位于广州市天河区石牌东路33号，太平洋电脑城、天河娱乐广场、摩登百货天下大厦、暨南大学、华南师范大学等近在咫尺。酒店距地铁3号线岗顶站只需2分钟路程，距广州琶洲国际会展中心仅10分钟的车程，距离广州火车东站只需8分钟的车程，广州火车站仅需15分钟车程，机场仅需30分钟。永丰酒店设有电梯、电话、电视、分体空调、24小时中央系统冷、热水供应免费宽带上网、国内外长途电话、大堂设有商务服务（复印、传真）价格合理、服务周到、交通方便。</p>\r\n<p><strong>&nbsp;</strong></p>', '1', '0', 16, '', 0, 0, 0, 0, 0, 0, 0, 0, 0, 0, 0, 0, 0, 5, '协议价', 'uploadfile/2010/0504/20100504123046491.jpg', '服务', 0, '23.13475618357401,113.34320068359375', 'array (\n  ''tabletitle'' => \n  array (\n    0 => ''房间类型'',\n    1 => ''门市价(元)'',\n    2 => ''协议价(元)'',\n  ),\n  ''table_1'' => \n  array (\n    0 => ''三人房'',\n    1 => ''双子房'',\n    2 => ''子母房'',\n    3 => ''大床房'',\n    4 => ''单人房'',\n  ),\n  ''table_2'' => \n  array (\n    0 => ''248'',\n    1 => ''208'',\n    2 => ''208'',\n    3 => ''198'',\n    4 => ''188'',\n  ),\n  ''table_3'' => \n  array (\n    0 => ''180'',\n    1 => ''160'',\n    2 => ''160'',\n    3 => ''150'',\n    4 => ''138'',\n  ),\n  ''title'' => '''',\n  ''keywords'' => '''',\n  ''description'' => '''',\n  ''defaultpic'' => ''uploadfile/2010/0504/20100504123143813.jpg'',\n  ''pricetable'' => \n  array (\n    0 => \n    array (\n      ''td1'' => ''三人房'',\n      ''td2'' => ''248'',\n      ''td3'' => ''180'',\n    ),\n    1 => \n    array (\n      ''td1'' => ''双子房'',\n      ''td2'' => ''208'',\n      ''td3'' => ''160'',\n    ),\n    2 => \n    array (\n      ''td1'' => ''子母房'',\n      ''td2'' => ''208'',\n      ''td3'' => ''160'',\n    ),\n    3 => \n    array (\n      ''td1'' => ''大床房'',\n      ''td2'' => ''198'',\n      ''td3'' => ''150'',\n    ),\n    4 => \n    array (\n      ''td1'' => ''单人房'',\n      ''td2'' => ''188'',\n      ''td3'' => ''138'',\n    ),\n  ),\n)', 999, 1, 'shop/shop.php?id=211', 0, '广交、亚运会等其它节日除外', '1', ''),
(212, 0, 260603, 2307, 0, '鄂州市人和不动产有限公司', '', '鄂州市吴都古肆意佳福小区特1号', '', '', '07113240999', '', '13035183590', '', '', '8:00--19:30', 1272971389, 'default', '', '1', '1', 7, '', 0, 0, 0, 0, 0, 0, 0, 0, 0, 0, 0, 0, 0, 1, '', 'uploadfile/2010/0504/20100504070949864.jpg', '房屋交易服务', 11, '30.40268530241861,114.8939573764801', 'array (\n  ''defaultpic'' => ''uploadfile/2010/0504/20100504070949611.jpg'',\n)', 999, 0, 'shop/shop.php?id=212', 981, '', '1', '经营范围\r\n房产中介:(住房贷款 房屋租赁 房产评估 代办证件)\r\n房产营销策划全程代理'),
(213, 0, 280104, 1704, 0, '钧程宾馆', '', '天河区石牌东路中段(美华百货对面)', '', '', '020-38908962', '020-38908476', '', '', '', '', 1273024178, 'default', '', '1', '0', 24, '', 0, 5, 5, 5, 0, 0, 0, 0, 0, 5555, 4, 1, 0, 3, '协议价', 'uploadfile/2010/0505/20100505095055664.jpg', '服务', 0, '23.185813175302915,113.17703247070312', 'array (\n  ''tabletitle'' => \n  array (\n    0 => ''房型'',\n    1 => ''门市价(元)'',\n    2 => ''协议价(元)'',\n  ),\n  ''table_1'' => \n  array (\n    0 => ''标准单人房'',\n    1 => ''标准双人房'',\n    2 => ''豪华单人房'',\n    3 => ''豪华双人房'',\n    4 => ''豪华三人房'',\n    5 => ''商务套房'',\n  ),\n  ''table_2'' => \n  array (\n    0 => ''138'',\n    1 => ''198'',\n    2 => ''168'',\n    3 => ''208'',\n    4 => ''238'',\n    5 => ''258'',\n  ),\n  ''table_3'' => \n  array (\n    0 => ''120'',\n    1 => ''168'',\n    2 => ''138'',\n    3 => ''168'',\n    4 => ''188'',\n    5 => ''188'',\n  ),\n  ''title'' => '''',\n  ''keywords'' => '''',\n  ''description'' => '''',\n  ''defaultpic'' => ''uploadfile/2010/0505/20100505095141605.jpg'',\n  ''pricetable'' => \n  array (\n    0 => \n    array (\n      ''td1'' => ''标准单人房'',\n      ''td2'' => ''138'',\n      ''td3'' => ''120'',\n    ),\n    1 => \n    array (\n      ''td1'' => ''标准双人房'',\n      ''td2'' => ''198'',\n      ''td3'' => ''168'',\n    ),\n    2 => \n    array (\n      ''td1'' => ''豪华单人房'',\n      ''td2'' => ''168'',\n      ''td3'' => ''138'',\n    ),\n    3 => \n    array (\n      ''td1'' => ''豪华双人房'',\n      ''td2'' => ''208'',\n      ''td3'' => ''168'',\n    ),\n    4 => \n    array (\n      ''td1'' => ''豪华三人房'',\n      ''td2'' => ''238'',\n      ''td3'' => ''188'',\n    ),\n    5 => \n    array (\n      ''td1'' => ''商务套房'',\n      ''td2'' => ''258'',\n      ''td3'' => ''188'',\n    ),\n  ),\n)', 999, 1, 'shop/shop.php?id=213', 0, '广交、亚运会等其它节日除外', '1', '  \r\n');

-- --------------------------------------------------------

--
-- 表的结构 `dc_shop_apply`
--

DROP TABLE IF EXISTS `dc_shop_apply`;
CREATE TABLE IF NOT EXISTS `dc_shop_apply` (
  `applyid` mediumint(8) unsigned NOT NULL AUTO_INCREMENT,
  `shopid` mediumint(8) unsigned NOT NULL DEFAULT '0',
  `userid` mediumint(8) unsigned NOT NULL DEFAULT '0',
  `username` varchar(20) NOT NULL DEFAULT '',
  `realname` varchar(20) NOT NULL,
  `status` tinyint(1) unsigned NOT NULL DEFAULT '0',
  `contact` varchar(255) NOT NULL DEFAULT '',
  `shopdomain` varchar(50) NOT NULL,
  `pic` varchar(255) NOT NULL DEFAULT '',
  `content` mediumtext NOT NULL,
  `inputtime` int(10) unsigned NOT NULL DEFAULT '0',
  `returned` text NOT NULL,
  `dotime` int(10) NOT NULL,
  `opendomain` int(1) NOT NULL,
  PRIMARY KEY (`applyid`)
) ENGINE=MyISAM DEFAULT CHARSET=utf8;

--
-- 导出表中的数据 `dc_shop_apply`
--


-- --------------------------------------------------------

--
-- 表的结构 `dc_shop_up`
--

DROP TABLE IF EXISTS `dc_shop_up`;
CREATE TABLE IF NOT EXISTS `dc_shop_up` (
  `upid` mediumint(8) unsigned NOT NULL AUTO_INCREMENT,
  `shopid` mediumint(8) unsigned NOT NULL DEFAULT '0',
  `userid` mediumint(8) unsigned NOT NULL DEFAULT '0',
  `username` varchar(16) NOT NULL DEFAULT '',
  `email` varchar(60) NOT NULL DEFAULT '',
  `upcontent` mediumtext NOT NULL,
  `upmappoint` mediumtext NOT NULL,
  `inputtime` int(10) NOT NULL DEFAULT '0',
  `upremark` mediumtext NOT NULL,
  `dotime` int(10) NOT NULL DEFAULT '0',
  PRIMARY KEY (`upid`),
  KEY `shopid` (`shopid`,`inputtime`),
  KEY `userid` (`userid`,`username`,`email`,`inputtime`)
) ENGINE=MyISAM DEFAULT CHARSET=utf8;

--
-- 导出表中的数据 `dc_shop_up`
--


-- --------------------------------------------------------

--
-- 表的结构 `dc_tags`
--

DROP TABLE IF EXISTS `dc_tags`;
CREATE TABLE IF NOT EXISTS `dc_tags` (
  `tagid` smallint(5) unsigned NOT NULL AUTO_INCREMENT,
  `tag` char(20) NOT NULL,
  `style` char(5) NOT NULL,
  `usetimes` smallint(5) unsigned NOT NULL DEFAULT '0',
  `lastusetime` int(10) unsigned NOT NULL DEFAULT '0',
  `hits` mediumint(8) unsigned NOT NULL DEFAULT '0',
  `lasthittime` int(10) unsigned NOT NULL DEFAULT '0',
  `total` int(10) unsigned NOT NULL DEFAULT '0',
  `listorder` smallint(5) unsigned NOT NULL DEFAULT '999',
  `contentid` mediumint(8) NOT NULL,
  `shopid` int(10) NOT NULL,
  `module` varchar(20) NOT NULL,
  `tagtype` varchar(20) NOT NULL COMMENT 'tag???? shop product suitplace',
  `reviewid` int(10) NOT NULL,
  PRIMARY KEY (`tagid`),
  UNIQUE KEY `tag` (`tag`),
  KEY `usetimes` (`usetimes`,`listorder`),
  KEY `hits` (`hits`,`listorder`)
) ENGINE=MyISAM  DEFAULT CHARSET=utf8;

--
-- 导出表中的数据 `dc_tags`
--

INSERT INTO `dc_tags` (`tagid`, `tag`, `style`, `usetimes`, `lastusetime`, `hits`, `lasthittime`, `total`, `listorder`, `contentid`, `shopid`, `module`, `tagtype`, `reviewid`) VALUES
(6, '消费联盟', '', 0, 0, 0, 0, 0, 999, 3, 0, '', '', 0),
(5, '乐购乐', '', 0, 0, 0, 0, 0, 999, 3, 0, '', '', 0),
(7, 'sdfsf', '', 1, 1268363842, 0, 0, 0, 999, 0, 15, 'shop', 'suitplace', 0),
(8, 'sff', '', 1, 1268363842, 0, 0, 0, 999, 0, 15, 'shop', 'suitplace', 0),
(9, '的师傅说的', '', 1, 1271040145, 0, 0, 0, 999, 0, 78, 'shop', 'suitplace', 0),
(10, '吃吃', '', 1, 1271040145, 0, 0, 0, 999, 0, 78, 'shop', 'suitplace', 0),
(11, '5432', '', 0, 0, 0, 0, 0, 0, 0, 0, '', '', 0);

-- --------------------------------------------------------

--
-- 表的结构 `dc_type`
--

DROP TABLE IF EXISTS `dc_type`;
CREATE TABLE IF NOT EXISTS `dc_type` (
  `typeid` smallint(5) unsigned NOT NULL AUTO_INCREMENT,
  `module` char(15) NOT NULL DEFAULT 'dc',
  `modelid` tinyint(3) unsigned NOT NULL DEFAULT '0',
  `name` char(30) NOT NULL,
  `style` char(5) NOT NULL,
  `typedir` char(20) NOT NULL,
  `description` char(255) NOT NULL,
  `thumb` char(100) NOT NULL,
  `url` char(100) NOT NULL,
  `template` char(50) NOT NULL,
  `listorder` smallint(5) unsigned NOT NULL DEFAULT '999',
  PRIMARY KEY (`typeid`),
  KEY `module` (`module`,`listorder`)
) ENGINE=MyISAM DEFAULT CHARSET=utf8;

--
-- 导出表中的数据 `dc_type`
--

